/*
SQLyog Ultimate v11.11 (64 bit)
MySQL - 5.5.5-10.1.36-MariaDB : Database - cfsm
*********************************************************************
*/

/*!40101 SET NAMES utf8 */;

/*!40101 SET SQL_MODE=''*/;

/*!40014 SET @OLD_UNIQUE_CHECKS=@@UNIQUE_CHECKS, UNIQUE_CHECKS=0 */;
/*!40014 SET @OLD_FOREIGN_KEY_CHECKS=@@FOREIGN_KEY_CHECKS, FOREIGN_KEY_CHECKS=0 */;
/*!40101 SET @OLD_SQL_MODE=@@SQL_MODE, SQL_MODE='NO_AUTO_VALUE_ON_ZERO' */;
/*!40111 SET @OLD_SQL_NOTES=@@SQL_NOTES, SQL_NOTES=0 */;
/*Table structure for table `apariencia` */

DROP TABLE IF EXISTS `apariencia`;

CREATE TABLE `apariencia` (
  `apariencia_id` int(11) NOT NULL AUTO_INCREMENT,
  `apariencia_nombre` varchar(255) DEFAULT NULL,
  `apariencia_descripcion` varchar(500) DEFAULT NULL,
  `nota_id` int(10) DEFAULT NULL,
  PRIMARY KEY (`apariencia_id`)
) ENGINE=InnoDB AUTO_INCREMENT=5 DEFAULT CHARSET=latin1;

/*Data for the table `apariencia` */

insert  into `apariencia`(`apariencia_id`,`apariencia_nombre`,`apariencia_descripcion`,`nota_id`) values (1,'Exelente',NULL,1),(2,'Buena',NULL,2),(3,'Regular','C',3),(4,'Mala','O',4);

/*Table structure for table `calibre` */

DROP TABLE IF EXISTS `calibre`;

CREATE TABLE `calibre` (
  `calibre_id` int(10) NOT NULL AUTO_INCREMENT,
  `calibre_nombre` varchar(10) DEFAULT NULL,
  `especie_id` int(10) DEFAULT NULL,
  PRIMARY KEY (`calibre_id`),
  KEY `especie_id` (`especie_id`),
  CONSTRAINT `calibre_ibfk_1` FOREIGN KEY (`especie_id`) REFERENCES `especie` (`especie_id`)
) ENGINE=InnoDB AUTO_INCREMENT=14 DEFAULT CHARSET=latin1;

/*Data for the table `calibre` */

insert  into `calibre`(`calibre_id`,`calibre_nombre`,`especie_id`) values (1,'600',1),(2,'700',1),(3,'900',1),(4,'990',1),(5,'660',1),(6,'770',1),(7,'880',1),(8,'980',1),(9,'M',1),(10,'L',1),(11,'XL',1),(12,'XXL',1),(13,'XXXL',1);

/*Table structure for table `categoria` */

DROP TABLE IF EXISTS `categoria`;

CREATE TABLE `categoria` (
  `categoria_id` int(10) NOT NULL AUTO_INCREMENT,
  `categoria_nombre` varchar(50) DEFAULT NULL,
  PRIMARY KEY (`categoria_id`)
) ENGINE=InnoDB AUTO_INCREMENT=3 DEFAULT CHARSET=latin1;

/*Data for the table `categoria` */

insert  into `categoria`(`categoria_id`,`categoria_nombre`) values (1,'Premium'),(2,'Standard');

/*Table structure for table `comunas` */

DROP TABLE IF EXISTS `comunas`;

CREATE TABLE `comunas` (
  `comuna_id` int(11) NOT NULL AUTO_INCREMENT,
  `comuna_nombre` varchar(64) NOT NULL,
  `provincia_id` int(11) NOT NULL,
  PRIMARY KEY (`comuna_id`),
  KEY `provincia_id` (`provincia_id`),
  CONSTRAINT `comunas_ibfk_1` FOREIGN KEY (`provincia_id`) REFERENCES `provincias` (`provincia_id`)
) ENGINE=InnoDB AUTO_INCREMENT=346 DEFAULT CHARSET=utf8;

/*Data for the table `comunas` */

insert  into `comunas`(`comuna_id`,`comuna_nombre`,`provincia_id`) values (1,'Arica',1),(2,'Camarones',1),(3,'General Lagos',2),(4,'Putre',2),(5,'Alto Hospicio',3),(6,'Iquique',3),(7,'Camiña',4),(8,'Colchane',4),(9,'Huara',4),(10,'Pica',4),(11,'Pozo Almonte',4),(12,'Antofagasta',5),(13,'Mejillones',5),(14,'Sierra Gorda',5),(15,'Taltal',5),(16,'Calama',6),(17,'Ollague',6),(18,'San Pedro de Atacama',6),(19,'María Elena',7),(20,'Tocopilla',7),(21,'Chañaral',8),(22,'Diego de Almagro',8),(23,'Caldera',9),(24,'Copiapó',9),(25,'Tierra Amarilla',9),(26,'Alto del Carmen',10),(27,'Freirina',10),(28,'Huasco',10),(29,'Vallenar',10),(30,'Canela',11),(31,'Illapel',11),(32,'Los Vilos',11),(33,'Salamanca',11),(34,'Andacollo',12),(35,'Coquimbo',12),(36,'La Higuera',12),(37,'La Serena',12),(38,'Paihuaco',12),(39,'Vicuña',12),(40,'Combarbalá',13),(41,'Monte Patria',13),(42,'Ovalle',13),(43,'Punitaqui',13),(44,'Río Hurtado',13),(45,'Isla de Pascua',14),(46,'Calle Larga',15),(47,'Los Andes',15),(48,'Rinconada',15),(49,'San Esteban',15),(50,'La Ligua',16),(51,'Papudo',16),(52,'Petorca',16),(53,'Zapallar',16),(54,'Hijuelas',17),(55,'La Calera',17),(56,'La Cruz',17),(57,'Limache',17),(58,'Nogales',17),(59,'Olmué',17),(60,'Quillota',17),(61,'Algarrobo',18),(62,'Cartagena',18),(63,'El Quisco',18),(64,'El Tabo',18),(65,'San Antonio',18),(66,'Santo Domingo',18),(67,'Catemu',19),(68,'Llaillay',19),(69,'Panquehue',19),(70,'Putaendo',19),(71,'San Felipe',19),(72,'Santa María',19),(73,'Casablanca',20),(74,'Concón',20),(75,'Juan Fernández',20),(76,'Puchuncaví',20),(77,'Quilpué',20),(78,'Quintero',20),(79,'Valparaíso',20),(80,'Villa Alemana',20),(81,'Viña del Mar',20),(82,'Colina',21),(83,'Lampa',21),(84,'Tiltil',21),(85,'Pirque',22),(86,'Puente Alto',22),(87,'San José de Maipo',22),(88,'Buin',23),(89,'Calera de Tango',23),(90,'Paine',23),(91,'San Bernardo',23),(92,'Alhué',24),(93,'Curacaví',24),(94,'María Pinto',24),(95,'Melipilla',24),(96,'San Pedro',24),(97,'Cerrillos',25),(98,'Cerro Navia',25),(99,'Conchalí',25),(100,'El Bosque',25),(101,'Estación Central',25),(102,'Huechuraba',25),(103,'Independencia',25),(104,'La Cisterna',25),(105,'La Granja',25),(106,'La Florida',25),(107,'La Pintana',25),(108,'La Reina',25),(109,'Las Condes',25),(110,'Lo Barnechea',25),(111,'Lo Espejo',25),(112,'Lo Prado',25),(113,'Macul',25),(114,'Maipú',25),(115,'Ñuñoa',25),(116,'Pedro Aguirre Cerda',25),(117,'Peñalolén',25),(118,'Providencia',25),(119,'Pudahuel',25),(120,'Quilicura',25),(121,'Quinta Normal',25),(122,'Recoleta',25),(123,'Renca',25),(124,'San Miguel',25),(125,'San Joaquín',25),(126,'San Ramón',25),(127,'Santiago',25),(128,'Vitacura',25),(129,'El Monte',26),(130,'Isla de Maipo',26),(131,'Padre Hurtado',26),(132,'Peñaflor',26),(133,'Talagante',26),(134,'Codegua',27),(135,'Coínco',27),(136,'Coltauco',27),(137,'Doñihue',27),(138,'Graneros',27),(139,'Las Cabras',27),(140,'Machalí',27),(141,'Malloa',27),(142,'Mostazal',27),(143,'Olivar',27),(144,'Peumo',27),(145,'Pichidegua',27),(146,'Quinta de Tilcoco',27),(147,'Rancagua',27),(148,'Rengo',27),(149,'Requínoa',27),(150,'San Vicente de Tagua Tagua',27),(151,'La Estrella',28),(152,'Litueche',28),(153,'Marchihue',28),(154,'Navidad',28),(155,'Peredones',28),(156,'Pichilemu',28),(157,'Chépica',29),(158,'Chimbarongo',29),(159,'Lolol',29),(160,'Nancagua',29),(161,'Palmilla',29),(162,'Peralillo',29),(163,'Placilla',29),(164,'Pumanque',29),(165,'San Fernando',29),(166,'Santa Cruz',29),(167,'Cauquenes',30),(168,'Chanco',30),(169,'Pelluhue',30),(170,'Curicó',31),(171,'Hualañé',31),(172,'Licantén',31),(173,'Molina',31),(174,'Rauco',31),(175,'Romeral',31),(176,'Sagrada Familia',31),(177,'Teno',31),(178,'Vichuquén',31),(179,'Colbún',32),(180,'Linares',32),(181,'Longaví',32),(182,'Parral',32),(183,'Retiro',32),(184,'San Javier',32),(185,'Villa Alegre',32),(186,'Yerbas Buenas',32),(187,'Constitución',33),(188,'Curepto',33),(189,'Empedrado',33),(190,'Maule',33),(191,'Pelarco',33),(192,'Pencahue',33),(193,'Río Claro',33),(194,'San Clemente',33),(195,'San Rafael',33),(196,'Talca',33),(197,'Arauco',34),(198,'Cañete',34),(199,'Contulmo',34),(200,'Curanilahue',34),(201,'Lebu',34),(202,'Los Álamos',34),(203,'Tirúa',34),(204,'Alto Biobío',35),(205,'Antuco',35),(206,'Cabrero',35),(207,'Laja',35),(208,'Los Ángeles',35),(209,'Mulchén',35),(210,'Nacimiento',35),(211,'Negrete',35),(212,'Quilaco',35),(213,'Quilleco',35),(214,'San Rosendo',35),(215,'Santa Bárbara',35),(216,'Tucapel',35),(217,'Yumbel',35),(218,'Chiguayante',36),(219,'Concepción',36),(220,'Coronel',36),(221,'Florida',36),(222,'Hualpén',36),(223,'Hualqui',36),(224,'Lota',36),(225,'Penco',36),(226,'San Pedro de La Paz',36),(227,'Santa Juana',36),(228,'Talcahuano',36),(229,'Tomé',36),(230,'Bulnes',37),(231,'Chillán',37),(232,'Chillán Viejo',37),(233,'Cobquecura',37),(234,'Coelemu',37),(235,'Coihueco',37),(236,'El Carmen',37),(237,'Ninhue',37),(238,'Ñiquen',37),(239,'Pemuco',37),(240,'Pinto',37),(241,'Portezuelo',37),(242,'Quillón',37),(243,'Quirihue',37),(244,'Ránquil',37),(245,'San Carlos',37),(246,'San Fabián',37),(247,'San Ignacio',37),(248,'San Nicolás',37),(249,'Treguaco',37),(250,'Yungay',37),(251,'Carahue',38),(252,'Cholchol',38),(253,'Cunco',38),(254,'Curarrehue',38),(255,'Freire',38),(256,'Galvarino',38),(257,'Gorbea',38),(258,'Lautaro',38),(259,'Loncoche',38),(260,'Melipeuco',38),(261,'Nueva Imperial',38),(262,'Padre Las Casas',38),(263,'Perquenco',38),(264,'Pitrufquén',38),(265,'Pucón',38),(266,'Saavedra',38),(267,'Temuco',38),(268,'Teodoro Schmidt',38),(269,'Toltén',38),(270,'Vilcún',38),(271,'Villarrica',38),(272,'Angol',39),(273,'Collipulli',39),(274,'Curacautín',39),(275,'Ercilla',39),(276,'Lonquimay',39),(277,'Los Sauces',39),(278,'Lumaco',39),(279,'Purén',39),(280,'Renaico',39),(281,'Traiguén',39),(282,'Victoria',39),(283,'Corral',40),(284,'Lanco',40),(285,'Los Lagos',40),(286,'Máfil',40),(287,'Mariquina',40),(288,'Paillaco',40),(289,'Panguipulli',40),(290,'Valdivia',40),(291,'Futrono',41),(292,'La Unión',41),(293,'Lago Ranco',41),(294,'Río Bueno',41),(295,'Ancud',42),(296,'Castro',42),(297,'Chonchi',42),(298,'Curaco de Vélez',42),(299,'Dalcahue',42),(300,'Puqueldón',42),(301,'Queilén',42),(302,'Quemchi',42),(303,'Quellón',42),(304,'Quinchao',42),(305,'Calbuco',43),(306,'Cochamó',43),(307,'Fresia',43),(308,'Frutillar',43),(309,'Llanquihue',43),(310,'Los Muermos',43),(311,'Maullín',43),(312,'Puerto Montt',43),(313,'Puerto Varas',43),(314,'Osorno',44),(315,'Puero Octay',44),(316,'Purranque',44),(317,'Puyehue',44),(318,'Río Negro',44),(319,'San Juan de la Costa',44),(320,'San Pablo',44),(321,'Chaitén',45),(322,'Futaleufú',45),(323,'Hualaihué',45),(324,'Palena',45),(325,'Aisén',46),(326,'Cisnes',46),(327,'Guaitecas',46),(328,'Cochrane',47),(329,'O\'higgins',47),(330,'Tortel',47),(331,'Coihaique',48),(332,'Lago Verde',48),(333,'Chile Chico',49),(334,'Río Ibáñez',49),(335,'Antártica',50),(336,'Cabo de Hornos',50),(337,'Laguna Blanca',51),(338,'Punta Arenas',51),(339,'Río Verde',51),(340,'San Gregorio',51),(341,'Porvenir',52),(342,'Primavera',52),(343,'Timaukel',52),(344,'Natales',53),(345,'Torres del Paine',53);

/*Table structure for table `concepto` */

DROP TABLE IF EXISTS `concepto`;

CREATE TABLE `concepto` (
  `concepto_id` int(10) NOT NULL AUTO_INCREMENT,
  `concepto_nombre` varchar(50) DEFAULT NULL,
  PRIMARY KEY (`concepto_id`)
) ENGINE=InnoDB AUTO_INCREMENT=3 DEFAULT CHARSET=latin1;

/*Data for the table `concepto` */

insert  into `concepto`(`concepto_id`,`concepto_nombre`) values (1,'Calidad'),(2,'Condicion');

/*Table structure for table `defecto` */

DROP TABLE IF EXISTS `defecto`;

CREATE TABLE `defecto` (
  `defecto_id` int(10) NOT NULL,
  `defecto_nombre` varchar(50) DEFAULT NULL,
  `zona_id` int(10) DEFAULT NULL,
  `concepto_id` int(10) DEFAULT NULL,
  `grupo_id` int(10) DEFAULT NULL,
  PRIMARY KEY (`defecto_id`),
  KEY `zona_id` (`zona_id`),
  KEY `concepto_id` (`concepto_id`),
  CONSTRAINT `defecto_ibfk_1` FOREIGN KEY (`zona_id`) REFERENCES `zona_defecto` (`zona_id`),
  CONSTRAINT `defecto_ibfk_2` FOREIGN KEY (`concepto_id`) REFERENCES `concepto` (`concepto_id`)
) ENGINE=InnoDB DEFAULT CHARSET=latin1;

/*Data for the table `defecto` */

insert  into `defecto`(`defecto_id`,`defecto_nombre`,`zona_id`,`concepto_id`,`grupo_id`) values (1,'Racimo Bajo Calibre',1,1,1),(2,'Racimo Bajo Color',1,1,1),(3,'Racimo Fuera de Color',1,1,1),(4,'Racimo Apretado',1,1,1),(5,'Racimo Bajo Brix',1,1,1),(6,'Racimo Deforme',1,1,1),(7,'Manchas(Russet, golpe de sol, trips, etc.)',2,1,2),(8,'Racimo Debil/Cristalino',1,2,3),(9,'Raquis Deshidratado',1,2,3),(10,'Racimo Humedo/Pegajoso',1,2,3),(11,'Partiduras - Heridas Abiertas',2,2,4),(12,'Acuosas',2,2,4),(13,'Bayas Reventas',2,2,4),(14,'Oidio',2,2,2),(15,'Pudrición ácida',2,2,5),(16,'Calidad Racimo',1,1,NULL),(17,'Calidad Bayas',2,1,NULL),(18,'Condicion Racimo',1,2,NULL),(19,'Condicion Bayas',2,2,NULL),(20,'Desgrane',NULL,NULL,6),(21,'Penicillium',NULL,NULL,5),(22,'Botritys (Piel suelta)',NULL,NULL,5),(23,'Apariencia',NULL,NULL,NULL);

/*Table structure for table `embalaje` */

DROP TABLE IF EXISTS `embalaje`;

CREATE TABLE `embalaje` (
  `embalaje_id` int(10) NOT NULL AUTO_INCREMENT,
  `embalaje_nombre` varchar(255) DEFAULT NULL,
  `categoria_id` int(10) DEFAULT NULL,
  PRIMARY KEY (`embalaje_id`),
  KEY `categoria_id` (`categoria_id`),
  CONSTRAINT `embalaje_ibfk_1` FOREIGN KEY (`categoria_id`) REFERENCES `categoria` (`categoria_id`)
) ENGINE=InnoDB AUTO_INCREMENT=17 DEFAULT CHARSET=latin1;

/*Data for the table `embalaje` */

insert  into `embalaje`(`embalaje_id`,`embalaje_nombre`,`categoria_id`) values (1,'CGE820',1),(2,'CZG820',1),(3,'CGE900',1),(4,'CGE100',1),(5,'MZL820',1),(6,'PZL820',1),(7,'CZN820',2),(8,'CZV820',2),(9,'CZN82D',2),(10,'CZV82D',2),(11,'CZP820',2),(12,'CEE450',2),(13,'CZW820',2),(14,'CCW820',2),(15,'CCC820',2),(16,'MZL820',2);

/*Table structure for table `especie` */

DROP TABLE IF EXISTS `especie`;

CREATE TABLE `especie` (
  `especie_id` int(10) NOT NULL AUTO_INCREMENT,
  `especie_nombre` varchar(250) DEFAULT NULL,
  PRIMARY KEY (`especie_id`)
) ENGINE=InnoDB AUTO_INCREMENT=2 DEFAULT CHARSET=latin1;

/*Data for the table `especie` */

insert  into `especie`(`especie_id`,`especie_nombre`) values (1,'UVA');

/*Table structure for table `estado_muestra` */

DROP TABLE IF EXISTS `estado_muestra`;

CREATE TABLE `estado_muestra` (
  `estado_muestra_id` int(10) NOT NULL AUTO_INCREMENT,
  `estado_muestra_nombre` varchar(10) DEFAULT NULL,
  `estado_muestra_terminado` int(1) DEFAULT NULL,
  PRIMARY KEY (`estado_muestra_id`)
) ENGINE=InnoDB AUTO_INCREMENT=4 DEFAULT CHARSET=latin1;

/*Data for the table `estado_muestra` */

insert  into `estado_muestra`(`estado_muestra_id`,`estado_muestra_nombre`,`estado_muestra_terminado`) values (1,'proceso',0),(2,'rechazado',0),(3,'terminado',NULL);

/*Table structure for table `etiqueta` */

DROP TABLE IF EXISTS `etiqueta`;

CREATE TABLE `etiqueta` (
  `etiqueta_id` int(10) NOT NULL AUTO_INCREMENT,
  `etiqueta_nombre` varchar(50) DEFAULT NULL,
  PRIMARY KEY (`etiqueta_id`)
) ENGINE=InnoDB AUTO_INCREMENT=9 DEFAULT CHARSET=latin1;

/*Data for the table `etiqueta` */

insert  into `etiqueta`(`etiqueta_id`,`etiqueta_nombre`) values (1,'Santa Maria'),(2,'Walmart'),(3,'Caravels'),(4,'Three Caravels'),(5,'Gold Tiger'),(6,'Lucky Panda'),(7,'Sam\'s'),(8,'Costco');

/*Table structure for table `grupo` */

DROP TABLE IF EXISTS `grupo`;

CREATE TABLE `grupo` (
  `grupo_id` int(10) NOT NULL AUTO_INCREMENT,
  `grupo_nombre` varchar(255) DEFAULT NULL,
  `grupo_descripcion` varchar(500) DEFAULT NULL,
  `zona_id` int(10) DEFAULT NULL,
  PRIMARY KEY (`grupo_id`)
) ENGINE=InnoDB AUTO_INCREMENT=8 DEFAULT CHARSET=latin1;

/*Data for the table `grupo` */

insert  into `grupo`(`grupo_id`,`grupo_nombre`,`grupo_descripcion`,`zona_id`) values (1,'Calidad de Racimo','% suma de defectos calidad',1),(2,'Calidad de Baya','Nro de bayas , Rango Califica',2),(3,'Condición de Racimo','% suma defecto condicion',1),(4,'Condicion de Bayas','Nro de bayas, Rango Califica',2),(5,'Pudriciones','Objeta , Segunda o tercera caja',3),(6,'Desgrane','Gramos , porcentaje',3),(7,'Apariencia','Evaluado segun valor',3);

/*Table structure for table `lote` */

DROP TABLE IF EXISTS `lote`;

CREATE TABLE `lote` (
  `lote_id` int(10) NOT NULL AUTO_INCREMENT,
  `lote_codigo` varchar(50) DEFAULT NULL,
  `lote_cajas` int(10) DEFAULT NULL,
  `nota_id` int(10) DEFAULT NULL,
  PRIMARY KEY (`lote_id`),
  KEY `nota_id` (`nota_id`),
  CONSTRAINT `lote_ibfk_1` FOREIGN KEY (`lote_id`) REFERENCES `muestra` (`muestra_id`),
  CONSTRAINT `lote_ibfk_2` FOREIGN KEY (`nota_id`) REFERENCES `nota` (`nota_id`)
) ENGINE=InnoDB DEFAULT CHARSET=latin1;

/*Data for the table `lote` */

/*Table structure for table `migrations` */

DROP TABLE IF EXISTS `migrations`;

CREATE TABLE `migrations` (
  `id` int(10) unsigned NOT NULL AUTO_INCREMENT,
  `migration` varchar(255) COLLATE utf8mb4_unicode_ci NOT NULL,
  `batch` int(11) NOT NULL,
  PRIMARY KEY (`id`)
) ENGINE=InnoDB AUTO_INCREMENT=9 DEFAULT CHARSET=utf8mb4 COLLATE=utf8mb4_unicode_ci;

/*Data for the table `migrations` */

insert  into `migrations`(`id`,`migration`,`batch`) values (1,'2014_10_12_000000_create_users_table',1),(2,'2014_10_12_100000_create_password_resets_table',1),(3,'2016_06_01_000001_create_oauth_auth_codes_table',1),(4,'2016_06_01_000002_create_oauth_access_tokens_table',1),(5,'2016_06_01_000003_create_oauth_refresh_tokens_table',1),(6,'2016_06_01_000004_create_oauth_clients_table',1),(7,'2016_06_01_000005_create_oauth_personal_access_clients_table',1),(8,'2018_12_27_141728_create_products_table',2);

/*Table structure for table `muestra` */

DROP TABLE IF EXISTS `muestra`;

CREATE TABLE `muestra` (
  `muestra_id` int(10) NOT NULL AUTO_INCREMENT,
  `muestra_fecha` datetime DEFAULT NULL,
  `muestra_qr` varchar(50) DEFAULT NULL,
  `region_id` int(10) DEFAULT NULL,
  `productor_id` int(10) DEFAULT NULL,
  `especie_id` int(10) DEFAULT NULL,
  `variedad_id` int(10) DEFAULT NULL,
  `calibre_id` int(10) DEFAULT NULL,
  `categoria_id` int(10) DEFAULT NULL,
  `embalaje_id` int(10) DEFAULT NULL,
  `etiqueta_id` int(10) DEFAULT NULL,
  `muestra_imagen` varchar(255) DEFAULT NULL,
  `nota_id` int(10) DEFAULT NULL,
  `muestra_cajas` int(10) DEFAULT NULL,
  `lote_id` int(10) DEFAULT NULL,
  `lote_codigo` int(10) DEFAULT NULL,
  `muestra_peso` bigint(100) DEFAULT NULL,
  `estado_muestra_id` int(10) DEFAULT NULL,
  `apariencia_id` int(11) DEFAULT NULL,
  `muestra_bolsas` int(255) DEFAULT NULL,
  `muestra_racimos` int(255) DEFAULT NULL,
  `muestra_brix` decimal(10,2) DEFAULT NULL,
  `muestra_desgrane` int(10) DEFAULT NULL,
  PRIMARY KEY (`muestra_id`),
  KEY `region_id` (`region_id`),
  KEY `variedad_id` (`variedad_id`),
  KEY `especie_id` (`especie_id`),
  KEY `etiqueta_id` (`etiqueta_id`),
  KEY `calibre_id` (`calibre_id`),
  KEY `embalaje_id` (`embalaje_id`),
  KEY `nota_id` (`nota_id`),
  KEY `productor_id` (`productor_id`),
  KEY `muestra_ibfk_9` (`estado_muestra_id`),
  KEY `muestra_ibfk_10` (`apariencia_id`),
  CONSTRAINT `muestra_ibfk_1` FOREIGN KEY (`region_id`) REFERENCES `regiones` (`region_id`),
  CONSTRAINT `muestra_ibfk_10` FOREIGN KEY (`apariencia_id`) REFERENCES `apariencia` (`apariencia_id`),
  CONSTRAINT `muestra_ibfk_2` FOREIGN KEY (`variedad_id`) REFERENCES `variedad` (`variedad_id`),
  CONSTRAINT `muestra_ibfk_3` FOREIGN KEY (`especie_id`) REFERENCES `especie` (`especie_id`),
  CONSTRAINT `muestra_ibfk_4` FOREIGN KEY (`etiqueta_id`) REFERENCES `etiqueta` (`etiqueta_id`),
  CONSTRAINT `muestra_ibfk_5` FOREIGN KEY (`calibre_id`) REFERENCES `calibre` (`calibre_id`),
  CONSTRAINT `muestra_ibfk_6` FOREIGN KEY (`embalaje_id`) REFERENCES `embalaje` (`embalaje_id`),
  CONSTRAINT `muestra_ibfk_7` FOREIGN KEY (`nota_id`) REFERENCES `nota` (`nota_id`),
  CONSTRAINT `muestra_ibfk_8` FOREIGN KEY (`productor_id`) REFERENCES `productor` (`productor_id`),
  CONSTRAINT `muestra_ibfk_9` FOREIGN KEY (`estado_muestra_id`) REFERENCES `estado_muestra` (`estado_muestra_id`)
) ENGINE=InnoDB AUTO_INCREMENT=2794 DEFAULT CHARSET=latin1;

/*Data for the table `muestra` */

insert  into `muestra`(`muestra_id`,`muestra_fecha`,`muestra_qr`,`region_id`,`productor_id`,`especie_id`,`variedad_id`,`calibre_id`,`categoria_id`,`embalaje_id`,`etiqueta_id`,`muestra_imagen`,`nota_id`,`muestra_cajas`,`lote_id`,`lote_codigo`,`muestra_peso`,`estado_muestra_id`,`apariencia_id`,`muestra_bolsas`,`muestra_racimos`,`muestra_brix`,`muestra_desgrane`) values (5,NULL,'5',9,34,1,1,1,1,15,3,NULL,1,NULL,NULL,NULL,5000,1,NULL,NULL,NULL,NULL,NULL),(6,NULL,'6',9,34,1,1,1,1,15,3,NULL,1,NULL,NULL,NULL,5000,1,NULL,NULL,NULL,NULL,NULL),(7,NULL,'7',9,34,1,1,1,1,15,3,NULL,1,NULL,NULL,NULL,5000,1,NULL,NULL,NULL,NULL,NULL),(8,NULL,'8',9,34,1,1,1,1,15,3,NULL,1,NULL,NULL,NULL,5000,1,NULL,NULL,NULL,NULL,NULL),(9,NULL,'9',9,34,1,1,1,1,15,3,NULL,1,NULL,NULL,NULL,5000,1,NULL,NULL,NULL,NULL,NULL),(10,NULL,'10',9,34,1,1,1,1,15,3,NULL,1,NULL,NULL,NULL,5000,1,NULL,NULL,NULL,NULL,NULL),(11,NULL,'11',9,34,1,1,1,1,15,3,NULL,1,NULL,NULL,NULL,5000,1,NULL,NULL,NULL,NULL,NULL),(12,NULL,'12',9,34,1,1,1,1,15,3,NULL,1,NULL,NULL,NULL,5000,1,NULL,NULL,NULL,NULL,NULL),(13,NULL,'13',9,34,1,1,1,1,15,3,NULL,1,NULL,NULL,NULL,5000,1,NULL,NULL,NULL,NULL,NULL),(14,NULL,'14',9,34,1,1,1,1,15,3,NULL,1,NULL,NULL,NULL,5000,1,NULL,NULL,NULL,NULL,NULL),(15,NULL,'15',9,34,1,1,1,1,15,3,NULL,1,NULL,NULL,NULL,5000,1,NULL,NULL,NULL,NULL,NULL),(16,NULL,'16',9,34,1,1,1,1,15,3,NULL,1,NULL,NULL,NULL,5000,1,NULL,NULL,NULL,NULL,NULL),(17,NULL,'17',9,34,1,1,1,1,15,3,NULL,1,NULL,NULL,NULL,5000,1,NULL,NULL,NULL,NULL,NULL),(18,NULL,'18',9,34,1,1,1,1,15,3,NULL,1,NULL,NULL,NULL,5000,1,NULL,NULL,NULL,NULL,NULL),(19,NULL,'19',9,34,1,1,1,1,15,3,NULL,1,NULL,NULL,NULL,5000,1,NULL,NULL,NULL,NULL,NULL),(20,NULL,'20',9,34,1,1,1,1,15,3,NULL,1,NULL,NULL,NULL,5000,1,NULL,NULL,NULL,NULL,NULL),(21,NULL,'21',9,34,1,1,1,1,15,3,NULL,1,NULL,NULL,NULL,5000,1,NULL,NULL,NULL,NULL,NULL),(22,NULL,'22',9,34,1,1,1,1,15,3,NULL,1,NULL,NULL,NULL,5000,1,NULL,NULL,NULL,NULL,NULL),(23,NULL,'23',9,34,1,1,1,1,15,3,NULL,1,NULL,NULL,NULL,5000,1,NULL,NULL,NULL,NULL,NULL),(24,NULL,'24',9,34,1,1,1,1,15,3,NULL,1,NULL,NULL,NULL,5000,1,NULL,NULL,NULL,NULL,NULL),(25,NULL,'25',9,34,1,1,1,1,15,3,NULL,1,NULL,NULL,NULL,5000,1,NULL,NULL,NULL,NULL,NULL),(26,NULL,'26',9,34,1,1,1,1,15,3,NULL,1,NULL,NULL,NULL,5000,1,NULL,NULL,NULL,NULL,NULL),(27,NULL,'27',9,34,1,1,1,1,15,3,NULL,1,NULL,NULL,NULL,5000,1,NULL,NULL,NULL,NULL,NULL),(28,NULL,'28',9,34,1,1,1,1,15,3,NULL,1,NULL,NULL,NULL,5000,1,NULL,NULL,NULL,NULL,NULL),(29,NULL,'29',9,34,1,1,1,1,15,3,NULL,1,NULL,NULL,NULL,5000,1,NULL,NULL,NULL,NULL,NULL),(30,NULL,'30',9,34,1,1,1,1,15,3,NULL,1,NULL,NULL,NULL,5000,1,NULL,NULL,NULL,NULL,NULL),(31,NULL,'31',9,34,1,1,1,1,15,3,NULL,1,NULL,NULL,NULL,5000,1,NULL,NULL,NULL,NULL,NULL),(32,NULL,'32',9,34,1,1,1,1,15,3,NULL,1,NULL,NULL,NULL,5000,1,NULL,NULL,NULL,NULL,NULL),(33,NULL,'33',9,34,1,1,1,1,15,3,NULL,1,NULL,NULL,NULL,5000,1,NULL,NULL,NULL,NULL,NULL),(34,NULL,'34',9,34,1,1,1,1,15,3,NULL,1,NULL,NULL,NULL,5000,1,NULL,NULL,NULL,NULL,NULL),(35,NULL,'35',9,34,1,1,1,1,15,3,NULL,1,NULL,NULL,NULL,5000,1,NULL,NULL,NULL,NULL,NULL),(36,NULL,'36',9,34,1,1,1,1,15,3,NULL,1,NULL,NULL,NULL,5000,1,NULL,NULL,NULL,NULL,NULL),(37,NULL,'37',9,34,1,1,1,1,15,3,NULL,1,NULL,NULL,NULL,5000,1,NULL,NULL,NULL,NULL,NULL),(38,NULL,'38',9,34,1,1,1,1,15,3,NULL,1,NULL,NULL,NULL,5000,1,NULL,NULL,NULL,NULL,NULL),(39,NULL,'39',9,34,1,1,1,1,15,3,NULL,1,NULL,NULL,NULL,5000,1,NULL,NULL,NULL,NULL,NULL),(40,NULL,'40',9,34,1,1,1,1,15,3,NULL,1,NULL,NULL,NULL,5000,1,NULL,NULL,NULL,NULL,NULL),(41,NULL,'41',9,34,1,1,1,1,15,3,NULL,1,NULL,NULL,NULL,5000,1,NULL,NULL,NULL,NULL,NULL),(42,NULL,'42',9,34,1,1,1,1,15,3,NULL,1,NULL,NULL,NULL,5000,1,NULL,NULL,NULL,NULL,NULL),(43,NULL,'43',9,34,1,1,1,1,15,3,NULL,1,NULL,NULL,NULL,5000,1,NULL,NULL,NULL,NULL,NULL),(44,NULL,'44',9,34,1,1,1,1,15,3,NULL,1,NULL,NULL,NULL,5000,1,NULL,NULL,NULL,NULL,NULL),(45,NULL,'45',9,34,1,1,1,1,15,3,NULL,1,NULL,NULL,NULL,5000,1,NULL,NULL,NULL,NULL,NULL),(46,NULL,'46',9,34,1,1,1,1,15,3,NULL,1,NULL,NULL,NULL,5000,1,NULL,NULL,NULL,NULL,NULL),(47,NULL,'47',9,34,1,1,1,1,15,3,NULL,1,NULL,NULL,NULL,5000,1,NULL,NULL,NULL,NULL,NULL),(48,NULL,'48',9,34,1,1,1,1,15,3,NULL,1,NULL,NULL,NULL,5000,1,NULL,NULL,NULL,NULL,NULL),(49,NULL,'49',9,34,1,1,1,1,15,3,NULL,1,NULL,NULL,NULL,5000,1,NULL,NULL,NULL,NULL,NULL),(50,NULL,'50',9,34,1,1,1,1,15,3,NULL,1,NULL,NULL,NULL,5000,1,NULL,NULL,NULL,NULL,NULL),(51,NULL,'51',9,34,1,1,1,1,15,3,NULL,1,NULL,NULL,NULL,5000,1,NULL,NULL,NULL,NULL,NULL),(52,NULL,'52',9,34,1,1,1,1,15,3,NULL,1,NULL,NULL,NULL,5000,1,NULL,NULL,NULL,NULL,NULL),(53,NULL,'53',9,34,1,1,1,1,15,3,NULL,1,NULL,NULL,NULL,5000,1,NULL,NULL,NULL,NULL,NULL),(54,NULL,'54',9,34,1,1,1,1,15,3,NULL,1,NULL,NULL,NULL,5000,1,NULL,NULL,NULL,NULL,NULL),(55,NULL,'55',9,34,1,1,1,1,15,3,NULL,1,NULL,NULL,NULL,5000,1,NULL,NULL,NULL,NULL,NULL),(56,NULL,'56',9,34,1,1,1,1,15,3,NULL,1,NULL,NULL,NULL,5000,1,NULL,NULL,NULL,NULL,NULL),(57,NULL,'57',9,34,1,1,1,1,15,3,NULL,1,NULL,NULL,NULL,5000,1,NULL,NULL,NULL,NULL,NULL),(58,NULL,'58',9,34,1,1,1,1,15,3,NULL,1,NULL,NULL,NULL,5000,1,NULL,NULL,NULL,NULL,NULL),(59,NULL,'59',9,34,1,1,1,1,15,3,NULL,1,NULL,NULL,NULL,5000,1,NULL,NULL,NULL,NULL,NULL),(60,NULL,'60',9,34,1,1,1,1,15,3,NULL,1,NULL,NULL,NULL,5000,1,NULL,NULL,NULL,NULL,NULL),(61,NULL,'61',9,34,1,1,1,1,15,3,NULL,1,NULL,NULL,NULL,5000,1,NULL,NULL,NULL,NULL,NULL),(62,NULL,'62',9,34,1,1,1,1,15,3,NULL,1,NULL,NULL,NULL,5000,1,NULL,NULL,NULL,NULL,NULL),(63,NULL,'63',9,34,1,1,1,1,15,3,NULL,1,NULL,NULL,NULL,5000,1,NULL,NULL,NULL,NULL,NULL),(64,NULL,'64',9,34,1,1,1,1,15,3,NULL,1,NULL,NULL,NULL,5000,1,NULL,NULL,NULL,NULL,NULL),(65,NULL,'65',9,34,1,1,1,1,15,3,NULL,1,NULL,NULL,NULL,5000,1,NULL,NULL,NULL,NULL,NULL),(66,NULL,'66',9,34,1,1,1,1,15,3,NULL,1,NULL,NULL,NULL,5000,1,NULL,NULL,NULL,NULL,NULL),(67,NULL,'67',9,34,1,1,1,1,15,3,NULL,1,NULL,NULL,NULL,5000,1,NULL,NULL,NULL,NULL,NULL),(68,NULL,'68',9,34,1,1,1,1,15,3,NULL,1,NULL,NULL,NULL,5000,1,NULL,NULL,NULL,NULL,NULL),(69,NULL,'69',9,34,1,1,1,1,15,3,NULL,1,NULL,NULL,NULL,5000,1,NULL,NULL,NULL,NULL,NULL),(70,NULL,'70',9,34,1,1,1,1,15,3,NULL,1,NULL,NULL,NULL,5000,1,NULL,NULL,NULL,NULL,NULL),(71,NULL,'71',9,34,1,1,1,1,15,3,NULL,1,NULL,NULL,NULL,5000,1,NULL,NULL,NULL,NULL,NULL),(72,NULL,'72',9,34,1,1,1,1,15,3,NULL,1,NULL,NULL,NULL,5000,1,NULL,NULL,NULL,NULL,NULL),(73,NULL,'73',9,34,1,1,1,1,15,3,NULL,1,NULL,NULL,NULL,5000,1,NULL,NULL,NULL,NULL,NULL),(74,NULL,'74',9,34,1,1,1,1,15,3,NULL,1,NULL,NULL,NULL,5000,1,NULL,NULL,NULL,NULL,NULL),(75,NULL,'75',9,34,1,1,1,1,15,3,NULL,1,NULL,NULL,NULL,5000,1,NULL,NULL,NULL,NULL,NULL),(76,NULL,'76',9,34,1,1,1,1,15,3,NULL,1,NULL,NULL,NULL,5000,1,NULL,NULL,NULL,NULL,NULL),(77,NULL,'77',9,34,1,1,1,1,15,3,NULL,1,NULL,NULL,NULL,5000,1,NULL,NULL,NULL,NULL,NULL),(78,NULL,'78',9,34,1,1,1,1,15,3,NULL,1,NULL,NULL,NULL,5000,1,NULL,NULL,NULL,NULL,NULL),(79,NULL,'79',9,34,1,1,1,1,15,3,NULL,1,NULL,NULL,NULL,5000,1,NULL,NULL,NULL,NULL,NULL),(80,NULL,'80',9,34,1,1,1,1,15,3,NULL,1,NULL,NULL,NULL,5000,1,NULL,NULL,NULL,NULL,NULL),(81,NULL,'81',9,34,1,1,1,1,15,3,NULL,1,NULL,NULL,NULL,5000,1,NULL,NULL,NULL,NULL,NULL),(82,NULL,'82',9,34,1,1,1,1,15,3,NULL,1,NULL,NULL,NULL,5000,1,NULL,NULL,NULL,NULL,NULL),(83,NULL,'83',9,34,1,1,1,1,15,3,NULL,1,NULL,NULL,NULL,5000,1,NULL,NULL,NULL,NULL,NULL),(84,NULL,'84',9,34,1,1,1,1,15,3,NULL,1,NULL,NULL,NULL,5000,1,NULL,NULL,NULL,NULL,NULL),(85,NULL,'85',9,34,1,1,1,1,15,3,NULL,1,NULL,NULL,NULL,5000,1,NULL,NULL,NULL,NULL,NULL),(86,NULL,'86',9,34,1,1,1,1,15,3,NULL,1,NULL,NULL,NULL,5000,1,NULL,NULL,NULL,NULL,NULL),(87,NULL,'87',9,34,1,1,1,1,15,3,NULL,1,NULL,NULL,NULL,5000,1,NULL,NULL,NULL,NULL,NULL),(88,NULL,'88',9,34,1,1,1,1,15,3,NULL,1,NULL,NULL,NULL,5000,1,NULL,NULL,NULL,NULL,NULL),(89,NULL,'89',9,34,1,1,1,1,15,3,NULL,1,NULL,NULL,NULL,5000,1,NULL,NULL,NULL,NULL,NULL),(90,NULL,'90',9,34,1,1,1,1,15,3,NULL,1,NULL,NULL,NULL,5000,1,NULL,NULL,NULL,NULL,NULL),(91,NULL,'91',9,34,1,1,1,1,15,3,NULL,1,NULL,NULL,NULL,5000,1,NULL,NULL,NULL,NULL,NULL),(92,NULL,'92',9,34,1,1,1,1,15,3,NULL,1,NULL,NULL,NULL,5000,1,NULL,NULL,NULL,NULL,NULL),(93,NULL,'93',9,34,1,1,1,1,15,3,NULL,1,NULL,NULL,NULL,5000,1,NULL,NULL,NULL,NULL,NULL),(94,NULL,'94',9,34,1,1,1,1,15,3,NULL,1,NULL,NULL,NULL,5000,1,NULL,NULL,NULL,NULL,NULL),(95,NULL,'95',9,34,1,1,1,1,15,3,NULL,1,NULL,NULL,NULL,5000,1,NULL,NULL,NULL,NULL,NULL),(96,NULL,'96',9,34,1,1,1,1,15,3,NULL,1,NULL,NULL,NULL,5000,1,NULL,NULL,NULL,NULL,NULL),(97,NULL,'97',9,34,1,1,1,1,15,3,NULL,1,NULL,NULL,NULL,5000,1,NULL,NULL,NULL,NULL,NULL),(98,NULL,'98',9,34,1,1,1,1,15,3,NULL,1,NULL,NULL,NULL,5000,1,NULL,NULL,NULL,NULL,NULL),(99,NULL,'99',9,34,1,1,1,1,15,3,NULL,1,NULL,NULL,NULL,5000,1,NULL,NULL,NULL,NULL,NULL),(100,NULL,'100',9,34,1,1,1,1,15,3,NULL,1,NULL,NULL,NULL,5000,1,NULL,NULL,NULL,NULL,NULL),(101,NULL,'101',9,34,1,1,1,1,15,3,NULL,1,NULL,NULL,NULL,5000,1,NULL,NULL,NULL,NULL,NULL),(102,NULL,'102',9,34,1,1,1,1,15,3,NULL,1,NULL,NULL,NULL,5000,1,NULL,NULL,NULL,NULL,NULL),(103,NULL,'103',9,34,1,1,1,1,15,3,NULL,1,NULL,NULL,NULL,5000,1,NULL,NULL,NULL,NULL,NULL),(104,NULL,'104',9,34,1,1,1,1,15,3,NULL,1,NULL,NULL,NULL,5000,1,NULL,NULL,NULL,NULL,NULL),(105,NULL,'105',9,34,1,1,1,1,15,3,NULL,1,NULL,NULL,NULL,5000,1,NULL,NULL,NULL,NULL,NULL),(106,NULL,'106',9,34,1,1,1,1,15,3,NULL,1,NULL,NULL,NULL,5000,1,NULL,NULL,NULL,NULL,NULL),(107,NULL,'107',9,34,1,1,1,1,15,3,NULL,1,NULL,NULL,NULL,5000,1,NULL,NULL,NULL,NULL,NULL),(108,NULL,'108',9,34,1,1,1,1,15,3,NULL,1,NULL,NULL,NULL,5000,1,NULL,NULL,NULL,NULL,NULL),(109,NULL,'109',9,34,1,1,1,1,15,3,NULL,1,NULL,NULL,NULL,5000,1,NULL,NULL,NULL,NULL,NULL),(110,NULL,'110',9,34,1,1,1,1,15,3,NULL,1,NULL,NULL,NULL,5000,1,NULL,NULL,NULL,NULL,NULL),(111,NULL,'111',9,34,1,1,1,1,15,3,NULL,1,NULL,NULL,NULL,5000,1,NULL,NULL,NULL,NULL,NULL),(112,NULL,'112',9,34,1,1,1,1,15,3,NULL,1,NULL,NULL,NULL,5000,1,NULL,NULL,NULL,NULL,NULL),(113,NULL,'113',9,34,1,1,1,1,15,3,NULL,1,NULL,NULL,NULL,5000,1,NULL,NULL,NULL,NULL,NULL),(114,NULL,'114',9,34,1,1,1,1,15,3,NULL,1,NULL,NULL,NULL,5000,1,NULL,NULL,NULL,NULL,NULL),(115,NULL,'115',9,34,1,1,1,1,15,3,NULL,1,NULL,NULL,NULL,5000,1,NULL,NULL,NULL,NULL,NULL),(116,NULL,'116',9,34,1,1,1,1,15,3,NULL,1,NULL,NULL,NULL,5000,1,NULL,NULL,NULL,NULL,NULL),(117,NULL,'117',9,34,1,1,1,1,15,3,NULL,1,NULL,NULL,NULL,5000,1,NULL,NULL,NULL,NULL,NULL),(118,NULL,'118',9,34,1,1,1,1,15,3,NULL,1,NULL,NULL,NULL,5000,1,NULL,NULL,NULL,NULL,NULL),(119,NULL,'119',9,34,1,1,1,1,15,3,NULL,1,NULL,NULL,NULL,5000,1,NULL,NULL,NULL,NULL,NULL),(120,NULL,'120',9,34,1,1,1,1,15,3,NULL,1,NULL,NULL,NULL,5000,1,NULL,NULL,NULL,NULL,NULL),(121,NULL,'121',9,34,1,1,1,1,15,3,NULL,1,NULL,NULL,NULL,5000,1,NULL,NULL,NULL,NULL,NULL),(122,NULL,'122',9,34,1,1,1,1,15,3,NULL,1,NULL,NULL,NULL,5000,1,NULL,NULL,NULL,NULL,NULL),(123,NULL,'123',9,34,1,1,1,1,15,3,NULL,1,NULL,NULL,NULL,5000,1,NULL,NULL,NULL,NULL,NULL),(124,NULL,'124',9,34,1,1,1,1,15,3,NULL,1,NULL,NULL,NULL,5000,1,NULL,NULL,NULL,NULL,NULL),(125,NULL,'125',9,34,1,1,1,1,15,3,NULL,1,NULL,NULL,NULL,5000,1,NULL,NULL,NULL,NULL,NULL),(126,NULL,'126',9,34,1,1,1,1,15,3,NULL,1,NULL,NULL,NULL,5000,1,NULL,NULL,NULL,NULL,NULL),(127,NULL,'127',9,34,1,1,1,1,15,3,NULL,1,NULL,NULL,NULL,5000,1,NULL,NULL,NULL,NULL,NULL),(128,NULL,'128',9,34,1,1,1,1,15,3,NULL,1,NULL,NULL,NULL,5000,1,NULL,NULL,NULL,NULL,NULL),(129,NULL,'129',9,34,1,1,1,1,15,3,NULL,1,NULL,NULL,NULL,5000,1,NULL,NULL,NULL,NULL,NULL),(130,NULL,'130',9,34,1,1,1,1,15,3,NULL,1,NULL,NULL,NULL,5000,1,NULL,NULL,NULL,NULL,NULL),(131,NULL,'131',9,34,1,1,1,1,15,3,NULL,1,NULL,NULL,NULL,5000,1,NULL,NULL,NULL,NULL,NULL),(132,NULL,'132',9,34,1,1,1,1,15,3,NULL,1,NULL,NULL,NULL,5000,1,NULL,NULL,NULL,NULL,NULL),(133,NULL,'133',9,34,1,1,1,1,15,3,NULL,1,NULL,NULL,NULL,5000,1,NULL,NULL,NULL,NULL,NULL),(134,NULL,'134',9,34,1,1,1,1,15,3,NULL,1,NULL,NULL,NULL,5000,1,NULL,NULL,NULL,NULL,NULL),(135,NULL,'135',9,34,1,1,1,1,15,3,NULL,1,NULL,NULL,NULL,5000,1,NULL,NULL,NULL,NULL,NULL),(136,NULL,'136',9,34,1,1,1,1,15,3,NULL,1,NULL,NULL,NULL,5000,1,NULL,NULL,NULL,NULL,NULL),(137,NULL,'137',9,34,1,1,1,1,15,3,NULL,1,NULL,NULL,NULL,5000,1,NULL,NULL,NULL,NULL,NULL),(138,NULL,'138',9,34,1,1,1,1,15,3,NULL,1,NULL,NULL,NULL,5000,1,NULL,NULL,NULL,NULL,NULL),(139,NULL,'139',9,34,1,1,1,1,15,3,NULL,1,NULL,NULL,NULL,5000,1,NULL,NULL,NULL,NULL,NULL),(140,NULL,'140',9,34,1,1,1,1,15,3,NULL,1,NULL,NULL,NULL,5000,1,NULL,NULL,NULL,NULL,NULL),(141,NULL,'141',9,34,1,1,1,1,15,3,NULL,1,NULL,NULL,NULL,5000,1,NULL,NULL,NULL,NULL,NULL),(142,NULL,'142',9,34,1,1,1,1,15,3,NULL,1,NULL,NULL,NULL,5000,1,NULL,NULL,NULL,NULL,NULL),(143,NULL,'143',9,34,1,1,1,1,15,3,NULL,1,NULL,NULL,NULL,5000,1,NULL,NULL,NULL,NULL,NULL),(144,NULL,'144',9,34,1,1,1,1,15,3,NULL,1,NULL,NULL,NULL,5000,1,NULL,NULL,NULL,NULL,NULL),(145,NULL,'145',9,34,1,1,1,1,15,3,NULL,1,NULL,NULL,NULL,5000,1,NULL,NULL,NULL,NULL,NULL),(146,NULL,'146',9,34,1,1,1,1,15,3,NULL,1,NULL,NULL,NULL,5000,1,NULL,NULL,NULL,NULL,NULL),(147,NULL,'147',9,34,1,1,1,1,15,3,NULL,1,NULL,NULL,NULL,5000,1,NULL,NULL,NULL,NULL,NULL),(148,NULL,'148',9,34,1,1,1,1,15,3,NULL,1,NULL,NULL,NULL,5000,1,NULL,NULL,NULL,NULL,NULL),(149,NULL,'149',9,34,1,1,1,1,15,3,NULL,1,NULL,NULL,NULL,5000,1,NULL,NULL,NULL,NULL,NULL),(150,NULL,'150',9,34,1,1,1,1,15,3,NULL,1,NULL,NULL,NULL,5000,1,NULL,NULL,NULL,NULL,NULL),(151,NULL,'151',9,34,1,1,1,1,15,3,NULL,1,NULL,NULL,NULL,5000,1,NULL,NULL,NULL,NULL,NULL),(152,NULL,'152',9,34,1,1,1,1,15,3,NULL,1,NULL,NULL,NULL,5000,1,NULL,NULL,NULL,NULL,NULL),(153,NULL,'153',9,34,1,1,1,1,15,3,NULL,1,NULL,NULL,NULL,5000,1,NULL,NULL,NULL,NULL,NULL),(154,NULL,'154',9,34,1,1,1,1,15,3,NULL,1,NULL,NULL,NULL,5000,1,NULL,NULL,NULL,NULL,NULL),(155,NULL,'155',9,34,1,1,1,1,15,3,NULL,1,NULL,NULL,NULL,5000,1,NULL,NULL,NULL,NULL,NULL),(156,NULL,'156',9,34,1,1,1,1,15,3,NULL,1,NULL,NULL,NULL,5000,1,NULL,NULL,NULL,NULL,NULL),(157,NULL,'157',9,34,1,1,1,1,15,3,NULL,1,NULL,NULL,NULL,5000,1,NULL,NULL,NULL,NULL,NULL),(158,NULL,'158',9,34,1,1,1,1,15,3,NULL,1,NULL,NULL,NULL,5000,1,NULL,NULL,NULL,NULL,NULL),(159,NULL,'159',9,34,1,1,1,1,15,3,NULL,1,NULL,NULL,NULL,5000,1,NULL,NULL,NULL,NULL,NULL),(160,NULL,'160',9,34,1,1,1,1,15,3,NULL,1,NULL,NULL,NULL,5000,1,NULL,NULL,NULL,NULL,NULL),(161,NULL,'161',9,34,1,1,1,1,15,3,NULL,1,NULL,NULL,NULL,5000,1,NULL,NULL,NULL,NULL,NULL),(162,NULL,'162',9,34,1,1,1,1,15,3,NULL,1,NULL,NULL,NULL,5000,1,NULL,NULL,NULL,NULL,NULL),(163,NULL,'163',9,34,1,1,1,1,15,3,NULL,1,NULL,NULL,NULL,5000,1,NULL,NULL,NULL,NULL,NULL),(164,NULL,'164',9,34,1,1,1,1,15,3,NULL,1,NULL,NULL,NULL,5000,1,NULL,NULL,NULL,NULL,NULL),(165,NULL,'165',9,34,1,1,1,1,15,3,NULL,1,NULL,NULL,NULL,5000,1,NULL,NULL,NULL,NULL,NULL),(166,NULL,'166',9,34,1,1,1,1,15,3,NULL,1,NULL,NULL,NULL,5000,1,NULL,NULL,NULL,NULL,NULL),(167,NULL,'167',9,34,1,1,1,1,15,3,NULL,1,NULL,NULL,NULL,5000,1,NULL,NULL,NULL,NULL,NULL),(168,NULL,'168',9,34,1,1,1,1,15,3,NULL,1,NULL,NULL,NULL,5000,1,NULL,NULL,NULL,NULL,NULL),(169,NULL,'169',9,34,1,1,1,1,15,3,NULL,1,NULL,NULL,NULL,5000,1,NULL,NULL,NULL,NULL,NULL),(170,NULL,'170',9,34,1,1,1,1,15,3,NULL,1,NULL,NULL,NULL,5000,1,NULL,NULL,NULL,NULL,NULL),(171,NULL,'171',9,34,1,1,1,1,15,3,NULL,1,NULL,NULL,NULL,5000,1,NULL,NULL,NULL,NULL,NULL),(172,NULL,'172',9,34,1,1,1,1,15,3,NULL,1,NULL,NULL,NULL,5000,1,NULL,NULL,NULL,NULL,NULL),(173,NULL,'173',9,34,1,1,1,1,15,3,NULL,1,NULL,NULL,NULL,5000,1,NULL,NULL,NULL,NULL,NULL),(174,NULL,'174',9,34,1,1,1,1,15,3,NULL,1,NULL,NULL,NULL,5000,1,NULL,NULL,NULL,NULL,NULL),(175,NULL,'175',9,34,1,1,1,1,15,3,NULL,1,NULL,NULL,NULL,5000,1,NULL,NULL,NULL,NULL,NULL),(176,NULL,'176',9,34,1,1,1,1,15,3,NULL,1,NULL,NULL,NULL,5000,1,NULL,NULL,NULL,NULL,NULL),(177,NULL,'177',9,34,1,1,1,1,15,3,NULL,1,NULL,NULL,NULL,5000,1,NULL,NULL,NULL,NULL,NULL),(178,NULL,'178',9,34,1,1,1,1,15,3,NULL,1,NULL,NULL,NULL,5000,1,NULL,NULL,NULL,NULL,NULL),(179,NULL,'179',9,34,1,1,1,1,15,3,NULL,1,NULL,NULL,NULL,5000,1,NULL,NULL,NULL,NULL,NULL),(180,NULL,'180',9,34,1,1,1,1,15,3,NULL,1,NULL,NULL,NULL,5000,1,NULL,NULL,NULL,NULL,NULL),(181,NULL,'181',9,34,1,1,1,1,15,3,NULL,1,NULL,NULL,NULL,5000,1,NULL,NULL,NULL,NULL,NULL),(182,NULL,'182',9,34,1,1,1,1,15,3,NULL,1,NULL,NULL,NULL,5000,1,NULL,NULL,NULL,NULL,NULL),(183,NULL,'183',9,34,1,1,1,1,15,3,NULL,1,NULL,NULL,NULL,5000,1,NULL,NULL,NULL,NULL,NULL),(184,NULL,'184',9,34,1,1,1,1,15,3,NULL,1,NULL,NULL,NULL,5000,1,NULL,NULL,NULL,NULL,NULL),(185,NULL,'185',9,34,1,1,1,1,15,3,NULL,1,NULL,NULL,NULL,5000,1,NULL,NULL,NULL,NULL,NULL),(186,NULL,'186',9,34,1,1,1,1,15,3,NULL,1,NULL,NULL,NULL,5000,1,NULL,NULL,NULL,NULL,NULL),(187,NULL,'187',9,34,1,1,1,1,15,3,NULL,1,NULL,NULL,NULL,5000,1,NULL,NULL,NULL,NULL,NULL),(188,NULL,'188',9,34,1,1,1,1,15,3,NULL,1,NULL,NULL,NULL,5000,1,NULL,NULL,NULL,NULL,NULL),(189,NULL,'189',9,34,1,1,1,1,15,3,NULL,1,NULL,NULL,NULL,5000,1,NULL,NULL,NULL,NULL,NULL),(190,NULL,'190',9,34,1,1,1,1,15,3,NULL,1,NULL,NULL,NULL,5000,1,NULL,NULL,NULL,NULL,NULL),(191,NULL,'191',9,34,1,1,1,1,15,3,NULL,1,NULL,NULL,NULL,5000,1,NULL,NULL,NULL,NULL,NULL),(192,NULL,'192',9,34,1,1,1,1,15,3,NULL,1,NULL,NULL,NULL,5000,1,NULL,NULL,NULL,NULL,NULL),(193,NULL,'193',9,34,1,1,1,1,15,3,NULL,1,NULL,NULL,NULL,5000,1,NULL,NULL,NULL,NULL,NULL),(194,NULL,'194',9,34,1,1,1,1,15,3,NULL,1,NULL,NULL,NULL,5000,1,NULL,NULL,NULL,NULL,NULL),(195,NULL,'195',9,34,1,1,1,1,15,3,NULL,1,NULL,NULL,NULL,5000,1,NULL,NULL,NULL,NULL,NULL),(196,NULL,'196',9,34,1,1,1,1,15,3,NULL,1,NULL,NULL,NULL,5000,1,NULL,NULL,NULL,NULL,NULL),(197,NULL,'197',9,34,1,1,1,1,15,3,NULL,1,NULL,NULL,NULL,5000,1,NULL,NULL,NULL,NULL,NULL),(198,NULL,'198',9,34,1,1,1,1,15,3,NULL,1,NULL,NULL,NULL,5000,1,NULL,NULL,NULL,NULL,NULL),(199,NULL,'199',9,34,1,1,1,1,15,3,NULL,1,NULL,NULL,NULL,5000,1,NULL,NULL,NULL,NULL,NULL),(200,NULL,'200',9,34,1,1,1,1,15,3,NULL,1,NULL,NULL,NULL,5000,1,NULL,NULL,NULL,NULL,NULL),(201,NULL,'201',9,34,1,1,1,1,15,3,NULL,1,NULL,NULL,NULL,5000,1,NULL,NULL,NULL,NULL,NULL),(202,NULL,'202',9,34,1,1,1,1,15,3,NULL,1,NULL,NULL,NULL,5000,1,NULL,NULL,NULL,NULL,NULL),(203,NULL,'203',9,34,1,1,1,1,15,3,NULL,1,NULL,NULL,NULL,5000,1,NULL,NULL,NULL,NULL,NULL),(204,NULL,'204',9,34,1,1,1,1,15,3,NULL,1,NULL,NULL,NULL,5000,1,NULL,NULL,NULL,NULL,NULL),(205,NULL,'205',9,34,1,1,1,1,15,3,NULL,1,NULL,NULL,NULL,5000,1,NULL,NULL,NULL,NULL,NULL),(206,NULL,'206',9,34,1,1,1,1,15,3,NULL,1,NULL,NULL,NULL,5000,1,NULL,NULL,NULL,NULL,NULL),(207,NULL,'207',9,34,1,1,1,1,15,3,NULL,1,NULL,NULL,NULL,5000,1,NULL,NULL,NULL,NULL,NULL),(208,NULL,'208',9,34,1,1,1,1,15,3,NULL,1,NULL,NULL,NULL,5000,1,NULL,NULL,NULL,NULL,NULL),(209,NULL,'209',9,34,1,1,1,1,15,3,NULL,1,NULL,NULL,NULL,5000,1,NULL,NULL,NULL,NULL,NULL),(210,NULL,'210',9,34,1,1,1,1,15,3,NULL,1,NULL,NULL,NULL,5000,1,NULL,NULL,NULL,NULL,NULL),(211,NULL,'211',9,34,1,1,1,1,15,3,NULL,1,NULL,NULL,NULL,5000,1,NULL,NULL,NULL,NULL,NULL),(212,NULL,'212',9,34,1,1,1,1,15,3,NULL,1,NULL,NULL,NULL,5000,1,NULL,NULL,NULL,NULL,NULL),(213,NULL,'213',9,34,1,1,1,1,15,3,NULL,1,NULL,NULL,NULL,5000,1,NULL,NULL,NULL,NULL,NULL),(214,NULL,'214',9,34,1,1,1,1,15,3,NULL,1,NULL,NULL,NULL,5000,1,NULL,NULL,NULL,NULL,NULL),(215,NULL,'215',9,34,1,1,1,1,15,3,NULL,1,NULL,NULL,NULL,5000,1,NULL,NULL,NULL,NULL,NULL),(216,NULL,'216',9,34,1,1,1,1,15,3,NULL,1,NULL,NULL,NULL,5000,1,NULL,NULL,NULL,NULL,NULL),(217,NULL,'217',9,34,1,1,1,1,15,3,NULL,1,NULL,NULL,NULL,5000,1,NULL,NULL,NULL,NULL,NULL),(218,NULL,'218',9,34,1,1,1,1,15,3,NULL,1,NULL,NULL,NULL,5000,1,NULL,NULL,NULL,NULL,NULL),(219,NULL,'219',9,34,1,1,1,1,15,3,NULL,1,NULL,NULL,NULL,5000,1,NULL,NULL,NULL,NULL,NULL),(220,NULL,'220',9,34,1,1,1,1,15,3,NULL,1,NULL,NULL,NULL,5000,1,NULL,NULL,NULL,NULL,NULL),(221,NULL,'221',9,34,1,1,1,1,15,3,NULL,1,NULL,NULL,NULL,5000,1,NULL,NULL,NULL,NULL,NULL),(222,NULL,'222',9,34,1,1,1,1,15,3,NULL,1,NULL,NULL,NULL,5000,1,NULL,NULL,NULL,NULL,NULL),(223,NULL,'223',9,34,1,1,1,1,15,3,NULL,1,NULL,NULL,NULL,5000,1,NULL,NULL,NULL,NULL,NULL),(224,NULL,'224',9,34,1,1,1,1,15,3,NULL,1,NULL,NULL,NULL,5000,1,NULL,NULL,NULL,NULL,NULL),(225,NULL,'225',9,34,1,1,1,1,15,3,NULL,1,NULL,NULL,NULL,5000,1,NULL,NULL,NULL,NULL,NULL),(226,NULL,'226',9,34,1,1,1,1,15,3,NULL,1,NULL,NULL,NULL,5000,1,NULL,NULL,NULL,NULL,NULL),(227,NULL,'227',9,34,1,1,1,1,15,3,NULL,1,NULL,NULL,NULL,5000,1,NULL,NULL,NULL,NULL,NULL),(228,NULL,'228',9,34,1,1,1,1,15,3,NULL,1,NULL,NULL,NULL,5000,1,NULL,NULL,NULL,NULL,NULL),(229,NULL,'229',9,34,1,1,1,1,15,3,NULL,1,NULL,NULL,NULL,5000,1,NULL,NULL,NULL,NULL,NULL),(230,NULL,'230',9,34,1,1,1,1,15,3,NULL,1,NULL,NULL,NULL,5000,1,NULL,NULL,NULL,NULL,NULL),(231,NULL,'231',9,34,1,1,1,1,15,3,NULL,1,NULL,NULL,NULL,5000,1,NULL,NULL,NULL,NULL,NULL),(232,NULL,'232',9,34,1,1,1,1,15,3,NULL,1,NULL,NULL,NULL,5000,1,NULL,NULL,NULL,NULL,NULL),(233,NULL,'233',9,34,1,1,1,1,15,3,NULL,1,NULL,NULL,NULL,5000,1,NULL,NULL,NULL,NULL,NULL),(234,NULL,'234',9,34,1,1,1,1,15,3,NULL,1,NULL,NULL,NULL,5000,1,NULL,NULL,NULL,NULL,NULL),(235,NULL,'235',9,34,1,1,1,1,15,3,NULL,1,NULL,NULL,NULL,5000,1,NULL,NULL,NULL,NULL,NULL),(236,NULL,'236',9,34,1,1,1,1,15,3,NULL,1,NULL,NULL,NULL,5000,1,NULL,NULL,NULL,NULL,NULL),(237,NULL,'237',9,34,1,1,1,1,15,3,NULL,1,NULL,NULL,NULL,5000,1,NULL,NULL,NULL,NULL,NULL),(238,NULL,'238',9,34,1,1,1,1,15,3,NULL,1,NULL,NULL,NULL,5000,1,NULL,NULL,NULL,NULL,NULL),(239,NULL,'239',9,34,1,1,1,1,15,3,NULL,1,NULL,NULL,NULL,5000,1,NULL,NULL,NULL,NULL,NULL),(240,NULL,'240',9,34,1,1,1,1,15,3,NULL,1,NULL,NULL,NULL,5000,1,NULL,NULL,NULL,NULL,NULL),(241,NULL,'241',9,34,1,1,1,1,15,3,NULL,1,NULL,NULL,NULL,5000,1,NULL,NULL,NULL,NULL,NULL),(242,NULL,'242',9,34,1,1,1,1,15,3,NULL,1,NULL,NULL,NULL,5000,1,NULL,NULL,NULL,NULL,NULL),(243,NULL,'243',9,34,1,1,1,1,15,3,NULL,1,NULL,NULL,NULL,5000,1,NULL,NULL,NULL,NULL,NULL),(244,NULL,'244',9,34,1,1,1,1,15,3,NULL,1,NULL,NULL,NULL,5000,1,NULL,NULL,NULL,NULL,NULL),(245,NULL,'245',9,34,1,1,1,1,15,3,NULL,1,NULL,NULL,NULL,5000,1,NULL,NULL,NULL,NULL,NULL),(246,NULL,'246',9,34,1,1,1,1,15,3,NULL,1,NULL,NULL,NULL,5000,1,NULL,NULL,NULL,NULL,NULL),(247,NULL,'247',9,34,1,1,1,1,15,3,NULL,1,NULL,NULL,NULL,5000,1,NULL,NULL,NULL,NULL,NULL),(248,NULL,'248',9,34,1,1,1,1,15,3,NULL,1,NULL,NULL,NULL,5000,1,NULL,NULL,NULL,NULL,NULL),(249,NULL,'249',9,34,1,1,1,1,15,3,NULL,1,NULL,NULL,NULL,5000,1,NULL,NULL,NULL,NULL,NULL),(250,NULL,'250',9,34,1,1,1,1,15,3,NULL,1,NULL,NULL,NULL,5000,1,NULL,NULL,NULL,NULL,NULL),(251,NULL,'251',9,34,1,1,1,1,15,3,NULL,1,NULL,NULL,NULL,5000,1,NULL,NULL,NULL,NULL,NULL),(252,NULL,'252',9,34,1,1,1,1,15,3,NULL,1,NULL,NULL,NULL,5000,1,NULL,NULL,NULL,NULL,NULL),(253,NULL,'253',9,34,1,1,1,1,15,3,NULL,1,NULL,NULL,NULL,5000,1,NULL,NULL,NULL,NULL,NULL),(254,NULL,'254',9,34,1,1,1,1,15,3,NULL,1,NULL,NULL,NULL,5000,1,NULL,NULL,NULL,NULL,NULL),(255,NULL,'255',9,34,1,1,1,1,15,3,NULL,1,NULL,NULL,NULL,5000,1,NULL,NULL,NULL,NULL,NULL),(256,NULL,'256',9,34,1,1,1,1,15,3,NULL,1,NULL,NULL,NULL,5000,1,NULL,NULL,NULL,NULL,NULL),(257,NULL,'257',9,34,1,1,1,1,15,3,NULL,1,NULL,NULL,NULL,5000,1,NULL,NULL,NULL,NULL,NULL),(258,NULL,'258',9,34,1,1,1,1,15,3,NULL,1,NULL,NULL,NULL,5000,1,NULL,NULL,NULL,NULL,NULL),(259,NULL,'259',9,34,1,1,1,1,15,3,NULL,1,NULL,NULL,NULL,5000,1,NULL,NULL,NULL,NULL,NULL),(260,NULL,'260',9,34,1,1,1,1,15,3,NULL,1,NULL,NULL,NULL,5000,1,NULL,NULL,NULL,NULL,NULL),(261,NULL,'261',9,34,1,1,1,1,15,3,NULL,1,NULL,NULL,NULL,5000,1,NULL,NULL,NULL,NULL,NULL),(262,NULL,'262',9,34,1,1,1,1,15,3,NULL,1,NULL,NULL,NULL,5000,1,NULL,NULL,NULL,NULL,NULL),(263,NULL,'263',9,34,1,1,1,1,15,3,NULL,1,NULL,NULL,NULL,5000,1,NULL,NULL,NULL,NULL,NULL),(264,NULL,'264',9,34,1,1,1,1,15,3,NULL,1,NULL,NULL,NULL,5000,1,NULL,NULL,NULL,NULL,NULL),(265,NULL,'265',9,34,1,1,1,1,15,3,NULL,1,NULL,NULL,NULL,5000,1,NULL,NULL,NULL,NULL,NULL),(266,NULL,'266',9,34,1,1,1,1,15,3,NULL,1,NULL,NULL,NULL,5000,1,NULL,NULL,NULL,NULL,NULL),(267,NULL,'267',9,34,1,1,1,1,15,3,NULL,1,NULL,NULL,NULL,5000,1,NULL,NULL,NULL,NULL,NULL),(268,NULL,'268',9,34,1,1,1,1,15,3,NULL,1,NULL,NULL,NULL,5000,1,NULL,NULL,NULL,NULL,NULL),(269,NULL,'269',9,34,1,1,1,1,15,3,NULL,1,NULL,NULL,NULL,5000,1,NULL,NULL,NULL,NULL,NULL),(270,NULL,'270',9,34,1,1,1,1,15,3,NULL,1,NULL,NULL,NULL,5000,1,NULL,NULL,NULL,NULL,NULL),(271,NULL,'271',9,34,1,1,1,1,15,3,NULL,1,NULL,NULL,NULL,5000,1,NULL,NULL,NULL,NULL,NULL),(272,NULL,'272',9,34,1,1,1,1,15,3,NULL,1,NULL,NULL,NULL,5000,1,NULL,NULL,NULL,NULL,NULL),(273,NULL,'273',9,34,1,1,1,1,15,3,NULL,1,NULL,NULL,NULL,5000,1,NULL,NULL,NULL,NULL,NULL),(274,NULL,'274',9,34,1,1,1,1,15,3,NULL,1,NULL,NULL,NULL,5000,1,NULL,NULL,NULL,NULL,NULL),(275,NULL,'275',9,34,1,1,1,1,15,3,NULL,1,NULL,NULL,NULL,5000,1,NULL,NULL,NULL,NULL,NULL),(276,NULL,'276',9,34,1,1,1,1,15,3,NULL,1,NULL,NULL,NULL,5000,1,NULL,NULL,NULL,NULL,NULL),(277,NULL,'277',9,34,1,1,1,1,15,3,NULL,1,NULL,NULL,NULL,5000,1,NULL,NULL,NULL,NULL,NULL),(278,NULL,'278',9,34,1,1,1,1,15,3,NULL,1,NULL,NULL,NULL,5000,1,NULL,NULL,NULL,NULL,NULL),(279,NULL,'279',9,34,1,1,1,1,15,3,NULL,1,NULL,NULL,NULL,5000,1,NULL,NULL,NULL,NULL,NULL),(280,NULL,'280',9,34,1,1,1,1,15,3,NULL,1,NULL,NULL,NULL,5000,1,NULL,NULL,NULL,NULL,NULL),(281,NULL,'281',9,34,1,1,1,1,15,3,NULL,1,NULL,NULL,NULL,5000,1,NULL,NULL,NULL,NULL,NULL),(282,NULL,'282',9,34,1,1,1,1,15,3,NULL,1,NULL,NULL,NULL,5000,1,NULL,NULL,NULL,NULL,NULL),(283,NULL,'283',9,34,1,1,1,1,15,3,NULL,1,NULL,NULL,NULL,5000,1,NULL,NULL,NULL,NULL,NULL),(284,NULL,'284',9,34,1,1,1,1,15,3,NULL,1,NULL,NULL,NULL,5000,1,NULL,NULL,NULL,NULL,NULL),(285,NULL,'285',9,34,1,1,1,1,15,3,NULL,1,NULL,NULL,NULL,5000,1,NULL,NULL,NULL,NULL,NULL),(286,NULL,'286',9,34,1,1,1,1,15,3,NULL,1,NULL,NULL,NULL,5000,1,NULL,NULL,NULL,NULL,NULL),(287,NULL,'287',9,34,1,1,1,1,15,3,NULL,1,NULL,NULL,NULL,5000,1,NULL,NULL,NULL,NULL,NULL),(288,NULL,'288',9,34,1,1,1,1,15,3,NULL,1,NULL,NULL,NULL,5000,1,NULL,NULL,NULL,NULL,NULL),(289,NULL,'289',9,34,1,1,1,1,15,3,NULL,1,NULL,NULL,NULL,5000,1,NULL,NULL,NULL,NULL,NULL),(290,NULL,'290',9,34,1,1,1,1,15,3,NULL,1,NULL,NULL,NULL,5000,1,NULL,NULL,NULL,NULL,NULL),(291,NULL,'291',9,34,1,1,1,1,15,3,NULL,1,NULL,NULL,NULL,5000,1,NULL,NULL,NULL,NULL,NULL),(292,NULL,'292',9,34,1,1,1,1,15,3,NULL,1,NULL,NULL,NULL,5000,1,NULL,NULL,NULL,NULL,NULL),(293,NULL,'293',9,34,1,1,1,1,15,3,NULL,1,NULL,NULL,NULL,5000,1,NULL,NULL,NULL,NULL,NULL),(294,NULL,'294',9,34,1,1,1,1,15,3,NULL,1,NULL,NULL,NULL,5000,1,NULL,NULL,NULL,NULL,NULL),(295,NULL,'295',9,34,1,1,1,1,15,3,NULL,1,NULL,NULL,NULL,5000,1,NULL,NULL,NULL,NULL,NULL),(296,NULL,'296',9,34,1,1,1,1,15,3,NULL,1,NULL,NULL,NULL,5000,1,NULL,NULL,NULL,NULL,NULL),(297,NULL,'297',9,34,1,1,1,1,15,3,NULL,1,NULL,NULL,NULL,5000,1,NULL,NULL,NULL,NULL,NULL),(298,NULL,'298',9,34,1,1,1,1,15,3,NULL,1,NULL,NULL,NULL,5000,1,NULL,NULL,NULL,NULL,NULL),(299,NULL,'299',9,34,1,1,1,1,15,3,NULL,1,NULL,NULL,NULL,5000,1,NULL,NULL,NULL,NULL,NULL),(300,NULL,'300',9,34,1,1,1,1,15,3,NULL,1,NULL,NULL,NULL,5000,1,NULL,NULL,NULL,NULL,NULL),(301,NULL,'301',9,34,1,1,1,1,15,3,NULL,1,NULL,NULL,NULL,5000,1,NULL,NULL,NULL,NULL,NULL),(302,NULL,'302',9,34,1,1,1,1,15,3,NULL,1,NULL,NULL,NULL,5000,1,NULL,NULL,NULL,NULL,NULL),(303,NULL,'303',9,34,1,1,1,1,15,3,NULL,1,NULL,NULL,NULL,5000,1,NULL,NULL,NULL,NULL,NULL),(304,NULL,'304',9,34,1,1,1,1,15,3,NULL,1,NULL,NULL,NULL,5000,1,NULL,NULL,NULL,NULL,NULL),(305,NULL,'305',9,34,1,1,1,1,15,3,NULL,1,NULL,NULL,NULL,5000,1,NULL,NULL,NULL,NULL,NULL),(306,NULL,'306',9,34,1,1,1,1,15,3,NULL,1,NULL,NULL,NULL,5000,1,NULL,NULL,NULL,NULL,NULL),(307,NULL,'307',9,34,1,1,1,1,15,3,NULL,1,NULL,NULL,NULL,5000,1,NULL,NULL,NULL,NULL,NULL),(308,NULL,'308',9,34,1,1,1,1,15,3,NULL,1,NULL,NULL,NULL,5000,1,NULL,NULL,NULL,NULL,NULL),(309,NULL,'309',9,34,1,1,1,1,15,3,NULL,1,NULL,NULL,NULL,5000,1,NULL,NULL,NULL,NULL,NULL),(310,NULL,'310',9,34,1,1,1,1,15,3,NULL,1,NULL,NULL,NULL,5000,1,NULL,NULL,NULL,NULL,NULL),(311,NULL,'311',9,34,1,1,1,1,15,3,NULL,1,NULL,NULL,NULL,5000,1,NULL,NULL,NULL,NULL,NULL),(312,NULL,'312',9,34,1,1,1,1,15,3,NULL,1,NULL,NULL,NULL,5000,1,NULL,NULL,NULL,NULL,NULL),(313,NULL,'313',9,34,1,1,1,1,15,3,NULL,1,NULL,NULL,NULL,5000,1,NULL,NULL,NULL,NULL,NULL),(314,NULL,'314',9,34,1,1,1,1,15,3,NULL,1,NULL,NULL,NULL,5000,1,NULL,NULL,NULL,NULL,NULL),(315,NULL,'315',9,34,1,1,1,1,15,3,NULL,1,NULL,NULL,NULL,5000,1,NULL,NULL,NULL,NULL,NULL),(316,NULL,'316',9,34,1,1,1,1,15,3,NULL,1,NULL,NULL,NULL,5000,1,NULL,NULL,NULL,NULL,NULL),(317,NULL,'317',9,34,1,1,1,1,15,3,NULL,1,NULL,NULL,NULL,5000,1,NULL,NULL,NULL,NULL,NULL),(318,NULL,'318',9,34,1,1,1,1,15,3,NULL,1,NULL,NULL,NULL,5000,1,NULL,NULL,NULL,NULL,NULL),(319,NULL,'319',9,34,1,1,1,1,15,3,NULL,1,NULL,NULL,NULL,5000,1,NULL,NULL,NULL,NULL,NULL),(320,NULL,'320',9,34,1,1,1,1,15,3,NULL,1,NULL,NULL,NULL,5000,1,NULL,NULL,NULL,NULL,NULL),(321,NULL,'321',9,34,1,1,1,1,15,3,NULL,1,NULL,NULL,NULL,5000,1,NULL,NULL,NULL,NULL,NULL),(322,NULL,'322',9,34,1,1,1,1,15,3,NULL,1,NULL,NULL,NULL,5000,1,NULL,NULL,NULL,NULL,NULL),(323,NULL,'323',9,34,1,1,1,1,15,3,NULL,1,NULL,NULL,NULL,5000,1,NULL,NULL,NULL,NULL,NULL),(324,NULL,'324',9,34,1,1,1,1,15,3,NULL,1,NULL,NULL,NULL,5000,1,NULL,NULL,NULL,NULL,NULL),(325,NULL,'325',9,34,1,1,1,1,15,3,NULL,1,NULL,NULL,NULL,5000,1,NULL,NULL,NULL,NULL,NULL),(326,NULL,'326',9,34,1,1,1,1,15,3,NULL,1,NULL,NULL,NULL,5000,1,NULL,NULL,NULL,NULL,NULL),(327,NULL,'327',9,34,1,1,1,1,15,3,NULL,1,NULL,NULL,NULL,5000,1,NULL,NULL,NULL,NULL,NULL),(328,NULL,'328',9,34,1,1,1,1,15,3,NULL,1,NULL,NULL,NULL,5000,1,NULL,NULL,NULL,NULL,NULL),(329,NULL,'329',9,34,1,1,1,1,15,3,NULL,1,NULL,NULL,NULL,5000,1,NULL,NULL,NULL,NULL,NULL),(330,NULL,'330',9,34,1,1,1,1,15,3,NULL,1,NULL,NULL,NULL,5000,1,NULL,NULL,NULL,NULL,NULL),(331,NULL,'331',9,34,1,1,1,1,15,3,NULL,1,NULL,NULL,NULL,5000,1,NULL,NULL,NULL,NULL,NULL),(332,NULL,'332',9,34,1,1,1,1,15,3,NULL,1,NULL,NULL,NULL,5000,1,NULL,NULL,NULL,NULL,NULL),(333,NULL,'333',9,34,1,1,1,1,15,3,NULL,1,NULL,NULL,NULL,5000,1,NULL,NULL,NULL,NULL,NULL),(334,NULL,'334',9,34,1,1,1,1,15,3,NULL,1,NULL,NULL,NULL,5000,1,NULL,NULL,NULL,NULL,NULL),(335,NULL,'335',9,34,1,1,1,1,15,3,NULL,1,NULL,NULL,NULL,5000,1,NULL,NULL,NULL,NULL,NULL),(336,NULL,'336',9,34,1,1,1,1,15,3,NULL,1,NULL,NULL,NULL,5000,1,NULL,NULL,NULL,NULL,NULL),(337,NULL,'337',9,34,1,1,1,1,15,3,NULL,1,NULL,NULL,NULL,5000,1,NULL,NULL,NULL,NULL,NULL),(338,NULL,'338',9,34,1,1,1,1,15,3,NULL,1,NULL,NULL,NULL,5000,1,NULL,NULL,NULL,NULL,NULL),(339,NULL,'339',9,34,1,1,1,1,15,3,NULL,1,NULL,NULL,NULL,5000,1,NULL,NULL,NULL,NULL,NULL),(340,NULL,'340',9,34,1,1,1,1,15,3,NULL,1,NULL,NULL,NULL,5000,1,NULL,NULL,NULL,NULL,NULL),(341,NULL,'341',9,34,1,1,1,1,15,3,NULL,1,NULL,NULL,NULL,5000,1,NULL,NULL,NULL,NULL,NULL),(342,NULL,'342',9,34,1,1,1,1,15,3,NULL,1,NULL,NULL,NULL,5000,1,NULL,NULL,NULL,NULL,NULL),(343,NULL,'343',9,34,1,1,1,1,15,3,NULL,1,NULL,NULL,NULL,5000,1,NULL,NULL,NULL,NULL,NULL),(344,NULL,'344',9,34,1,1,1,1,15,3,NULL,1,NULL,NULL,NULL,5000,1,NULL,NULL,NULL,NULL,NULL),(345,NULL,'345',9,34,1,1,1,1,15,3,NULL,1,NULL,NULL,NULL,5000,1,NULL,NULL,NULL,NULL,NULL),(346,NULL,'346',9,34,1,1,1,1,15,3,NULL,1,NULL,NULL,NULL,5000,1,NULL,NULL,NULL,NULL,NULL),(347,NULL,'347',9,34,1,1,1,1,15,3,NULL,1,NULL,NULL,NULL,5000,1,NULL,NULL,NULL,NULL,NULL),(348,NULL,'348',9,34,1,1,1,1,15,3,NULL,1,NULL,NULL,NULL,5000,1,NULL,NULL,NULL,NULL,NULL),(349,NULL,'349',9,34,1,1,1,1,15,3,NULL,1,NULL,NULL,NULL,5000,1,NULL,NULL,NULL,NULL,NULL),(350,NULL,'350',9,34,1,1,1,1,15,3,NULL,1,NULL,NULL,NULL,5000,1,NULL,NULL,NULL,NULL,NULL),(351,NULL,'351',9,34,1,1,1,1,15,3,NULL,1,NULL,NULL,NULL,5000,1,NULL,NULL,NULL,NULL,NULL),(352,NULL,'352',9,34,1,1,1,1,15,3,NULL,1,NULL,NULL,NULL,5000,1,NULL,NULL,NULL,NULL,NULL),(353,NULL,'353',9,34,1,1,1,1,15,3,NULL,1,NULL,NULL,NULL,5000,1,NULL,NULL,NULL,NULL,NULL),(354,NULL,'354',9,34,1,1,1,1,15,3,NULL,1,NULL,NULL,NULL,5000,1,NULL,NULL,NULL,NULL,NULL),(355,NULL,'355',9,34,1,1,1,1,15,3,NULL,1,NULL,NULL,NULL,5000,1,NULL,NULL,NULL,NULL,NULL),(356,NULL,'356',9,34,1,1,1,1,15,3,NULL,1,NULL,NULL,NULL,5000,1,NULL,NULL,NULL,NULL,NULL),(357,NULL,'357',9,34,1,1,1,1,15,3,NULL,1,NULL,NULL,NULL,5000,1,NULL,NULL,NULL,NULL,NULL),(358,NULL,'358',9,34,1,1,1,1,15,3,NULL,1,NULL,NULL,NULL,5000,1,NULL,NULL,NULL,NULL,NULL),(359,NULL,'359',9,34,1,1,1,1,15,3,NULL,1,NULL,NULL,NULL,5000,1,NULL,NULL,NULL,NULL,NULL),(360,NULL,'360',9,34,1,1,1,1,15,3,NULL,1,NULL,NULL,NULL,5000,1,NULL,NULL,NULL,NULL,NULL),(361,NULL,'361',9,34,1,1,1,1,15,3,NULL,1,NULL,NULL,NULL,5000,1,NULL,NULL,NULL,NULL,NULL),(362,NULL,'362',9,34,1,1,1,1,15,3,NULL,1,NULL,NULL,NULL,5000,1,NULL,NULL,NULL,NULL,NULL),(363,NULL,'363',9,34,1,1,1,1,15,3,NULL,1,NULL,NULL,NULL,5000,1,NULL,NULL,NULL,NULL,NULL),(364,NULL,'364',9,34,1,1,1,1,15,3,NULL,1,NULL,NULL,NULL,5000,1,NULL,NULL,NULL,NULL,NULL),(365,NULL,'365',9,34,1,1,1,1,15,3,NULL,1,NULL,NULL,NULL,5000,1,NULL,NULL,NULL,NULL,NULL),(366,NULL,'366',9,34,1,1,1,1,15,3,NULL,1,NULL,NULL,NULL,5000,1,NULL,NULL,NULL,NULL,NULL),(367,NULL,'367',9,34,1,1,1,1,15,3,NULL,1,NULL,NULL,NULL,5000,1,NULL,NULL,NULL,NULL,NULL),(368,NULL,'368',9,34,1,1,1,1,15,3,NULL,1,NULL,NULL,NULL,5000,1,NULL,NULL,NULL,NULL,NULL),(369,NULL,'369',9,34,1,1,1,1,15,3,NULL,1,NULL,NULL,NULL,5000,1,NULL,NULL,NULL,NULL,NULL),(370,NULL,'370',9,34,1,1,1,1,15,3,NULL,1,NULL,NULL,NULL,5000,1,NULL,NULL,NULL,NULL,NULL),(371,NULL,'371',9,34,1,1,1,1,15,3,NULL,1,NULL,NULL,NULL,5000,1,NULL,NULL,NULL,NULL,NULL),(372,NULL,'372',9,34,1,1,1,1,15,3,NULL,1,NULL,NULL,NULL,5000,1,NULL,NULL,NULL,NULL,NULL),(373,NULL,'373',9,34,1,1,1,1,15,3,NULL,1,NULL,NULL,NULL,5000,1,NULL,NULL,NULL,NULL,NULL),(374,NULL,'374',9,34,1,1,1,1,15,3,NULL,1,NULL,NULL,NULL,5000,1,NULL,NULL,NULL,NULL,NULL),(375,NULL,'375',9,34,1,1,1,1,15,3,NULL,1,NULL,NULL,NULL,5000,1,NULL,NULL,NULL,NULL,NULL),(376,NULL,'376',9,34,1,1,1,1,15,3,NULL,1,NULL,NULL,NULL,5000,1,NULL,NULL,NULL,NULL,NULL),(377,NULL,'377',9,34,1,1,1,1,15,3,NULL,1,NULL,NULL,NULL,5000,1,NULL,NULL,NULL,NULL,NULL),(378,NULL,'378',9,34,1,1,1,1,15,3,NULL,1,NULL,NULL,NULL,5000,1,NULL,NULL,NULL,NULL,NULL),(379,NULL,'379',9,34,1,1,1,1,15,3,NULL,1,NULL,NULL,NULL,5000,1,NULL,NULL,NULL,NULL,NULL),(380,NULL,'380',9,34,1,1,1,1,15,3,NULL,1,NULL,NULL,NULL,5000,1,NULL,NULL,NULL,NULL,NULL),(381,NULL,'381',9,34,1,1,1,1,15,3,NULL,1,NULL,NULL,NULL,5000,1,NULL,NULL,NULL,NULL,NULL),(382,NULL,'382',9,34,1,1,1,1,15,3,NULL,1,NULL,NULL,NULL,5000,1,NULL,NULL,NULL,NULL,NULL),(383,NULL,'383',9,34,1,1,1,1,15,3,NULL,1,NULL,NULL,NULL,5000,1,NULL,NULL,NULL,NULL,NULL),(384,NULL,'384',9,34,1,1,1,1,15,3,NULL,1,NULL,NULL,NULL,5000,1,NULL,NULL,NULL,NULL,NULL),(385,NULL,'385',9,34,1,1,1,1,15,3,NULL,1,NULL,NULL,NULL,5000,1,NULL,NULL,NULL,NULL,NULL),(386,NULL,'386',9,34,1,1,1,1,15,3,NULL,1,NULL,NULL,NULL,5000,1,NULL,NULL,NULL,NULL,NULL),(387,NULL,'387',9,34,1,1,1,1,15,3,NULL,1,NULL,NULL,NULL,5000,1,NULL,NULL,NULL,NULL,NULL),(388,NULL,'388',9,34,1,1,1,1,15,3,NULL,1,NULL,NULL,NULL,5000,1,NULL,NULL,NULL,NULL,NULL),(389,NULL,'389',9,34,1,1,1,1,15,3,NULL,1,NULL,NULL,NULL,5000,1,NULL,NULL,NULL,NULL,NULL),(390,NULL,'390',9,34,1,1,1,1,15,3,NULL,1,NULL,NULL,NULL,5000,1,NULL,NULL,NULL,NULL,NULL),(391,NULL,'391',9,34,1,1,1,1,15,3,NULL,1,NULL,NULL,NULL,5000,1,NULL,NULL,NULL,NULL,NULL),(392,NULL,'392',9,34,1,1,1,1,15,3,NULL,1,NULL,NULL,NULL,5000,1,NULL,NULL,NULL,NULL,NULL),(393,NULL,'393',9,34,1,1,1,1,15,3,NULL,1,NULL,NULL,NULL,5000,1,NULL,NULL,NULL,NULL,NULL),(394,NULL,'394',9,34,1,1,1,1,15,3,NULL,1,NULL,NULL,NULL,5000,1,NULL,NULL,NULL,NULL,NULL),(395,NULL,'395',9,34,1,1,1,1,15,3,NULL,1,NULL,NULL,NULL,5000,1,NULL,NULL,NULL,NULL,NULL),(396,NULL,'396',9,34,1,1,1,1,15,3,NULL,1,NULL,NULL,NULL,5000,1,NULL,NULL,NULL,NULL,NULL),(397,NULL,'397',9,34,1,1,1,1,15,3,NULL,1,NULL,NULL,NULL,5000,1,NULL,NULL,NULL,NULL,NULL),(398,NULL,'398',9,34,1,1,1,1,15,3,NULL,1,NULL,NULL,NULL,5000,1,NULL,NULL,NULL,NULL,NULL),(399,NULL,'399',9,34,1,1,1,1,15,3,NULL,1,NULL,NULL,NULL,5000,1,NULL,NULL,NULL,NULL,NULL),(400,NULL,'400',9,34,1,1,1,1,15,3,NULL,1,NULL,NULL,NULL,5000,1,NULL,NULL,NULL,NULL,NULL),(401,NULL,'401',9,34,1,1,1,1,15,3,NULL,1,NULL,NULL,NULL,5000,1,NULL,NULL,NULL,NULL,NULL),(402,NULL,'402',9,34,1,1,1,1,15,3,NULL,1,NULL,NULL,NULL,5000,1,NULL,NULL,NULL,NULL,NULL),(403,NULL,'403',9,34,1,1,1,1,15,3,NULL,1,NULL,NULL,NULL,5000,1,NULL,NULL,NULL,NULL,NULL),(404,NULL,'404',9,34,1,1,1,1,15,3,NULL,1,NULL,NULL,NULL,5000,1,NULL,NULL,NULL,NULL,NULL),(405,NULL,'405',9,34,1,1,1,1,15,3,NULL,1,NULL,NULL,NULL,5000,1,NULL,NULL,NULL,NULL,NULL),(406,NULL,'406',9,34,1,1,1,1,15,3,NULL,1,NULL,NULL,NULL,5000,1,NULL,NULL,NULL,NULL,NULL),(407,NULL,'407',9,34,1,1,1,1,15,3,NULL,1,NULL,NULL,NULL,5000,1,NULL,NULL,NULL,NULL,NULL),(408,NULL,'408',9,34,1,1,1,1,15,3,NULL,1,NULL,NULL,NULL,5000,1,NULL,NULL,NULL,NULL,NULL),(409,NULL,'409',9,34,1,1,1,1,15,3,NULL,1,NULL,NULL,NULL,5000,1,NULL,NULL,NULL,NULL,NULL),(410,NULL,'410',9,34,1,1,1,1,15,3,NULL,1,NULL,NULL,NULL,5000,1,NULL,NULL,NULL,NULL,NULL),(411,NULL,'411',9,34,1,1,1,1,15,3,NULL,1,NULL,NULL,NULL,5000,1,NULL,NULL,NULL,NULL,NULL),(412,NULL,'412',9,34,1,1,1,1,15,3,NULL,1,NULL,NULL,NULL,5000,1,NULL,NULL,NULL,NULL,NULL),(413,NULL,'413',9,34,1,1,1,1,15,3,NULL,1,NULL,NULL,NULL,5000,1,NULL,NULL,NULL,NULL,NULL),(414,NULL,'414',9,34,1,1,1,1,15,3,NULL,1,NULL,NULL,NULL,5000,1,NULL,NULL,NULL,NULL,NULL),(415,NULL,'415',9,34,1,1,1,1,15,3,NULL,1,NULL,NULL,NULL,5000,1,NULL,NULL,NULL,NULL,NULL),(416,NULL,'416',9,34,1,1,1,1,15,3,NULL,1,NULL,NULL,NULL,5000,1,NULL,NULL,NULL,NULL,NULL),(417,NULL,'417',9,34,1,1,1,1,15,3,NULL,1,NULL,NULL,NULL,5000,1,NULL,NULL,NULL,NULL,NULL),(418,NULL,'418',9,34,1,1,1,1,15,3,NULL,1,NULL,NULL,NULL,5000,1,NULL,NULL,NULL,NULL,NULL),(419,NULL,'419',9,34,1,1,1,1,15,3,NULL,1,NULL,NULL,NULL,5000,1,NULL,NULL,NULL,NULL,NULL),(420,NULL,'420',9,34,1,1,1,1,15,3,NULL,1,NULL,NULL,NULL,5000,1,NULL,NULL,NULL,NULL,NULL),(421,NULL,'421',9,34,1,1,1,1,15,3,NULL,1,NULL,NULL,NULL,5000,1,NULL,NULL,NULL,NULL,NULL),(422,NULL,'422',9,34,1,1,1,1,15,3,NULL,1,NULL,NULL,NULL,5000,1,NULL,NULL,NULL,NULL,NULL),(423,NULL,'423',9,34,1,1,1,1,15,3,NULL,1,NULL,NULL,NULL,5000,1,NULL,NULL,NULL,NULL,NULL),(424,NULL,'424',9,34,1,1,1,1,15,3,NULL,1,NULL,NULL,NULL,5000,1,NULL,NULL,NULL,NULL,NULL),(425,NULL,'425',9,34,1,1,1,1,15,3,NULL,1,NULL,NULL,NULL,5000,1,NULL,NULL,NULL,NULL,NULL),(426,NULL,'426',9,34,1,1,1,1,15,3,NULL,1,NULL,NULL,NULL,5000,1,NULL,NULL,NULL,NULL,NULL),(427,NULL,'427',9,34,1,1,1,1,15,3,NULL,1,NULL,NULL,NULL,5000,1,NULL,NULL,NULL,NULL,NULL),(428,NULL,'428',9,34,1,1,1,1,15,3,NULL,1,NULL,NULL,NULL,5000,1,NULL,NULL,NULL,NULL,NULL),(429,NULL,'429',9,34,1,1,1,1,15,3,NULL,1,NULL,NULL,NULL,5000,1,NULL,NULL,NULL,NULL,NULL),(430,NULL,'430',9,34,1,1,1,1,15,3,NULL,1,NULL,NULL,NULL,5000,1,NULL,NULL,NULL,NULL,NULL),(431,NULL,'431',9,34,1,1,1,1,15,3,NULL,1,NULL,NULL,NULL,5000,1,NULL,NULL,NULL,NULL,NULL),(432,NULL,'432',9,34,1,1,1,1,15,3,NULL,1,NULL,NULL,NULL,5000,1,NULL,NULL,NULL,NULL,NULL),(433,NULL,'433',9,34,1,1,1,1,15,3,NULL,1,NULL,NULL,NULL,5000,1,NULL,NULL,NULL,NULL,NULL),(434,NULL,'434',9,34,1,1,1,1,15,3,NULL,1,NULL,NULL,NULL,5000,1,NULL,NULL,NULL,NULL,NULL),(435,NULL,'435',9,34,1,1,1,1,15,3,NULL,1,NULL,NULL,NULL,5000,1,NULL,NULL,NULL,NULL,NULL),(436,NULL,'436',9,34,1,1,1,1,15,3,NULL,1,NULL,NULL,NULL,5000,1,NULL,NULL,NULL,NULL,NULL),(437,NULL,'437',9,34,1,1,1,1,15,3,NULL,1,NULL,NULL,NULL,5000,1,NULL,NULL,NULL,NULL,NULL),(438,NULL,'438',9,34,1,1,1,1,15,3,NULL,1,NULL,NULL,NULL,5000,1,NULL,NULL,NULL,NULL,NULL),(439,NULL,'439',9,34,1,1,1,1,15,3,NULL,1,NULL,NULL,NULL,5000,1,NULL,NULL,NULL,NULL,NULL),(440,NULL,'440',9,34,1,1,1,1,15,3,NULL,1,NULL,NULL,NULL,5000,1,NULL,NULL,NULL,NULL,NULL),(441,NULL,'441',9,34,1,1,1,1,15,3,NULL,1,NULL,NULL,NULL,5000,1,NULL,NULL,NULL,NULL,NULL),(442,NULL,'442',9,34,1,1,1,1,15,3,NULL,1,NULL,NULL,NULL,5000,1,NULL,NULL,NULL,NULL,NULL),(443,NULL,'443',9,34,1,1,1,1,15,3,NULL,1,NULL,NULL,NULL,5000,1,NULL,NULL,NULL,NULL,NULL),(444,NULL,'444',9,34,1,1,1,1,15,3,NULL,1,NULL,NULL,NULL,5000,1,NULL,NULL,NULL,NULL,NULL),(445,NULL,'445',9,34,1,1,1,1,15,3,NULL,1,NULL,NULL,NULL,5000,1,NULL,NULL,NULL,NULL,NULL),(446,NULL,'446',9,34,1,1,1,1,15,3,NULL,1,NULL,NULL,NULL,5000,1,NULL,NULL,NULL,NULL,NULL),(447,NULL,'447',9,34,1,1,1,1,15,3,NULL,1,NULL,NULL,NULL,5000,1,NULL,NULL,NULL,NULL,NULL),(448,NULL,'448',9,34,1,1,1,1,15,3,NULL,1,NULL,NULL,NULL,5000,1,NULL,NULL,NULL,NULL,NULL),(449,NULL,'449',9,34,1,1,1,1,15,3,NULL,1,NULL,NULL,NULL,5000,1,NULL,NULL,NULL,NULL,NULL),(450,NULL,'450',9,34,1,1,1,1,15,3,NULL,1,NULL,NULL,NULL,5000,1,NULL,NULL,NULL,NULL,NULL),(451,NULL,'451',9,34,1,1,1,1,15,3,NULL,1,NULL,NULL,NULL,5000,1,NULL,NULL,NULL,NULL,NULL),(452,NULL,'452',9,34,1,1,1,1,15,3,NULL,1,NULL,NULL,NULL,5000,1,NULL,NULL,NULL,NULL,NULL),(453,NULL,'453',9,34,1,1,1,1,15,3,NULL,1,NULL,NULL,NULL,5000,1,NULL,NULL,NULL,NULL,NULL),(454,NULL,'454',9,34,1,1,1,1,15,3,NULL,1,NULL,NULL,NULL,5000,1,NULL,NULL,NULL,NULL,NULL),(455,NULL,'455',9,34,1,1,1,1,15,3,NULL,1,NULL,NULL,NULL,5000,1,NULL,NULL,NULL,NULL,NULL),(456,NULL,'456',9,34,1,1,1,1,15,3,NULL,1,NULL,NULL,NULL,5000,1,NULL,NULL,NULL,NULL,NULL),(457,NULL,'457',9,34,1,1,1,1,15,3,NULL,1,NULL,NULL,NULL,5000,1,NULL,NULL,NULL,NULL,NULL),(458,NULL,'458',9,34,1,1,1,1,15,3,NULL,1,NULL,NULL,NULL,5000,1,NULL,NULL,NULL,NULL,NULL),(459,NULL,'459',9,34,1,1,1,1,15,3,NULL,1,NULL,NULL,NULL,5000,1,NULL,NULL,NULL,NULL,NULL),(460,NULL,'460',9,34,1,1,1,1,15,3,NULL,1,NULL,NULL,NULL,5000,1,NULL,NULL,NULL,NULL,NULL),(461,NULL,'461',9,34,1,1,1,1,15,3,NULL,1,NULL,NULL,NULL,5000,1,NULL,NULL,NULL,NULL,NULL),(462,NULL,'462',9,34,1,1,1,1,15,3,NULL,1,NULL,NULL,NULL,5000,1,NULL,NULL,NULL,NULL,NULL),(463,NULL,'463',9,34,1,1,1,1,15,3,NULL,1,NULL,NULL,NULL,5000,1,NULL,NULL,NULL,NULL,NULL),(464,NULL,'464',9,34,1,1,1,1,15,3,NULL,1,NULL,NULL,NULL,5000,1,NULL,NULL,NULL,NULL,NULL),(465,NULL,'465',9,34,1,1,1,1,15,3,NULL,1,NULL,NULL,NULL,5000,1,NULL,NULL,NULL,NULL,NULL),(466,NULL,'466',9,34,1,1,1,1,15,3,NULL,1,NULL,NULL,NULL,5000,1,NULL,NULL,NULL,NULL,NULL),(467,NULL,'467',9,34,1,1,1,1,15,3,NULL,1,NULL,NULL,NULL,5000,1,NULL,NULL,NULL,NULL,NULL),(468,NULL,'468',9,34,1,1,1,1,15,3,NULL,1,NULL,NULL,NULL,5000,1,NULL,NULL,NULL,NULL,NULL),(469,NULL,'469',9,34,1,1,1,1,15,3,NULL,1,NULL,NULL,NULL,5000,1,NULL,NULL,NULL,NULL,NULL),(470,NULL,'470',9,34,1,1,1,1,15,3,NULL,1,NULL,NULL,NULL,5000,1,NULL,NULL,NULL,NULL,NULL),(471,NULL,'471',9,34,1,1,1,1,15,3,NULL,1,NULL,NULL,NULL,5000,1,NULL,NULL,NULL,NULL,NULL),(472,NULL,'472',9,34,1,1,1,1,15,3,NULL,1,NULL,NULL,NULL,5000,1,NULL,NULL,NULL,NULL,NULL),(473,NULL,'473',9,34,1,1,1,1,15,3,NULL,1,NULL,NULL,NULL,5000,1,NULL,NULL,NULL,NULL,NULL),(474,NULL,'474',9,34,1,1,1,1,15,3,NULL,1,NULL,NULL,NULL,5000,1,NULL,NULL,NULL,NULL,NULL),(475,NULL,'475',9,34,1,1,1,1,15,3,NULL,1,NULL,NULL,NULL,5000,1,NULL,NULL,NULL,NULL,NULL),(476,NULL,'476',9,34,1,1,1,1,15,3,NULL,1,NULL,NULL,NULL,5000,1,NULL,NULL,NULL,NULL,NULL),(477,NULL,'477',9,34,1,1,1,1,15,3,NULL,1,NULL,NULL,NULL,5000,1,NULL,NULL,NULL,NULL,NULL),(478,NULL,'478',9,34,1,1,1,1,15,3,NULL,1,NULL,NULL,NULL,5000,1,NULL,NULL,NULL,NULL,NULL),(479,NULL,'479',9,34,1,1,1,1,15,3,NULL,1,NULL,NULL,NULL,5000,1,NULL,NULL,NULL,NULL,NULL),(480,NULL,'480',9,34,1,1,1,1,15,3,NULL,1,NULL,NULL,NULL,5000,1,NULL,NULL,NULL,NULL,NULL),(481,NULL,'481',9,34,1,1,1,1,15,3,NULL,1,NULL,NULL,NULL,5000,1,NULL,NULL,NULL,NULL,NULL),(482,NULL,'482',9,34,1,1,1,1,15,3,NULL,1,NULL,NULL,NULL,5000,1,NULL,NULL,NULL,NULL,NULL),(483,NULL,'483',9,34,1,1,1,1,15,3,NULL,1,NULL,NULL,NULL,5000,1,NULL,NULL,NULL,NULL,NULL),(484,NULL,'484',9,34,1,1,1,1,15,3,NULL,1,NULL,NULL,NULL,5000,1,NULL,NULL,NULL,NULL,NULL),(485,NULL,'485',9,34,1,1,1,1,15,3,NULL,1,NULL,NULL,NULL,5000,1,NULL,NULL,NULL,NULL,NULL),(486,NULL,'486',9,34,1,1,1,1,15,3,NULL,1,NULL,NULL,NULL,5000,1,NULL,NULL,NULL,NULL,NULL),(487,NULL,'487',9,34,1,1,1,1,15,3,NULL,1,NULL,NULL,NULL,5000,1,NULL,NULL,NULL,NULL,NULL),(488,NULL,'488',9,34,1,1,1,1,15,3,NULL,1,NULL,NULL,NULL,5000,1,NULL,NULL,NULL,NULL,NULL),(489,NULL,'489',9,34,1,1,1,1,15,3,NULL,1,NULL,NULL,NULL,5000,1,NULL,NULL,NULL,NULL,NULL),(490,NULL,'490',9,34,1,1,1,1,15,3,NULL,1,NULL,NULL,NULL,5000,1,NULL,NULL,NULL,NULL,NULL),(491,NULL,'491',9,34,1,1,1,1,15,3,NULL,1,NULL,NULL,NULL,5000,1,NULL,NULL,NULL,NULL,NULL),(492,NULL,'492',9,34,1,1,1,1,15,3,NULL,1,NULL,NULL,NULL,5000,1,NULL,NULL,NULL,NULL,NULL),(493,NULL,'493',9,34,1,1,1,1,15,3,NULL,1,NULL,NULL,NULL,5000,1,NULL,NULL,NULL,NULL,NULL),(494,NULL,'494',9,34,1,1,1,1,15,3,NULL,1,NULL,NULL,NULL,5000,1,NULL,NULL,NULL,NULL,NULL),(495,NULL,'495',9,34,1,1,1,1,15,3,NULL,1,NULL,NULL,NULL,5000,1,NULL,NULL,NULL,NULL,NULL),(496,NULL,'496',9,34,1,1,1,1,15,3,NULL,1,NULL,NULL,NULL,5000,1,NULL,NULL,NULL,NULL,NULL),(497,NULL,'497',9,34,1,1,1,1,15,3,NULL,1,NULL,NULL,NULL,5000,1,NULL,NULL,NULL,NULL,NULL),(498,NULL,'498',9,34,1,1,1,1,15,3,NULL,1,NULL,NULL,NULL,5000,1,NULL,NULL,NULL,NULL,NULL),(499,NULL,'499',9,34,1,1,1,1,15,3,NULL,1,NULL,NULL,NULL,5000,1,NULL,NULL,NULL,NULL,NULL),(500,NULL,'500',9,34,1,1,1,1,15,3,NULL,1,NULL,NULL,NULL,5000,1,NULL,NULL,NULL,NULL,NULL),(501,NULL,'501',9,34,1,1,1,1,15,3,NULL,1,NULL,NULL,NULL,5000,1,NULL,NULL,NULL,NULL,NULL),(502,NULL,'502',9,34,1,1,1,1,15,3,NULL,1,NULL,NULL,NULL,5000,1,NULL,NULL,NULL,NULL,NULL),(503,NULL,'503',9,34,1,1,1,1,15,3,NULL,1,NULL,NULL,NULL,5000,1,NULL,NULL,NULL,NULL,NULL),(504,NULL,'504',9,34,1,1,1,1,15,3,NULL,1,NULL,NULL,NULL,5000,1,NULL,NULL,NULL,NULL,NULL),(505,NULL,'505',9,34,1,1,1,1,15,3,NULL,1,NULL,NULL,NULL,5000,1,NULL,NULL,NULL,NULL,NULL),(506,NULL,'506',9,34,1,1,1,1,15,3,NULL,1,NULL,NULL,NULL,5000,1,NULL,NULL,NULL,NULL,NULL),(507,NULL,'507',9,34,1,1,1,1,15,3,NULL,1,NULL,NULL,NULL,5000,1,NULL,NULL,NULL,NULL,NULL),(508,NULL,'508',9,34,1,1,1,1,15,3,NULL,1,NULL,NULL,NULL,5000,1,NULL,NULL,NULL,NULL,NULL),(509,NULL,'509',9,34,1,1,1,1,15,3,NULL,1,NULL,NULL,NULL,5000,1,NULL,NULL,NULL,NULL,NULL),(510,NULL,'510',9,34,1,1,1,1,15,3,NULL,1,NULL,NULL,NULL,5000,1,NULL,NULL,NULL,NULL,NULL),(511,NULL,'511',9,34,1,1,1,1,15,3,NULL,1,NULL,NULL,NULL,5000,1,NULL,NULL,NULL,NULL,NULL),(512,NULL,'512',9,34,1,1,1,1,15,3,NULL,1,NULL,NULL,NULL,5000,1,NULL,NULL,NULL,NULL,NULL),(513,NULL,'513',9,34,1,1,1,1,15,3,NULL,1,NULL,NULL,NULL,5000,1,NULL,NULL,NULL,NULL,NULL),(514,NULL,'514',9,34,1,1,1,1,15,3,NULL,1,NULL,NULL,NULL,5000,1,NULL,NULL,NULL,NULL,NULL),(515,NULL,'515',9,34,1,1,1,1,15,3,NULL,1,NULL,NULL,NULL,5000,1,NULL,NULL,NULL,NULL,NULL),(516,NULL,'516',9,34,1,1,1,1,15,3,NULL,1,NULL,NULL,NULL,5000,1,NULL,NULL,NULL,NULL,NULL),(517,NULL,'517',9,34,1,1,1,1,15,3,NULL,1,NULL,NULL,NULL,5000,1,NULL,NULL,NULL,NULL,NULL),(518,NULL,'518',9,34,1,1,1,1,15,3,NULL,1,NULL,NULL,NULL,5000,1,NULL,NULL,NULL,NULL,NULL),(519,NULL,'519',9,34,1,1,1,1,15,3,NULL,1,NULL,NULL,NULL,5000,1,NULL,NULL,NULL,NULL,NULL),(520,NULL,'520',9,34,1,1,1,1,15,3,NULL,1,NULL,NULL,NULL,5000,1,NULL,NULL,NULL,NULL,NULL),(521,NULL,'521',9,34,1,1,1,1,15,3,NULL,1,NULL,NULL,NULL,5000,1,NULL,NULL,NULL,NULL,NULL),(522,NULL,'522',9,34,1,1,1,1,15,3,NULL,1,NULL,NULL,NULL,5000,1,NULL,NULL,NULL,NULL,NULL),(523,NULL,'523',9,34,1,1,1,1,15,3,NULL,1,NULL,NULL,NULL,5000,1,NULL,NULL,NULL,NULL,NULL),(524,NULL,'524',9,34,1,1,1,1,15,3,NULL,1,NULL,NULL,NULL,5000,1,NULL,NULL,NULL,NULL,NULL),(525,NULL,'525',9,34,1,1,1,1,15,3,NULL,1,NULL,NULL,NULL,5000,1,NULL,NULL,NULL,NULL,NULL),(526,NULL,'526',9,34,1,1,1,1,15,3,NULL,1,NULL,NULL,NULL,5000,1,NULL,NULL,NULL,NULL,NULL),(527,NULL,'527',9,34,1,1,1,1,15,3,NULL,1,NULL,NULL,NULL,5000,1,NULL,NULL,NULL,NULL,NULL),(528,NULL,'528',9,34,1,1,1,1,15,3,NULL,1,NULL,NULL,NULL,5000,1,NULL,NULL,NULL,NULL,NULL),(529,NULL,'529',9,34,1,1,1,1,15,3,NULL,1,NULL,NULL,NULL,5000,1,NULL,NULL,NULL,NULL,NULL),(530,NULL,'530',9,34,1,1,1,1,15,3,NULL,1,NULL,NULL,NULL,5000,1,NULL,NULL,NULL,NULL,NULL),(531,NULL,'531',9,34,1,1,1,1,15,3,NULL,1,NULL,NULL,NULL,5000,1,NULL,NULL,NULL,NULL,NULL),(532,NULL,'532',9,34,1,1,1,1,15,3,NULL,1,NULL,NULL,NULL,5000,1,NULL,NULL,NULL,NULL,NULL),(533,NULL,'533',9,34,1,1,1,1,15,3,NULL,1,NULL,NULL,NULL,5000,1,NULL,NULL,NULL,NULL,NULL),(534,NULL,'534',9,34,1,1,1,1,15,3,NULL,1,NULL,NULL,NULL,5000,1,NULL,NULL,NULL,NULL,NULL),(535,NULL,'535',9,34,1,1,1,1,15,3,NULL,1,NULL,NULL,NULL,5000,1,NULL,NULL,NULL,NULL,NULL),(536,NULL,'536',9,34,1,1,1,1,15,3,NULL,1,NULL,NULL,NULL,5000,1,NULL,NULL,NULL,NULL,NULL),(537,NULL,'537',9,34,1,1,1,1,15,3,NULL,1,NULL,NULL,NULL,5000,1,NULL,NULL,NULL,NULL,NULL),(538,NULL,'538',9,34,1,1,1,1,15,3,NULL,1,NULL,NULL,NULL,5000,1,NULL,NULL,NULL,NULL,NULL),(539,NULL,'539',9,34,1,1,1,1,15,3,NULL,1,NULL,NULL,NULL,5000,1,NULL,NULL,NULL,NULL,NULL),(540,NULL,'540',9,34,1,1,1,1,15,3,NULL,1,NULL,NULL,NULL,5000,1,NULL,NULL,NULL,NULL,NULL),(541,NULL,'541',9,34,1,1,1,1,15,3,NULL,1,NULL,NULL,NULL,5000,1,NULL,NULL,NULL,NULL,NULL),(542,NULL,'542',9,34,1,1,1,1,15,3,NULL,1,NULL,NULL,NULL,5000,1,NULL,NULL,NULL,NULL,NULL),(543,NULL,'543',9,34,1,1,1,1,15,3,NULL,1,NULL,NULL,NULL,5000,1,NULL,NULL,NULL,NULL,NULL),(544,NULL,'544',9,34,1,1,1,1,15,3,NULL,1,NULL,NULL,NULL,5000,1,NULL,NULL,NULL,NULL,NULL),(545,NULL,'545',9,34,1,1,1,1,15,3,NULL,1,NULL,NULL,NULL,5000,1,NULL,NULL,NULL,NULL,NULL),(546,NULL,'546',9,34,1,1,1,1,15,3,NULL,1,NULL,NULL,NULL,5000,1,NULL,NULL,NULL,NULL,NULL),(547,NULL,'547',9,34,1,1,1,1,15,3,NULL,1,NULL,NULL,NULL,5000,1,NULL,NULL,NULL,NULL,NULL),(548,NULL,'548',9,34,1,1,1,1,15,3,NULL,1,NULL,NULL,NULL,5000,1,NULL,NULL,NULL,NULL,NULL),(549,NULL,'549',9,34,1,1,1,1,15,3,NULL,1,NULL,NULL,NULL,5000,1,NULL,NULL,NULL,NULL,NULL),(550,NULL,'550',9,34,1,1,1,1,15,3,NULL,1,NULL,NULL,NULL,5000,1,NULL,NULL,NULL,NULL,NULL),(551,NULL,'551',9,34,1,1,1,1,15,3,NULL,1,NULL,NULL,NULL,5000,1,NULL,NULL,NULL,NULL,NULL),(552,NULL,'552',9,34,1,1,1,1,15,3,NULL,1,NULL,NULL,NULL,5000,1,NULL,NULL,NULL,NULL,NULL),(553,NULL,'553',9,34,1,1,1,1,15,3,NULL,1,NULL,NULL,NULL,5000,1,NULL,NULL,NULL,NULL,NULL),(554,NULL,'554',9,34,1,1,1,1,15,3,NULL,1,NULL,NULL,NULL,5000,1,NULL,NULL,NULL,NULL,NULL),(555,NULL,'555',9,34,1,1,1,1,15,3,NULL,1,NULL,NULL,NULL,5000,1,NULL,NULL,NULL,NULL,NULL),(556,NULL,'556',9,34,1,1,1,1,15,3,NULL,1,NULL,NULL,NULL,5000,1,NULL,NULL,NULL,NULL,NULL),(557,NULL,'557',9,34,1,1,1,1,15,3,NULL,1,NULL,NULL,NULL,5000,1,NULL,NULL,NULL,NULL,NULL),(558,NULL,'558',9,34,1,1,1,1,15,3,NULL,1,NULL,NULL,NULL,5000,1,NULL,NULL,NULL,NULL,NULL),(559,NULL,'559',9,34,1,1,1,1,15,3,NULL,1,NULL,NULL,NULL,5000,1,NULL,NULL,NULL,NULL,NULL),(560,NULL,'560',9,34,1,1,1,1,15,3,NULL,1,NULL,NULL,NULL,5000,1,NULL,NULL,NULL,NULL,NULL),(561,NULL,'561',9,34,1,1,1,1,15,3,NULL,1,NULL,NULL,NULL,5000,1,NULL,NULL,NULL,NULL,NULL),(562,NULL,'562',9,34,1,1,1,1,15,3,NULL,1,NULL,NULL,NULL,5000,1,NULL,NULL,NULL,NULL,NULL),(563,NULL,'563',9,34,1,1,1,1,15,3,NULL,1,NULL,NULL,NULL,5000,1,NULL,NULL,NULL,NULL,NULL),(564,NULL,'564',9,34,1,1,1,1,15,3,NULL,1,NULL,NULL,NULL,5000,1,NULL,NULL,NULL,NULL,NULL),(565,NULL,'565',9,34,1,1,1,1,15,3,NULL,1,NULL,NULL,NULL,5000,1,NULL,NULL,NULL,NULL,NULL),(566,NULL,'566',9,34,1,1,1,1,15,3,NULL,1,NULL,NULL,NULL,5000,1,NULL,NULL,NULL,NULL,NULL),(567,NULL,'567',9,34,1,1,1,1,15,3,NULL,1,NULL,NULL,NULL,5000,1,NULL,NULL,NULL,NULL,NULL),(568,NULL,'568',9,34,1,1,1,1,15,3,NULL,1,NULL,NULL,NULL,5000,1,NULL,NULL,NULL,NULL,NULL),(569,NULL,'569',9,34,1,1,1,1,15,3,NULL,1,NULL,NULL,NULL,5000,1,NULL,NULL,NULL,NULL,NULL),(570,NULL,'570',9,34,1,1,1,1,15,3,NULL,1,NULL,NULL,NULL,5000,1,NULL,NULL,NULL,NULL,NULL),(571,NULL,'571',9,34,1,1,1,1,15,3,NULL,1,NULL,NULL,NULL,5000,1,NULL,NULL,NULL,NULL,NULL),(572,NULL,'572',9,34,1,1,1,1,15,3,NULL,1,NULL,NULL,NULL,5000,1,NULL,NULL,NULL,NULL,NULL),(573,NULL,'573',9,34,1,1,1,1,15,3,NULL,1,NULL,NULL,NULL,5000,1,NULL,NULL,NULL,NULL,NULL),(574,NULL,'574',9,34,1,1,1,1,15,3,NULL,1,NULL,NULL,NULL,5000,1,NULL,NULL,NULL,NULL,NULL),(575,NULL,'575',9,34,1,1,1,1,15,3,NULL,1,NULL,NULL,NULL,5000,1,NULL,NULL,NULL,NULL,NULL),(576,NULL,'576',9,34,1,1,1,1,15,3,NULL,1,NULL,NULL,NULL,5000,1,NULL,NULL,NULL,NULL,NULL),(577,NULL,'577',9,34,1,1,1,1,15,3,NULL,1,NULL,NULL,NULL,5000,1,NULL,NULL,NULL,NULL,NULL),(578,NULL,'578',9,34,1,1,1,1,15,3,NULL,1,NULL,NULL,NULL,5000,1,NULL,NULL,NULL,NULL,NULL),(579,NULL,'579',9,34,1,1,1,1,15,3,NULL,1,NULL,NULL,NULL,5000,1,NULL,NULL,NULL,NULL,NULL),(580,NULL,'580',9,34,1,1,1,1,15,3,NULL,1,NULL,NULL,NULL,5000,1,NULL,NULL,NULL,NULL,NULL),(581,NULL,'581',9,34,1,1,1,1,15,3,NULL,1,NULL,NULL,NULL,5000,1,NULL,NULL,NULL,NULL,NULL),(582,NULL,'582',9,34,1,1,1,1,15,3,NULL,1,NULL,NULL,NULL,5000,1,NULL,NULL,NULL,NULL,NULL),(583,NULL,'583',9,34,1,1,1,1,15,3,NULL,1,NULL,NULL,NULL,5000,1,NULL,NULL,NULL,NULL,NULL),(584,NULL,'584',9,34,1,1,1,1,15,3,NULL,1,NULL,NULL,NULL,5000,1,NULL,NULL,NULL,NULL,NULL),(585,NULL,'585',9,34,1,1,1,1,15,3,NULL,1,NULL,NULL,NULL,5000,1,NULL,NULL,NULL,NULL,NULL),(586,NULL,'586',9,34,1,1,1,1,15,3,NULL,1,NULL,NULL,NULL,5000,1,NULL,NULL,NULL,NULL,NULL),(587,NULL,'587',9,34,1,1,1,1,15,3,NULL,1,NULL,NULL,NULL,5000,1,NULL,NULL,NULL,NULL,NULL),(588,NULL,'588',9,34,1,1,1,1,15,3,NULL,1,NULL,NULL,NULL,5000,1,NULL,NULL,NULL,NULL,NULL),(589,NULL,'589',9,34,1,1,1,1,15,3,NULL,1,NULL,NULL,NULL,5000,1,NULL,NULL,NULL,NULL,NULL),(590,NULL,'590',9,34,1,1,1,1,15,3,NULL,1,NULL,NULL,NULL,5000,1,NULL,NULL,NULL,NULL,NULL),(591,NULL,'591',9,34,1,1,1,1,15,3,NULL,1,NULL,NULL,NULL,5000,1,NULL,NULL,NULL,NULL,NULL),(592,NULL,'592',9,34,1,1,1,1,15,3,NULL,1,NULL,NULL,NULL,5000,1,NULL,NULL,NULL,NULL,NULL),(593,NULL,'593',9,34,1,1,1,1,15,3,NULL,1,NULL,NULL,NULL,5000,1,NULL,NULL,NULL,NULL,NULL),(594,NULL,'594',9,34,1,1,1,1,15,3,NULL,1,NULL,NULL,NULL,5000,1,NULL,NULL,NULL,NULL,NULL),(595,NULL,'595',9,34,1,1,1,1,15,3,NULL,1,NULL,NULL,NULL,5000,1,NULL,NULL,NULL,NULL,NULL),(596,NULL,'596',9,34,1,1,1,1,15,3,NULL,1,NULL,NULL,NULL,5000,1,NULL,NULL,NULL,NULL,NULL),(597,NULL,'597',9,34,1,1,1,1,15,3,NULL,1,NULL,NULL,NULL,5000,1,NULL,NULL,NULL,NULL,NULL),(598,NULL,'598',9,34,1,1,1,1,15,3,NULL,1,NULL,NULL,NULL,5000,1,NULL,NULL,NULL,NULL,NULL),(599,NULL,'599',9,34,1,1,1,1,15,3,NULL,1,NULL,NULL,NULL,5000,1,NULL,NULL,NULL,NULL,NULL),(600,NULL,'600',9,34,1,1,1,1,15,3,NULL,1,NULL,NULL,NULL,5000,1,NULL,NULL,NULL,NULL,NULL),(601,NULL,'601',9,34,1,1,1,1,15,3,NULL,1,NULL,NULL,NULL,5000,1,NULL,NULL,NULL,NULL,NULL),(602,NULL,'602',9,34,1,1,1,1,15,3,NULL,1,NULL,NULL,NULL,5000,1,NULL,NULL,NULL,NULL,NULL),(603,NULL,'603',9,34,1,1,1,1,15,3,NULL,1,NULL,NULL,NULL,5000,1,NULL,NULL,NULL,NULL,NULL),(604,NULL,'604',9,34,1,1,1,1,15,3,NULL,1,NULL,NULL,NULL,5000,1,NULL,NULL,NULL,NULL,NULL),(605,NULL,'605',9,34,1,1,1,1,15,3,NULL,1,NULL,NULL,NULL,5000,1,NULL,NULL,NULL,NULL,NULL),(606,NULL,'606',9,34,1,1,1,1,15,3,NULL,1,NULL,NULL,NULL,5000,1,NULL,NULL,NULL,NULL,NULL),(607,NULL,'607',9,34,1,1,1,1,15,3,NULL,1,NULL,NULL,NULL,5000,1,NULL,NULL,NULL,NULL,NULL),(608,NULL,'608',9,34,1,1,1,1,15,3,NULL,1,NULL,NULL,NULL,5000,1,NULL,NULL,NULL,NULL,NULL),(609,NULL,'609',9,34,1,1,1,1,15,3,NULL,1,NULL,NULL,NULL,5000,1,NULL,NULL,NULL,NULL,NULL),(610,NULL,'610',9,34,1,1,1,1,15,3,NULL,1,NULL,NULL,NULL,5000,1,NULL,NULL,NULL,NULL,NULL),(611,NULL,'611',9,34,1,1,1,1,15,3,NULL,1,NULL,NULL,NULL,5000,1,NULL,NULL,NULL,NULL,NULL),(612,NULL,'612',9,34,1,1,1,1,15,3,NULL,1,NULL,NULL,NULL,5000,1,NULL,NULL,NULL,NULL,NULL),(613,NULL,'613',9,34,1,1,1,1,15,3,NULL,1,NULL,NULL,NULL,5000,1,NULL,NULL,NULL,NULL,NULL),(614,NULL,'614',9,34,1,1,1,1,15,3,NULL,1,NULL,NULL,NULL,5000,1,NULL,NULL,NULL,NULL,NULL),(615,NULL,'615',9,34,1,1,1,1,15,3,NULL,1,NULL,NULL,NULL,5000,1,NULL,NULL,NULL,NULL,NULL),(616,NULL,'616',9,34,1,1,1,1,15,3,NULL,1,NULL,NULL,NULL,5000,1,NULL,NULL,NULL,NULL,NULL),(617,NULL,'617',9,34,1,1,1,1,15,3,NULL,1,NULL,NULL,NULL,5000,1,NULL,NULL,NULL,NULL,NULL),(618,NULL,'618',9,34,1,1,1,1,15,3,NULL,1,NULL,NULL,NULL,5000,1,NULL,NULL,NULL,NULL,NULL),(619,NULL,'619',9,34,1,1,1,1,15,3,NULL,1,NULL,NULL,NULL,5000,1,NULL,NULL,NULL,NULL,NULL),(620,NULL,'620',9,34,1,1,1,1,15,3,NULL,1,NULL,NULL,NULL,5000,1,NULL,NULL,NULL,NULL,NULL),(621,NULL,'621',9,34,1,1,1,1,15,3,NULL,1,NULL,NULL,NULL,5000,1,NULL,NULL,NULL,NULL,NULL),(622,NULL,'622',9,34,1,1,1,1,15,3,NULL,1,NULL,NULL,NULL,5000,1,NULL,NULL,NULL,NULL,NULL),(623,NULL,'623',9,34,1,1,1,1,15,3,NULL,1,NULL,NULL,NULL,5000,1,NULL,NULL,NULL,NULL,NULL),(624,NULL,'624',9,34,1,1,1,1,15,3,NULL,1,NULL,NULL,NULL,5000,1,NULL,NULL,NULL,NULL,NULL),(625,NULL,'625',9,34,1,1,1,1,15,3,NULL,1,NULL,NULL,NULL,5000,1,NULL,NULL,NULL,NULL,NULL),(626,NULL,'626',9,34,1,1,1,1,15,3,NULL,1,NULL,NULL,NULL,5000,1,NULL,NULL,NULL,NULL,NULL),(627,NULL,'627',9,34,1,1,1,1,15,3,NULL,1,NULL,NULL,NULL,5000,1,NULL,NULL,NULL,NULL,NULL),(628,NULL,'628',9,34,1,1,1,1,15,3,NULL,1,NULL,NULL,NULL,5000,1,NULL,NULL,NULL,NULL,NULL),(629,NULL,'629',9,34,1,1,1,1,15,3,NULL,1,NULL,NULL,NULL,5000,1,NULL,NULL,NULL,NULL,NULL),(630,NULL,'630',9,34,1,1,1,1,15,3,NULL,1,NULL,NULL,NULL,5000,1,NULL,NULL,NULL,NULL,NULL),(631,NULL,'631',9,34,1,1,1,1,15,3,NULL,1,NULL,NULL,NULL,5000,1,NULL,NULL,NULL,NULL,NULL),(632,NULL,'632',9,34,1,1,1,1,15,3,NULL,1,NULL,NULL,NULL,5000,1,NULL,NULL,NULL,NULL,NULL),(633,NULL,'633',9,34,1,1,1,1,15,3,NULL,1,NULL,NULL,NULL,5000,1,NULL,NULL,NULL,NULL,NULL),(634,NULL,'634',9,34,1,1,1,1,15,3,NULL,1,NULL,NULL,NULL,5000,1,NULL,NULL,NULL,NULL,NULL),(635,NULL,'635',9,34,1,1,1,1,15,3,NULL,1,NULL,NULL,NULL,5000,1,NULL,NULL,NULL,NULL,NULL),(636,NULL,'636',9,34,1,1,1,1,15,3,NULL,1,NULL,NULL,NULL,5000,1,NULL,NULL,NULL,NULL,NULL),(637,NULL,'637',9,34,1,1,1,1,15,3,NULL,1,NULL,NULL,NULL,5000,1,NULL,NULL,NULL,NULL,NULL),(638,NULL,'638',9,34,1,1,1,1,15,3,NULL,1,NULL,NULL,NULL,5000,1,NULL,NULL,NULL,NULL,NULL),(639,NULL,'639',9,34,1,1,1,1,15,3,NULL,1,NULL,NULL,NULL,5000,1,NULL,NULL,NULL,NULL,NULL),(640,NULL,'640',9,34,1,1,1,1,15,3,NULL,1,NULL,NULL,NULL,5000,1,NULL,NULL,NULL,NULL,NULL),(641,NULL,'641',9,34,1,1,1,1,15,3,NULL,1,NULL,NULL,NULL,5000,1,NULL,NULL,NULL,NULL,NULL),(642,NULL,'642',9,34,1,1,1,1,15,3,NULL,1,NULL,NULL,NULL,5000,1,NULL,NULL,NULL,NULL,NULL),(643,NULL,'643',9,34,1,1,1,1,15,3,NULL,1,NULL,NULL,NULL,5000,1,NULL,NULL,NULL,NULL,NULL),(644,NULL,'644',9,34,1,1,1,1,15,3,NULL,1,NULL,NULL,NULL,5000,1,NULL,NULL,NULL,NULL,NULL),(645,NULL,'645',9,34,1,1,1,1,15,3,NULL,1,NULL,NULL,NULL,5000,1,NULL,NULL,NULL,NULL,NULL),(646,NULL,'646',9,34,1,1,1,1,15,3,NULL,1,NULL,NULL,NULL,5000,1,NULL,NULL,NULL,NULL,NULL),(647,NULL,'647',9,34,1,1,1,1,15,3,NULL,1,NULL,NULL,NULL,5000,1,NULL,NULL,NULL,NULL,NULL),(648,NULL,'648',9,34,1,1,1,1,15,3,NULL,1,NULL,NULL,NULL,5000,1,NULL,NULL,NULL,NULL,NULL),(649,NULL,'649',9,34,1,1,1,1,15,3,NULL,1,NULL,NULL,NULL,5000,1,NULL,NULL,NULL,NULL,NULL),(650,NULL,'650',9,34,1,1,1,1,15,3,NULL,1,NULL,NULL,NULL,5000,1,NULL,NULL,NULL,NULL,NULL),(651,NULL,'651',9,34,1,1,1,1,15,3,NULL,1,NULL,NULL,NULL,5000,1,NULL,NULL,NULL,NULL,NULL),(652,NULL,'652',9,34,1,1,1,1,15,3,NULL,1,NULL,NULL,NULL,5000,1,NULL,NULL,NULL,NULL,NULL),(653,NULL,'653',9,34,1,1,1,1,15,3,NULL,1,NULL,NULL,NULL,5000,1,NULL,NULL,NULL,NULL,NULL),(654,NULL,'654',9,34,1,1,1,1,15,3,NULL,1,NULL,NULL,NULL,5000,1,NULL,NULL,NULL,NULL,NULL),(655,NULL,'655',9,34,1,1,1,1,15,3,NULL,1,NULL,NULL,NULL,5000,1,NULL,NULL,NULL,NULL,NULL),(656,NULL,'656',9,34,1,1,1,1,15,3,NULL,1,NULL,NULL,NULL,5000,1,NULL,NULL,NULL,NULL,NULL),(657,NULL,'657',9,34,1,1,1,1,15,3,NULL,1,NULL,NULL,NULL,5000,1,NULL,NULL,NULL,NULL,NULL),(658,NULL,'658',9,34,1,1,1,1,15,3,NULL,1,NULL,NULL,NULL,5000,1,NULL,NULL,NULL,NULL,NULL),(659,NULL,'659',9,34,1,1,1,1,15,3,NULL,1,NULL,NULL,NULL,5000,1,NULL,NULL,NULL,NULL,NULL),(660,NULL,'660',9,34,1,1,1,1,15,3,NULL,1,NULL,NULL,NULL,5000,1,NULL,NULL,NULL,NULL,NULL),(661,NULL,'661',9,34,1,1,1,1,15,3,NULL,1,NULL,NULL,NULL,5000,1,NULL,NULL,NULL,NULL,NULL),(662,NULL,'662',9,34,1,1,1,1,15,3,NULL,1,NULL,NULL,NULL,5000,1,NULL,NULL,NULL,NULL,NULL),(663,NULL,'663',9,34,1,1,1,1,15,3,NULL,1,NULL,NULL,NULL,5000,1,NULL,NULL,NULL,NULL,NULL),(664,NULL,'664',9,34,1,1,1,1,15,3,NULL,1,NULL,NULL,NULL,5000,1,NULL,NULL,NULL,NULL,NULL),(665,NULL,'665',9,34,1,1,1,1,15,3,NULL,1,NULL,NULL,NULL,5000,1,NULL,NULL,NULL,NULL,NULL),(666,NULL,'666',9,34,1,1,1,1,15,3,NULL,1,NULL,NULL,NULL,5000,1,NULL,NULL,NULL,NULL,NULL),(667,NULL,'667',9,34,1,1,1,1,15,3,NULL,1,NULL,NULL,NULL,5000,1,NULL,NULL,NULL,NULL,NULL),(668,NULL,'668',9,34,1,1,1,1,15,3,NULL,1,NULL,NULL,NULL,5000,1,NULL,NULL,NULL,NULL,NULL),(669,NULL,'669',9,34,1,1,1,1,15,3,NULL,1,NULL,NULL,NULL,5000,1,NULL,NULL,NULL,NULL,NULL),(670,NULL,'670',9,34,1,1,1,1,15,3,NULL,1,NULL,NULL,NULL,5000,1,NULL,NULL,NULL,NULL,NULL),(671,NULL,'671',9,34,1,1,1,1,15,3,NULL,1,NULL,NULL,NULL,5000,1,NULL,NULL,NULL,NULL,NULL),(672,NULL,'672',9,34,1,1,1,1,15,3,NULL,1,NULL,NULL,NULL,5000,1,NULL,NULL,NULL,NULL,NULL),(673,NULL,'673',9,34,1,1,1,1,15,3,NULL,1,NULL,NULL,NULL,5000,1,NULL,NULL,NULL,NULL,NULL),(674,NULL,'674',9,34,1,1,1,1,15,3,NULL,1,NULL,NULL,NULL,5000,1,NULL,NULL,NULL,NULL,NULL),(675,NULL,'675',9,34,1,1,1,1,15,3,NULL,1,NULL,NULL,NULL,5000,1,NULL,NULL,NULL,NULL,NULL),(676,NULL,'676',9,34,1,1,1,1,15,3,NULL,1,NULL,NULL,NULL,5000,1,NULL,NULL,NULL,NULL,NULL),(677,NULL,'677',9,34,1,1,1,1,15,3,NULL,1,NULL,NULL,NULL,5000,1,NULL,NULL,NULL,NULL,NULL),(678,NULL,'678',9,34,1,1,1,1,15,3,NULL,1,NULL,NULL,NULL,5000,1,NULL,NULL,NULL,NULL,NULL),(679,NULL,'679',9,34,1,1,1,1,15,3,NULL,1,NULL,NULL,NULL,5000,1,NULL,NULL,NULL,NULL,NULL),(680,NULL,'680',9,34,1,1,1,1,15,3,NULL,1,NULL,NULL,NULL,5000,1,NULL,NULL,NULL,NULL,NULL),(681,NULL,'681',9,34,1,1,1,1,15,3,NULL,1,NULL,NULL,NULL,5000,1,NULL,NULL,NULL,NULL,NULL),(682,NULL,'682',9,34,1,1,1,1,15,3,NULL,1,NULL,NULL,NULL,5000,1,NULL,NULL,NULL,NULL,NULL),(683,NULL,'683',9,34,1,1,1,1,15,3,NULL,1,NULL,NULL,NULL,5000,1,NULL,NULL,NULL,NULL,NULL),(684,NULL,'684',9,34,1,1,1,1,15,3,NULL,1,NULL,NULL,NULL,5000,1,NULL,NULL,NULL,NULL,NULL),(685,NULL,'685',9,34,1,1,1,1,15,3,NULL,1,NULL,NULL,NULL,5000,1,NULL,NULL,NULL,NULL,NULL),(686,NULL,'686',9,34,1,1,1,1,15,3,NULL,1,NULL,NULL,NULL,5000,1,NULL,NULL,NULL,NULL,NULL),(687,NULL,'687',9,34,1,1,1,1,15,3,NULL,1,NULL,NULL,NULL,5000,1,NULL,NULL,NULL,NULL,NULL),(688,NULL,'688',9,34,1,1,1,1,15,3,NULL,1,NULL,NULL,NULL,5000,1,NULL,NULL,NULL,NULL,NULL),(689,NULL,'689',9,34,1,1,1,1,15,3,NULL,1,NULL,NULL,NULL,5000,1,NULL,NULL,NULL,NULL,NULL),(690,NULL,'690',9,34,1,1,1,1,15,3,NULL,1,NULL,NULL,NULL,5000,1,NULL,NULL,NULL,NULL,NULL),(691,NULL,'691',9,34,1,1,1,1,15,3,NULL,1,NULL,NULL,NULL,5000,1,NULL,NULL,NULL,NULL,NULL),(692,NULL,'692',9,34,1,1,1,1,15,3,NULL,1,NULL,NULL,NULL,5000,1,NULL,NULL,NULL,NULL,NULL),(693,NULL,'693',9,34,1,1,1,1,15,3,NULL,1,NULL,NULL,NULL,5000,1,NULL,NULL,NULL,NULL,NULL),(694,NULL,'694',9,34,1,1,1,1,15,3,NULL,1,NULL,NULL,NULL,5000,1,NULL,NULL,NULL,NULL,NULL),(695,NULL,'695',9,34,1,1,1,1,15,3,NULL,1,NULL,NULL,NULL,5000,1,NULL,NULL,NULL,NULL,NULL),(696,NULL,'696',9,34,1,1,1,1,15,3,NULL,1,NULL,NULL,NULL,5000,1,NULL,NULL,NULL,NULL,NULL),(697,NULL,'697',9,34,1,1,1,1,15,3,NULL,1,NULL,NULL,NULL,5000,1,NULL,NULL,NULL,NULL,NULL),(698,NULL,'698',9,34,1,1,1,1,15,3,NULL,1,NULL,NULL,NULL,5000,1,NULL,NULL,NULL,NULL,NULL),(699,NULL,'699',9,34,1,1,1,1,15,3,NULL,1,NULL,NULL,NULL,5000,1,NULL,NULL,NULL,NULL,NULL),(700,NULL,'700',9,34,1,1,1,1,15,3,NULL,1,NULL,NULL,NULL,5000,1,NULL,NULL,NULL,NULL,NULL),(701,NULL,'701',9,34,1,1,1,1,15,3,NULL,1,NULL,NULL,NULL,5000,1,NULL,NULL,NULL,NULL,NULL),(702,NULL,'702',9,34,1,1,1,1,15,3,NULL,1,NULL,NULL,NULL,5000,1,NULL,NULL,NULL,NULL,NULL),(703,NULL,'703',9,34,1,1,1,1,15,3,NULL,1,NULL,NULL,NULL,5000,1,NULL,NULL,NULL,NULL,NULL),(704,NULL,'704',9,34,1,1,1,1,15,3,NULL,1,NULL,NULL,NULL,5000,1,NULL,NULL,NULL,NULL,NULL),(705,NULL,'705',9,34,1,1,1,1,15,3,NULL,1,NULL,NULL,NULL,5000,1,NULL,NULL,NULL,NULL,NULL),(706,NULL,'706',9,34,1,1,1,1,15,3,NULL,1,NULL,NULL,NULL,5000,1,NULL,NULL,NULL,NULL,NULL),(707,NULL,'707',9,34,1,1,1,1,15,3,NULL,1,NULL,NULL,NULL,5000,1,NULL,NULL,NULL,NULL,NULL),(708,NULL,'708',9,34,1,1,1,1,15,3,NULL,1,NULL,NULL,NULL,5000,1,NULL,NULL,NULL,NULL,NULL),(709,NULL,'709',9,34,1,1,1,1,15,3,NULL,1,NULL,NULL,NULL,5000,1,NULL,NULL,NULL,NULL,NULL),(710,NULL,'710',9,34,1,1,1,1,15,3,NULL,1,NULL,NULL,NULL,5000,1,NULL,NULL,NULL,NULL,NULL),(711,NULL,'711',9,34,1,1,1,1,15,3,NULL,1,NULL,NULL,NULL,5000,1,NULL,NULL,NULL,NULL,NULL),(712,NULL,'712',9,34,1,1,1,1,15,3,NULL,1,NULL,NULL,NULL,5000,1,NULL,NULL,NULL,NULL,NULL),(713,NULL,'713',9,34,1,1,1,1,15,3,NULL,1,NULL,NULL,NULL,5000,1,NULL,NULL,NULL,NULL,NULL),(714,NULL,'714',9,34,1,1,1,1,15,3,NULL,1,NULL,NULL,NULL,5000,1,NULL,NULL,NULL,NULL,NULL),(715,NULL,'715',9,34,1,1,1,1,15,3,NULL,1,NULL,NULL,NULL,5000,1,NULL,NULL,NULL,NULL,NULL),(716,NULL,'716',9,34,1,1,1,1,15,3,NULL,1,NULL,NULL,NULL,5000,1,NULL,NULL,NULL,NULL,NULL),(717,NULL,'717',9,34,1,1,1,1,15,3,NULL,1,NULL,NULL,NULL,5000,1,NULL,NULL,NULL,NULL,NULL),(718,NULL,'718',9,34,1,1,1,1,15,3,NULL,1,NULL,NULL,NULL,5000,1,NULL,NULL,NULL,NULL,NULL),(719,NULL,'719',9,34,1,1,1,1,15,3,NULL,1,NULL,NULL,NULL,5000,1,NULL,NULL,NULL,NULL,NULL),(720,NULL,'720',9,34,1,1,1,1,15,3,NULL,1,NULL,NULL,NULL,5000,1,NULL,NULL,NULL,NULL,NULL),(721,NULL,'721',9,34,1,1,1,1,15,3,NULL,1,NULL,NULL,NULL,5000,1,NULL,NULL,NULL,NULL,NULL),(722,NULL,'722',9,34,1,1,1,1,15,3,NULL,1,NULL,NULL,NULL,5000,1,NULL,NULL,NULL,NULL,NULL),(723,NULL,'723',9,34,1,1,1,1,15,3,NULL,1,NULL,NULL,NULL,5000,1,NULL,NULL,NULL,NULL,NULL),(724,NULL,'724',9,34,1,1,1,1,15,3,NULL,1,NULL,NULL,NULL,5000,1,NULL,NULL,NULL,NULL,NULL),(725,NULL,'725',9,34,1,1,1,1,15,3,NULL,1,NULL,NULL,NULL,5000,1,NULL,NULL,NULL,NULL,NULL),(726,NULL,'726',9,34,1,1,1,1,15,3,NULL,1,NULL,NULL,NULL,5000,1,NULL,NULL,NULL,NULL,NULL),(727,NULL,'727',9,34,1,1,1,1,15,3,NULL,1,NULL,NULL,NULL,5000,1,NULL,NULL,NULL,NULL,NULL),(728,NULL,'728',9,34,1,1,1,1,15,3,NULL,1,NULL,NULL,NULL,5000,1,NULL,NULL,NULL,NULL,NULL),(729,NULL,'729',9,34,1,1,1,1,15,3,NULL,1,NULL,NULL,NULL,5000,1,NULL,NULL,NULL,NULL,NULL),(730,NULL,'730',9,34,1,1,1,1,15,3,NULL,1,NULL,NULL,NULL,5000,1,NULL,NULL,NULL,NULL,NULL),(731,NULL,'731',9,34,1,1,1,1,15,3,NULL,1,NULL,NULL,NULL,5000,1,NULL,NULL,NULL,NULL,NULL),(732,NULL,'732',9,34,1,1,1,1,15,3,NULL,1,NULL,NULL,NULL,5000,1,NULL,NULL,NULL,NULL,NULL),(733,NULL,'733',9,34,1,1,1,1,15,3,NULL,1,NULL,NULL,NULL,5000,1,NULL,NULL,NULL,NULL,NULL),(734,NULL,'734',9,34,1,1,1,1,15,3,NULL,1,NULL,NULL,NULL,5000,1,NULL,NULL,NULL,NULL,NULL),(735,NULL,'735',9,34,1,1,1,1,15,3,NULL,1,NULL,NULL,NULL,5000,1,NULL,NULL,NULL,NULL,NULL),(736,NULL,'736',9,34,1,1,1,1,15,3,NULL,1,NULL,NULL,NULL,5000,1,NULL,NULL,NULL,NULL,NULL),(737,NULL,'737',9,34,1,1,1,1,15,3,NULL,1,NULL,NULL,NULL,5000,1,NULL,NULL,NULL,NULL,NULL),(738,NULL,'738',9,34,1,1,1,1,15,3,NULL,1,NULL,NULL,NULL,5000,1,NULL,NULL,NULL,NULL,NULL),(739,NULL,'739',9,34,1,1,1,1,15,3,NULL,1,NULL,NULL,NULL,5000,1,NULL,NULL,NULL,NULL,NULL),(740,NULL,'740',9,34,1,1,1,1,15,3,NULL,1,NULL,NULL,NULL,5000,1,NULL,NULL,NULL,NULL,NULL),(741,NULL,'741',9,34,1,1,1,1,15,3,NULL,1,NULL,NULL,NULL,5000,1,NULL,NULL,NULL,NULL,NULL),(742,NULL,'742',9,34,1,1,1,1,15,3,NULL,1,NULL,NULL,NULL,5000,1,NULL,NULL,NULL,NULL,NULL),(743,NULL,'743',9,34,1,1,1,1,15,3,NULL,1,NULL,NULL,NULL,5000,1,NULL,NULL,NULL,NULL,NULL),(744,NULL,'744',9,34,1,1,1,1,15,3,NULL,1,NULL,NULL,NULL,5000,1,NULL,NULL,NULL,NULL,NULL),(745,NULL,'745',9,34,1,1,1,1,15,3,NULL,1,NULL,NULL,NULL,5000,1,NULL,NULL,NULL,NULL,NULL),(746,NULL,'746',9,34,1,1,1,1,15,3,NULL,1,NULL,NULL,NULL,5000,1,NULL,NULL,NULL,NULL,NULL),(747,NULL,'747',9,34,1,1,1,1,15,3,NULL,1,NULL,NULL,NULL,5000,1,NULL,NULL,NULL,NULL,NULL),(748,NULL,'748',9,34,1,1,1,1,15,3,NULL,1,NULL,NULL,NULL,5000,1,NULL,NULL,NULL,NULL,NULL),(749,NULL,'749',9,34,1,1,1,1,15,3,NULL,1,NULL,NULL,NULL,5000,1,NULL,NULL,NULL,NULL,NULL),(750,NULL,'750',9,34,1,1,1,1,15,3,NULL,1,NULL,NULL,NULL,5000,1,NULL,NULL,NULL,NULL,NULL),(751,NULL,'751',9,34,1,1,1,1,15,3,NULL,1,NULL,NULL,NULL,5000,1,NULL,NULL,NULL,NULL,NULL),(752,NULL,'752',9,34,1,1,1,1,15,3,NULL,1,NULL,NULL,NULL,5000,1,NULL,NULL,NULL,NULL,NULL),(753,NULL,'753',9,34,1,1,1,1,15,3,NULL,1,NULL,NULL,NULL,5000,1,NULL,NULL,NULL,NULL,NULL),(754,NULL,'754',9,34,1,1,1,1,15,3,NULL,1,NULL,NULL,NULL,5000,1,NULL,NULL,NULL,NULL,NULL),(755,NULL,'755',9,34,1,1,1,1,15,3,NULL,1,NULL,NULL,NULL,5000,1,NULL,NULL,NULL,NULL,NULL),(756,NULL,'756',9,34,1,1,1,1,15,3,NULL,1,NULL,NULL,NULL,5000,1,NULL,NULL,NULL,NULL,NULL),(757,NULL,'757',9,34,1,1,1,1,15,3,NULL,1,NULL,NULL,NULL,5000,1,NULL,NULL,NULL,NULL,NULL),(758,NULL,'758',9,34,1,1,1,1,15,3,NULL,1,NULL,NULL,NULL,5000,1,NULL,NULL,NULL,NULL,NULL),(759,NULL,'759',9,34,1,1,1,1,15,3,NULL,1,NULL,NULL,NULL,5000,1,NULL,NULL,NULL,NULL,NULL),(760,NULL,'760',9,34,1,1,1,1,15,3,NULL,1,NULL,NULL,NULL,5000,1,NULL,NULL,NULL,NULL,NULL),(761,NULL,'761',9,34,1,1,1,1,15,3,NULL,1,NULL,NULL,NULL,5000,1,NULL,NULL,NULL,NULL,NULL),(762,NULL,'762',9,34,1,1,1,1,15,3,NULL,1,NULL,NULL,NULL,5000,1,NULL,NULL,NULL,NULL,NULL),(763,NULL,'763',9,34,1,1,1,1,15,3,NULL,1,NULL,NULL,NULL,5000,1,NULL,NULL,NULL,NULL,NULL),(764,NULL,'764',9,34,1,1,1,1,15,3,NULL,1,NULL,NULL,NULL,5000,1,NULL,NULL,NULL,NULL,NULL),(765,NULL,'765',9,34,1,1,1,1,15,3,NULL,1,NULL,NULL,NULL,5000,1,NULL,NULL,NULL,NULL,NULL),(766,NULL,'766',9,34,1,1,1,1,15,3,NULL,1,NULL,NULL,NULL,5000,1,NULL,NULL,NULL,NULL,NULL),(767,NULL,'767',9,34,1,1,1,1,15,3,NULL,1,NULL,NULL,NULL,5000,1,NULL,NULL,NULL,NULL,NULL),(768,NULL,'768',9,34,1,1,1,1,15,3,NULL,1,NULL,NULL,NULL,5000,1,NULL,NULL,NULL,NULL,NULL),(769,NULL,'769',9,34,1,1,1,1,15,3,NULL,1,NULL,NULL,NULL,5000,1,NULL,NULL,NULL,NULL,NULL),(770,NULL,'770',9,34,1,1,1,1,15,3,NULL,1,NULL,NULL,NULL,5000,1,NULL,NULL,NULL,NULL,NULL),(771,NULL,'771',9,34,1,1,1,1,15,3,NULL,1,NULL,NULL,NULL,5000,1,NULL,NULL,NULL,NULL,NULL),(772,NULL,'772',9,34,1,1,1,1,15,3,NULL,1,NULL,NULL,NULL,5000,1,NULL,NULL,NULL,NULL,NULL),(773,NULL,'773',9,34,1,1,1,1,15,3,NULL,1,NULL,NULL,NULL,5000,1,NULL,NULL,NULL,NULL,NULL),(774,NULL,'774',9,34,1,1,1,1,15,3,NULL,1,NULL,NULL,NULL,5000,1,NULL,NULL,NULL,NULL,NULL),(775,NULL,'775',9,34,1,1,1,1,15,3,NULL,1,NULL,NULL,NULL,5000,1,NULL,NULL,NULL,NULL,NULL),(776,NULL,'776',9,34,1,1,1,1,15,3,NULL,1,NULL,NULL,NULL,5000,1,NULL,NULL,NULL,NULL,NULL),(777,NULL,'777',9,34,1,1,1,1,15,3,NULL,1,NULL,NULL,NULL,5000,1,NULL,NULL,NULL,NULL,NULL),(778,NULL,'778',9,34,1,1,1,1,15,3,NULL,1,NULL,NULL,NULL,5000,1,NULL,NULL,NULL,NULL,NULL),(779,NULL,'779',9,34,1,1,1,1,15,3,NULL,1,NULL,NULL,NULL,5000,1,NULL,NULL,NULL,NULL,NULL),(780,NULL,'780',9,34,1,1,1,1,15,3,NULL,1,NULL,NULL,NULL,5000,1,NULL,NULL,NULL,NULL,NULL),(781,NULL,'781',9,34,1,1,1,1,15,3,NULL,1,NULL,NULL,NULL,5000,1,NULL,NULL,NULL,NULL,NULL),(782,NULL,'782',9,34,1,1,1,1,15,3,NULL,1,NULL,NULL,NULL,5000,1,NULL,NULL,NULL,NULL,NULL),(783,NULL,'783',9,34,1,1,1,1,15,3,NULL,1,NULL,NULL,NULL,5000,1,NULL,NULL,NULL,NULL,NULL),(784,NULL,'784',9,34,1,1,1,1,15,3,NULL,1,NULL,NULL,NULL,5000,1,NULL,NULL,NULL,NULL,NULL),(785,NULL,'785',9,34,1,1,1,1,15,3,NULL,1,NULL,NULL,NULL,5000,1,NULL,NULL,NULL,NULL,NULL),(786,NULL,'786',9,34,1,1,1,1,15,3,NULL,1,NULL,NULL,NULL,5000,1,NULL,NULL,NULL,NULL,NULL),(787,NULL,'787',9,34,1,1,1,1,15,3,NULL,1,NULL,NULL,NULL,5000,1,NULL,NULL,NULL,NULL,NULL),(788,NULL,'788',9,34,1,1,1,1,15,3,NULL,1,NULL,NULL,NULL,5000,1,NULL,NULL,NULL,NULL,NULL),(789,NULL,'789',9,34,1,1,1,1,15,3,NULL,1,NULL,NULL,NULL,5000,1,NULL,NULL,NULL,NULL,NULL),(790,NULL,'790',9,34,1,1,1,1,15,3,NULL,1,NULL,NULL,NULL,5000,1,NULL,NULL,NULL,NULL,NULL),(791,NULL,'791',9,34,1,1,1,1,15,3,NULL,1,NULL,NULL,NULL,5000,1,NULL,NULL,NULL,NULL,NULL),(792,NULL,'792',9,34,1,1,1,1,15,3,NULL,1,NULL,NULL,NULL,5000,1,NULL,NULL,NULL,NULL,NULL),(793,NULL,'793',9,34,1,1,1,1,15,3,NULL,1,NULL,NULL,NULL,5000,1,NULL,NULL,NULL,NULL,NULL),(794,NULL,'794',9,34,1,1,1,1,15,3,NULL,1,NULL,NULL,NULL,5000,1,NULL,NULL,NULL,NULL,NULL),(795,NULL,'795',9,34,1,1,1,1,15,3,NULL,1,NULL,NULL,NULL,5000,1,NULL,NULL,NULL,NULL,NULL),(796,NULL,'796',9,34,1,1,1,1,15,3,NULL,1,NULL,NULL,NULL,5000,1,NULL,NULL,NULL,NULL,NULL),(797,NULL,'797',9,34,1,1,1,1,15,3,NULL,1,NULL,NULL,NULL,5000,1,NULL,NULL,NULL,NULL,NULL),(798,NULL,'798',9,34,1,1,1,1,15,3,NULL,1,NULL,NULL,NULL,5000,1,NULL,NULL,NULL,NULL,NULL),(799,NULL,'799',9,34,1,1,1,1,15,3,NULL,1,NULL,NULL,NULL,5000,1,NULL,NULL,NULL,NULL,NULL),(800,NULL,'800',9,34,1,1,1,1,15,3,NULL,1,NULL,NULL,NULL,5000,1,NULL,NULL,NULL,NULL,NULL),(801,NULL,'801',9,34,1,1,1,1,15,3,NULL,1,NULL,NULL,NULL,5000,1,NULL,NULL,NULL,NULL,NULL),(802,NULL,'802',9,34,1,1,1,1,15,3,NULL,1,NULL,NULL,NULL,5000,1,NULL,NULL,NULL,NULL,NULL),(803,NULL,'803',9,34,1,1,1,1,15,3,NULL,1,NULL,NULL,NULL,5000,1,NULL,NULL,NULL,NULL,NULL),(804,NULL,'804',9,34,1,1,1,1,15,3,NULL,1,NULL,NULL,NULL,5000,1,NULL,NULL,NULL,NULL,NULL),(805,NULL,'805',9,34,1,1,1,1,15,3,NULL,1,NULL,NULL,NULL,5000,1,NULL,NULL,NULL,NULL,NULL),(806,NULL,'806',9,34,1,1,1,1,15,3,NULL,1,NULL,NULL,NULL,5000,1,NULL,NULL,NULL,NULL,NULL),(807,NULL,'807',9,34,1,1,1,1,15,3,NULL,1,NULL,NULL,NULL,5000,1,NULL,NULL,NULL,NULL,NULL),(808,NULL,'808',9,34,1,1,1,1,15,3,NULL,1,NULL,NULL,NULL,5000,1,NULL,NULL,NULL,NULL,NULL),(809,NULL,'809',9,34,1,1,1,1,15,3,NULL,1,NULL,NULL,NULL,5000,1,NULL,NULL,NULL,NULL,NULL),(810,NULL,'810',9,34,1,1,1,1,15,3,NULL,1,NULL,NULL,NULL,5000,1,NULL,NULL,NULL,NULL,NULL),(811,NULL,'811',9,34,1,1,1,1,15,3,NULL,1,NULL,NULL,NULL,5000,1,NULL,NULL,NULL,NULL,NULL),(812,NULL,'812',9,34,1,1,1,1,15,3,NULL,1,NULL,NULL,NULL,5000,1,NULL,NULL,NULL,NULL,NULL),(813,NULL,'813',9,34,1,1,1,1,15,3,NULL,1,NULL,NULL,NULL,5000,1,NULL,NULL,NULL,NULL,NULL),(814,NULL,'814',9,34,1,1,1,1,15,3,NULL,1,NULL,NULL,NULL,5000,1,NULL,NULL,NULL,NULL,NULL),(815,NULL,'815',9,34,1,1,1,1,15,3,NULL,1,NULL,NULL,NULL,5000,1,NULL,NULL,NULL,NULL,NULL),(816,NULL,'816',9,34,1,1,1,1,15,3,NULL,1,NULL,NULL,NULL,5000,1,NULL,NULL,NULL,NULL,NULL),(817,NULL,'817',9,34,1,1,1,1,15,3,NULL,1,NULL,NULL,NULL,5000,1,NULL,NULL,NULL,NULL,NULL),(818,NULL,'818',9,34,1,1,1,1,15,3,NULL,1,NULL,NULL,NULL,5000,1,NULL,NULL,NULL,NULL,NULL),(819,NULL,'819',9,34,1,1,1,1,15,3,NULL,1,NULL,NULL,NULL,5000,1,NULL,NULL,NULL,NULL,NULL),(820,NULL,'820',9,34,1,1,1,1,15,3,NULL,1,NULL,NULL,NULL,5000,1,NULL,NULL,NULL,NULL,NULL),(821,NULL,'821',9,34,1,1,1,1,15,3,NULL,1,NULL,NULL,NULL,5000,1,NULL,NULL,NULL,NULL,NULL),(822,NULL,'822',9,34,1,1,1,1,15,3,NULL,1,NULL,NULL,NULL,5000,1,NULL,NULL,NULL,NULL,NULL),(823,NULL,'823',9,34,1,1,1,1,15,3,NULL,1,NULL,NULL,NULL,5000,1,NULL,NULL,NULL,NULL,NULL),(824,NULL,'824',9,34,1,1,1,1,15,3,NULL,1,NULL,NULL,NULL,5000,1,NULL,NULL,NULL,NULL,NULL),(825,NULL,'825',9,34,1,1,1,1,15,3,NULL,1,NULL,NULL,NULL,5000,1,NULL,NULL,NULL,NULL,NULL),(826,NULL,'826',9,34,1,1,1,1,15,3,NULL,1,NULL,NULL,NULL,5000,1,NULL,NULL,NULL,NULL,NULL),(827,NULL,'827',9,34,1,1,1,1,15,3,NULL,1,NULL,NULL,NULL,5000,1,NULL,NULL,NULL,NULL,NULL),(828,NULL,'828',9,34,1,1,1,1,15,3,NULL,1,NULL,NULL,NULL,5000,1,NULL,NULL,NULL,NULL,NULL),(829,NULL,'829',9,34,1,1,1,1,15,3,NULL,1,NULL,NULL,NULL,5000,1,NULL,NULL,NULL,NULL,NULL),(830,NULL,'830',9,34,1,1,1,1,15,3,NULL,1,NULL,NULL,NULL,5000,1,NULL,NULL,NULL,NULL,NULL),(831,NULL,'831',9,34,1,1,1,1,15,3,NULL,1,NULL,NULL,NULL,5000,1,NULL,NULL,NULL,NULL,NULL),(832,NULL,'832',9,34,1,1,1,1,15,3,NULL,1,NULL,NULL,NULL,5000,1,NULL,NULL,NULL,NULL,NULL),(833,NULL,'833',9,34,1,1,1,1,15,3,NULL,1,NULL,NULL,NULL,5000,1,NULL,NULL,NULL,NULL,NULL),(834,NULL,'834',9,34,1,1,1,1,15,3,NULL,1,NULL,NULL,NULL,5000,1,NULL,NULL,NULL,NULL,NULL),(835,NULL,'835',9,34,1,1,1,1,15,3,NULL,1,NULL,NULL,NULL,5000,1,NULL,NULL,NULL,NULL,NULL),(836,NULL,'836',9,34,1,1,1,1,15,3,NULL,1,NULL,NULL,NULL,5000,1,NULL,NULL,NULL,NULL,NULL),(837,NULL,'837',9,34,1,1,1,1,15,3,NULL,1,NULL,NULL,NULL,5000,1,NULL,NULL,NULL,NULL,NULL),(838,NULL,'838',9,34,1,1,1,1,15,3,NULL,1,NULL,NULL,NULL,5000,1,NULL,NULL,NULL,NULL,NULL),(839,NULL,'839',9,34,1,1,1,1,15,3,NULL,1,NULL,NULL,NULL,5000,1,NULL,NULL,NULL,NULL,NULL),(840,NULL,'840',9,34,1,1,1,1,15,3,NULL,1,NULL,NULL,NULL,5000,1,NULL,NULL,NULL,NULL,NULL),(841,NULL,'841',9,34,1,1,1,1,15,3,NULL,1,NULL,NULL,NULL,5000,1,NULL,NULL,NULL,NULL,NULL),(842,NULL,'842',9,34,1,1,1,1,15,3,NULL,1,NULL,NULL,NULL,5000,1,NULL,NULL,NULL,NULL,NULL),(843,NULL,'843',9,34,1,1,1,1,15,3,NULL,1,NULL,NULL,NULL,5000,1,NULL,NULL,NULL,NULL,NULL),(844,NULL,'844',9,34,1,1,1,1,15,3,NULL,1,NULL,NULL,NULL,5000,1,NULL,NULL,NULL,NULL,NULL),(845,NULL,'845',9,34,1,1,1,1,15,3,NULL,1,NULL,NULL,NULL,5000,1,NULL,NULL,NULL,NULL,NULL),(846,NULL,'846',9,34,1,1,1,1,15,3,NULL,1,NULL,NULL,NULL,5000,1,NULL,NULL,NULL,NULL,NULL),(847,NULL,'847',9,34,1,1,1,1,15,3,NULL,1,NULL,NULL,NULL,5000,1,NULL,NULL,NULL,NULL,NULL),(848,NULL,'848',9,34,1,1,1,1,15,3,NULL,1,NULL,NULL,NULL,5000,1,NULL,NULL,NULL,NULL,NULL),(849,NULL,'849',9,34,1,1,1,1,15,3,NULL,1,NULL,NULL,NULL,5000,1,NULL,NULL,NULL,NULL,NULL),(850,NULL,'850',9,34,1,1,1,1,15,3,NULL,1,NULL,NULL,NULL,5000,1,NULL,NULL,NULL,NULL,NULL),(851,NULL,'851',9,34,1,1,1,1,15,3,NULL,1,NULL,NULL,NULL,5000,1,NULL,NULL,NULL,NULL,NULL),(852,NULL,'852',9,34,1,1,1,1,15,3,NULL,1,NULL,NULL,NULL,5000,1,NULL,NULL,NULL,NULL,NULL),(853,NULL,'853',9,34,1,1,1,1,15,3,NULL,1,NULL,NULL,NULL,5000,1,NULL,NULL,NULL,NULL,NULL),(854,NULL,'854',9,34,1,1,1,1,15,3,NULL,1,NULL,NULL,NULL,5000,1,NULL,NULL,NULL,NULL,NULL),(855,NULL,'855',9,34,1,1,1,1,15,3,NULL,1,NULL,NULL,NULL,5000,1,NULL,NULL,NULL,NULL,NULL),(856,NULL,'856',9,34,1,1,1,1,15,3,NULL,1,NULL,NULL,NULL,5000,1,NULL,NULL,NULL,NULL,NULL),(857,NULL,'857',9,34,1,1,1,1,15,3,NULL,1,NULL,NULL,NULL,5000,1,NULL,NULL,NULL,NULL,NULL),(858,NULL,'858',9,34,1,1,1,1,15,3,NULL,1,NULL,NULL,NULL,5000,1,NULL,NULL,NULL,NULL,NULL),(859,NULL,'859',9,34,1,1,1,1,15,3,NULL,1,NULL,NULL,NULL,5000,1,NULL,NULL,NULL,NULL,NULL),(860,NULL,'860',9,34,1,1,1,1,15,3,NULL,1,NULL,NULL,NULL,5000,1,NULL,NULL,NULL,NULL,NULL),(861,NULL,'861',9,34,1,1,1,1,15,3,NULL,1,NULL,NULL,NULL,5000,1,NULL,NULL,NULL,NULL,NULL),(862,NULL,'862',9,34,1,1,1,1,15,3,NULL,1,NULL,NULL,NULL,5000,1,NULL,NULL,NULL,NULL,NULL),(863,NULL,'863',9,34,1,1,1,1,15,3,NULL,1,NULL,NULL,NULL,5000,1,NULL,NULL,NULL,NULL,NULL),(864,NULL,'864',9,34,1,1,1,1,15,3,NULL,1,NULL,NULL,NULL,5000,1,NULL,NULL,NULL,NULL,NULL),(865,NULL,'865',9,34,1,1,1,1,15,3,NULL,1,NULL,NULL,NULL,5000,1,NULL,NULL,NULL,NULL,NULL),(866,NULL,'866',9,34,1,1,1,1,15,3,NULL,1,NULL,NULL,NULL,5000,1,NULL,NULL,NULL,NULL,NULL),(867,NULL,'867',9,34,1,1,1,1,15,3,NULL,1,NULL,NULL,NULL,5000,1,NULL,NULL,NULL,NULL,NULL),(868,NULL,'868',9,34,1,1,1,1,15,3,NULL,1,NULL,NULL,NULL,5000,1,NULL,NULL,NULL,NULL,NULL),(869,NULL,'869',9,34,1,1,1,1,15,3,NULL,1,NULL,NULL,NULL,5000,1,NULL,NULL,NULL,NULL,NULL),(870,NULL,'870',9,34,1,1,1,1,15,3,NULL,1,NULL,NULL,NULL,5000,1,NULL,NULL,NULL,NULL,NULL),(871,NULL,'871',9,34,1,1,1,1,15,3,NULL,1,NULL,NULL,NULL,5000,1,NULL,NULL,NULL,NULL,NULL),(872,NULL,'872',9,34,1,1,1,1,15,3,NULL,1,NULL,NULL,NULL,5000,1,NULL,NULL,NULL,NULL,NULL),(873,NULL,'873',9,34,1,1,1,1,15,3,NULL,1,NULL,NULL,NULL,5000,1,NULL,NULL,NULL,NULL,NULL),(874,NULL,'874',9,34,1,1,1,1,15,3,NULL,1,NULL,NULL,NULL,5000,1,NULL,NULL,NULL,NULL,NULL),(875,NULL,'875',9,34,1,1,1,1,15,3,NULL,1,NULL,NULL,NULL,5000,1,NULL,NULL,NULL,NULL,NULL),(876,NULL,'876',9,34,1,1,1,1,15,3,NULL,1,NULL,NULL,NULL,5000,1,NULL,NULL,NULL,NULL,NULL),(877,NULL,'877',9,34,1,1,1,1,15,3,NULL,1,NULL,NULL,NULL,5000,1,NULL,NULL,NULL,NULL,NULL),(878,NULL,'878',9,34,1,1,1,1,15,3,NULL,1,NULL,NULL,NULL,5000,1,NULL,NULL,NULL,NULL,NULL),(879,NULL,'879',9,34,1,1,1,1,15,3,NULL,1,NULL,NULL,NULL,5000,1,NULL,NULL,NULL,NULL,NULL),(880,NULL,'880',9,34,1,1,1,1,15,3,NULL,1,NULL,NULL,NULL,5000,1,NULL,NULL,NULL,NULL,NULL),(881,NULL,'881',9,34,1,1,1,1,15,3,NULL,1,NULL,NULL,NULL,5000,1,NULL,NULL,NULL,NULL,NULL),(882,NULL,'882',9,34,1,1,1,1,15,3,NULL,1,NULL,NULL,NULL,5000,1,NULL,NULL,NULL,NULL,NULL),(883,NULL,'883',9,34,1,1,1,1,15,3,NULL,1,NULL,NULL,NULL,5000,1,NULL,NULL,NULL,NULL,NULL),(884,NULL,'884',9,34,1,1,1,1,15,3,NULL,1,NULL,NULL,NULL,5000,1,NULL,NULL,NULL,NULL,NULL),(885,NULL,'885',9,34,1,1,1,1,15,3,NULL,1,NULL,NULL,NULL,5000,1,NULL,NULL,NULL,NULL,NULL),(886,NULL,'886',9,34,1,1,1,1,15,3,NULL,1,NULL,NULL,NULL,5000,1,NULL,NULL,NULL,NULL,NULL),(887,NULL,'887',9,34,1,1,1,1,15,3,NULL,1,NULL,NULL,NULL,5000,1,NULL,NULL,NULL,NULL,NULL),(888,NULL,'888',9,34,1,1,1,1,15,3,NULL,1,NULL,NULL,NULL,5000,1,NULL,NULL,NULL,NULL,NULL),(889,NULL,'889',9,34,1,1,1,1,15,3,NULL,1,NULL,NULL,NULL,5000,1,NULL,NULL,NULL,NULL,NULL),(890,NULL,'890',9,34,1,1,1,1,15,3,NULL,1,NULL,NULL,NULL,5000,1,NULL,NULL,NULL,NULL,NULL),(891,NULL,'891',9,34,1,1,1,1,15,3,NULL,1,NULL,NULL,NULL,5000,1,NULL,NULL,NULL,NULL,NULL),(892,NULL,'892',9,34,1,1,1,1,15,3,NULL,1,NULL,NULL,NULL,5000,1,NULL,NULL,NULL,NULL,NULL),(893,NULL,'893',9,34,1,1,1,1,15,3,NULL,1,NULL,NULL,NULL,5000,1,NULL,NULL,NULL,NULL,NULL),(894,NULL,'894',9,34,1,1,1,1,15,3,NULL,1,NULL,NULL,NULL,5000,1,NULL,NULL,NULL,NULL,NULL),(895,NULL,'895',9,34,1,1,1,1,15,3,NULL,1,NULL,NULL,NULL,5000,1,NULL,NULL,NULL,NULL,NULL),(896,NULL,'896',9,34,1,1,1,1,15,3,NULL,1,NULL,NULL,NULL,5000,1,NULL,NULL,NULL,NULL,NULL),(897,NULL,'897',9,34,1,1,1,1,15,3,NULL,1,NULL,NULL,NULL,5000,1,NULL,NULL,NULL,NULL,NULL),(898,NULL,'898',9,34,1,1,1,1,15,3,NULL,1,NULL,NULL,NULL,5000,1,NULL,NULL,NULL,NULL,NULL),(899,NULL,'899',9,34,1,1,1,1,15,3,NULL,1,NULL,NULL,NULL,5000,1,NULL,NULL,NULL,NULL,NULL),(900,NULL,'900',9,34,1,1,1,1,15,3,NULL,1,NULL,NULL,NULL,5000,1,NULL,NULL,NULL,NULL,NULL),(901,NULL,'901',9,34,1,1,1,1,15,3,NULL,1,NULL,NULL,NULL,5000,1,NULL,NULL,NULL,NULL,NULL),(902,NULL,'902',9,34,1,1,1,1,15,3,NULL,1,NULL,NULL,NULL,5000,1,NULL,NULL,NULL,NULL,NULL),(903,NULL,'903',9,34,1,1,1,1,15,3,NULL,1,NULL,NULL,NULL,5000,1,NULL,NULL,NULL,NULL,NULL),(904,NULL,'904',9,34,1,1,1,1,15,3,NULL,1,NULL,NULL,NULL,5000,1,NULL,NULL,NULL,NULL,NULL),(905,NULL,'905',9,34,1,1,1,1,15,3,NULL,1,NULL,NULL,NULL,5000,1,NULL,NULL,NULL,NULL,NULL),(906,NULL,'906',9,34,1,1,1,1,15,3,NULL,1,NULL,NULL,NULL,5000,1,NULL,NULL,NULL,NULL,NULL),(907,NULL,'907',9,34,1,1,1,1,15,3,NULL,1,NULL,NULL,NULL,5000,1,NULL,NULL,NULL,NULL,NULL),(908,NULL,'908',9,34,1,1,1,1,15,3,NULL,1,NULL,NULL,NULL,5000,1,NULL,NULL,NULL,NULL,NULL),(909,NULL,'909',9,34,1,1,1,1,15,3,NULL,1,NULL,NULL,NULL,5000,1,NULL,NULL,NULL,NULL,NULL),(910,NULL,'910',9,34,1,1,1,1,15,3,NULL,1,NULL,NULL,NULL,5000,1,NULL,NULL,NULL,NULL,NULL),(911,NULL,'911',9,34,1,1,1,1,15,3,NULL,1,NULL,NULL,NULL,5000,1,NULL,NULL,NULL,NULL,NULL),(912,NULL,'912',9,34,1,1,1,1,15,3,NULL,1,NULL,NULL,NULL,5000,1,NULL,NULL,NULL,NULL,NULL),(913,NULL,'913',9,34,1,1,1,1,15,3,NULL,1,NULL,NULL,NULL,5000,1,NULL,NULL,NULL,NULL,NULL),(914,NULL,'914',9,34,1,1,1,1,15,3,NULL,1,NULL,NULL,NULL,5000,1,NULL,NULL,NULL,NULL,NULL),(915,NULL,'915',9,34,1,1,1,1,15,3,NULL,1,NULL,NULL,NULL,5000,1,NULL,NULL,NULL,NULL,NULL),(916,NULL,'916',9,34,1,1,1,1,15,3,NULL,1,NULL,NULL,NULL,5000,1,NULL,NULL,NULL,NULL,NULL),(917,NULL,'917',9,34,1,1,1,1,15,3,NULL,1,NULL,NULL,NULL,5000,1,NULL,NULL,NULL,NULL,NULL),(918,NULL,'918',9,34,1,1,1,1,15,3,NULL,1,NULL,NULL,NULL,5000,1,NULL,NULL,NULL,NULL,NULL),(919,NULL,'919',9,34,1,1,1,1,15,3,NULL,1,NULL,NULL,NULL,5000,1,NULL,NULL,NULL,NULL,NULL),(920,NULL,'920',9,34,1,1,1,1,15,3,NULL,1,NULL,NULL,NULL,5000,1,NULL,NULL,NULL,NULL,NULL),(921,NULL,'921',9,34,1,1,1,1,15,3,NULL,1,NULL,NULL,NULL,5000,1,NULL,NULL,NULL,NULL,NULL),(922,NULL,'922',9,34,1,1,1,1,15,3,NULL,1,NULL,NULL,NULL,5000,1,NULL,NULL,NULL,NULL,NULL),(923,NULL,'923',9,34,1,1,1,1,15,3,NULL,1,NULL,NULL,NULL,5000,1,NULL,NULL,NULL,NULL,NULL),(924,NULL,'924',9,34,1,1,1,1,15,3,NULL,1,NULL,NULL,NULL,5000,1,NULL,NULL,NULL,NULL,NULL),(925,NULL,'925',9,34,1,1,1,1,15,3,NULL,1,NULL,NULL,NULL,5000,1,NULL,NULL,NULL,NULL,NULL),(926,NULL,'926',9,34,1,1,1,1,15,3,NULL,1,NULL,NULL,NULL,5000,1,NULL,NULL,NULL,NULL,NULL),(927,NULL,'927',9,34,1,1,1,1,15,3,NULL,1,NULL,NULL,NULL,5000,1,NULL,NULL,NULL,NULL,NULL),(928,NULL,'928',9,34,1,1,1,1,15,3,NULL,1,NULL,NULL,NULL,5000,1,NULL,NULL,NULL,NULL,NULL),(929,NULL,'929',9,34,1,1,1,1,15,3,NULL,1,NULL,NULL,NULL,5000,1,NULL,NULL,NULL,NULL,NULL),(930,NULL,'930',9,34,1,1,1,1,15,3,NULL,1,NULL,NULL,NULL,5000,1,NULL,NULL,NULL,NULL,NULL),(931,NULL,'931',9,34,1,1,1,1,15,3,NULL,1,NULL,NULL,NULL,5000,1,NULL,NULL,NULL,NULL,NULL),(932,NULL,'932',9,34,1,1,1,1,15,3,NULL,1,NULL,NULL,NULL,5000,1,NULL,NULL,NULL,NULL,NULL),(933,NULL,'933',9,34,1,1,1,1,15,3,NULL,1,NULL,NULL,NULL,5000,1,NULL,NULL,NULL,NULL,NULL),(934,NULL,'934',9,34,1,1,1,1,15,3,NULL,1,NULL,NULL,NULL,5000,1,NULL,NULL,NULL,NULL,NULL),(935,NULL,'935',9,34,1,1,1,1,15,3,NULL,1,NULL,NULL,NULL,5000,1,NULL,NULL,NULL,NULL,NULL),(936,NULL,'936',9,34,1,1,1,1,15,3,NULL,1,NULL,NULL,NULL,5000,1,NULL,NULL,NULL,NULL,NULL),(937,NULL,'937',9,34,1,1,1,1,15,3,NULL,1,NULL,NULL,NULL,5000,1,NULL,NULL,NULL,NULL,NULL),(938,NULL,'938',9,34,1,1,1,1,15,3,NULL,1,NULL,NULL,NULL,5000,1,NULL,NULL,NULL,NULL,NULL),(939,NULL,'939',9,34,1,1,1,1,15,3,NULL,1,NULL,NULL,NULL,5000,1,NULL,NULL,NULL,NULL,NULL),(940,NULL,'940',9,34,1,1,1,1,15,3,NULL,1,NULL,NULL,NULL,5000,1,NULL,NULL,NULL,NULL,NULL),(941,NULL,'941',9,34,1,1,1,1,15,3,NULL,1,NULL,NULL,NULL,5000,1,NULL,NULL,NULL,NULL,NULL),(942,NULL,'942',9,34,1,1,1,1,15,3,NULL,1,NULL,NULL,NULL,5000,1,NULL,NULL,NULL,NULL,NULL),(943,NULL,'943',9,34,1,1,1,1,15,3,NULL,1,NULL,NULL,NULL,5000,1,NULL,NULL,NULL,NULL,NULL),(944,NULL,'944',9,34,1,1,1,1,15,3,NULL,1,NULL,NULL,NULL,5000,1,NULL,NULL,NULL,NULL,NULL),(945,NULL,'945',9,34,1,1,1,1,15,3,NULL,1,NULL,NULL,NULL,5000,1,NULL,NULL,NULL,NULL,NULL),(946,NULL,'946',9,34,1,1,1,1,15,3,NULL,1,NULL,NULL,NULL,5000,1,NULL,NULL,NULL,NULL,NULL),(947,NULL,'947',9,34,1,1,1,1,15,3,NULL,1,NULL,NULL,NULL,5000,1,NULL,NULL,NULL,NULL,NULL),(948,NULL,'948',9,34,1,1,1,1,15,3,NULL,1,NULL,NULL,NULL,5000,1,NULL,NULL,NULL,NULL,NULL),(949,NULL,'949',9,34,1,1,1,1,15,3,NULL,1,NULL,NULL,NULL,5000,1,NULL,NULL,NULL,NULL,NULL),(950,NULL,'950',9,34,1,1,1,1,15,3,NULL,1,NULL,NULL,NULL,5000,1,NULL,NULL,NULL,NULL,NULL),(951,NULL,'951',9,34,1,1,1,1,15,3,NULL,1,NULL,NULL,NULL,5000,1,NULL,NULL,NULL,NULL,NULL),(952,NULL,'952',9,34,1,1,1,1,15,3,NULL,1,NULL,NULL,NULL,5000,1,NULL,NULL,NULL,NULL,NULL),(953,NULL,'953',9,34,1,1,1,1,15,3,NULL,1,NULL,NULL,NULL,5000,1,NULL,NULL,NULL,NULL,NULL),(954,NULL,'954',9,34,1,1,1,1,15,3,NULL,1,NULL,NULL,NULL,5000,1,NULL,NULL,NULL,NULL,NULL),(955,NULL,'955',9,34,1,1,1,1,15,3,NULL,1,NULL,NULL,NULL,5000,1,NULL,NULL,NULL,NULL,NULL),(956,NULL,'956',9,34,1,1,1,1,15,3,NULL,1,NULL,NULL,NULL,5000,1,NULL,NULL,NULL,NULL,NULL),(957,NULL,'957',9,34,1,1,1,1,15,3,NULL,1,NULL,NULL,NULL,5000,1,NULL,NULL,NULL,NULL,NULL),(958,NULL,'958',9,34,1,1,1,1,15,3,NULL,1,NULL,NULL,NULL,5000,1,NULL,NULL,NULL,NULL,NULL),(959,NULL,'959',9,34,1,1,1,1,15,3,NULL,1,NULL,NULL,NULL,5000,1,NULL,NULL,NULL,NULL,NULL),(960,NULL,'960',9,34,1,1,1,1,15,3,NULL,1,NULL,NULL,NULL,5000,1,NULL,NULL,NULL,NULL,NULL),(961,NULL,'961',9,34,1,1,1,1,15,3,NULL,1,NULL,NULL,NULL,5000,1,NULL,NULL,NULL,NULL,NULL),(962,NULL,'962',9,34,1,1,1,1,15,3,NULL,1,NULL,NULL,NULL,5000,1,NULL,NULL,NULL,NULL,NULL),(963,NULL,'963',9,34,1,1,1,1,15,3,NULL,1,NULL,NULL,NULL,5000,1,NULL,NULL,NULL,NULL,NULL),(964,NULL,'964',9,34,1,1,1,1,15,3,NULL,1,NULL,NULL,NULL,5000,1,NULL,NULL,NULL,NULL,NULL),(965,NULL,'965',9,34,1,1,1,1,15,3,NULL,1,NULL,NULL,NULL,5000,1,NULL,NULL,NULL,NULL,NULL),(966,NULL,'966',9,34,1,1,1,1,15,3,NULL,1,NULL,NULL,NULL,5000,1,NULL,NULL,NULL,NULL,NULL),(967,NULL,'967',9,34,1,1,1,1,15,3,NULL,1,NULL,NULL,NULL,5000,1,NULL,NULL,NULL,NULL,NULL),(968,NULL,'968',9,34,1,1,1,1,15,3,NULL,1,NULL,NULL,NULL,5000,1,NULL,NULL,NULL,NULL,NULL),(969,NULL,'969',9,34,1,1,1,1,15,3,NULL,1,NULL,NULL,NULL,5000,1,NULL,NULL,NULL,NULL,NULL),(970,NULL,'970',9,34,1,1,1,1,15,3,NULL,1,NULL,NULL,NULL,5000,1,NULL,NULL,NULL,NULL,NULL),(971,NULL,'971',9,34,1,1,1,1,15,3,NULL,1,NULL,NULL,NULL,5000,1,NULL,NULL,NULL,NULL,NULL),(972,NULL,'972',9,34,1,1,1,1,15,3,NULL,1,NULL,NULL,NULL,5000,1,NULL,NULL,NULL,NULL,NULL),(973,NULL,'973',9,34,1,1,1,1,15,3,NULL,1,NULL,NULL,NULL,5000,1,NULL,NULL,NULL,NULL,NULL),(974,NULL,'974',9,34,1,1,1,1,15,3,NULL,1,NULL,NULL,NULL,5000,1,NULL,NULL,NULL,NULL,NULL),(975,NULL,'975',9,34,1,1,1,1,15,3,NULL,1,NULL,NULL,NULL,5000,1,NULL,NULL,NULL,NULL,NULL),(976,NULL,'976',9,34,1,1,1,1,15,3,NULL,1,NULL,NULL,NULL,5000,1,NULL,NULL,NULL,NULL,NULL),(977,NULL,'977',9,34,1,1,1,1,15,3,NULL,1,NULL,NULL,NULL,5000,1,NULL,NULL,NULL,NULL,NULL),(978,NULL,'978',9,34,1,1,1,1,15,3,NULL,1,NULL,NULL,NULL,5000,1,NULL,NULL,NULL,NULL,NULL),(979,NULL,'979',9,34,1,1,1,1,15,3,NULL,1,NULL,NULL,NULL,5000,1,NULL,NULL,NULL,NULL,NULL),(980,NULL,'980',9,34,1,1,1,1,15,3,NULL,1,NULL,NULL,NULL,5000,1,NULL,NULL,NULL,NULL,NULL),(981,NULL,'981',9,34,1,1,1,1,15,3,NULL,1,NULL,NULL,NULL,5000,1,NULL,NULL,NULL,NULL,NULL),(982,NULL,'982',9,34,1,1,1,1,15,3,NULL,1,NULL,NULL,NULL,5000,1,NULL,NULL,NULL,NULL,NULL),(983,NULL,'983',9,34,1,1,1,1,15,3,NULL,1,NULL,NULL,NULL,5000,1,NULL,NULL,NULL,NULL,NULL),(984,NULL,'984',9,34,1,1,1,1,15,3,NULL,1,NULL,NULL,NULL,5000,1,NULL,NULL,NULL,NULL,NULL),(985,NULL,'985',9,34,1,1,1,1,15,3,NULL,1,NULL,NULL,NULL,5000,1,NULL,NULL,NULL,NULL,NULL),(986,NULL,'986',9,34,1,1,1,1,15,3,NULL,1,NULL,NULL,NULL,5000,1,NULL,NULL,NULL,NULL,NULL),(987,NULL,'987',9,34,1,1,1,1,15,3,NULL,1,NULL,NULL,NULL,5000,1,NULL,NULL,NULL,NULL,NULL),(988,NULL,'988',9,34,1,1,1,1,15,3,NULL,1,NULL,NULL,NULL,5000,1,NULL,NULL,NULL,NULL,NULL),(989,NULL,'989',9,34,1,1,1,1,15,3,NULL,1,NULL,NULL,NULL,5000,1,NULL,NULL,NULL,NULL,NULL),(990,NULL,'990',9,34,1,1,1,1,15,3,NULL,1,NULL,NULL,NULL,5000,1,NULL,NULL,NULL,NULL,NULL),(991,NULL,'991',9,34,1,1,1,1,15,3,NULL,1,NULL,NULL,NULL,5000,1,NULL,NULL,NULL,NULL,NULL),(992,NULL,'992',9,34,1,1,1,1,15,3,NULL,1,NULL,NULL,NULL,5000,1,NULL,NULL,NULL,NULL,NULL),(993,NULL,'993',9,34,1,1,1,1,15,3,NULL,1,NULL,NULL,NULL,5000,1,NULL,NULL,NULL,NULL,NULL),(994,NULL,'994',9,34,1,1,1,1,15,3,NULL,1,NULL,NULL,NULL,5000,1,NULL,NULL,NULL,NULL,NULL),(995,NULL,'995',9,34,1,1,1,1,15,3,NULL,1,NULL,NULL,NULL,5000,1,NULL,NULL,NULL,NULL,NULL),(996,NULL,'996',9,34,1,1,1,1,15,3,NULL,1,NULL,NULL,NULL,5000,1,NULL,NULL,NULL,NULL,NULL),(997,NULL,'997',9,34,1,1,1,1,15,3,NULL,1,NULL,NULL,NULL,5000,1,NULL,NULL,NULL,NULL,NULL),(998,NULL,'998',9,34,1,1,1,1,15,3,NULL,1,NULL,NULL,NULL,5000,1,NULL,NULL,NULL,NULL,NULL),(999,NULL,'999',9,34,1,1,1,1,15,3,NULL,1,NULL,NULL,NULL,5000,1,NULL,NULL,NULL,NULL,NULL),(1000,NULL,'1000',9,34,1,1,1,1,15,3,NULL,1,NULL,NULL,NULL,5000,1,NULL,NULL,NULL,NULL,NULL),(1001,NULL,'1001',9,34,1,1,1,1,15,3,NULL,1,NULL,NULL,NULL,5000,1,NULL,NULL,NULL,NULL,NULL),(1002,NULL,'1002',9,34,1,1,1,1,15,3,NULL,1,NULL,NULL,NULL,5000,1,NULL,NULL,NULL,NULL,NULL),(1003,NULL,'1003',9,34,1,1,1,1,15,3,NULL,1,NULL,NULL,NULL,5000,1,NULL,NULL,NULL,NULL,NULL),(1004,NULL,'1004',9,34,1,1,1,1,15,3,NULL,1,NULL,NULL,NULL,5000,1,NULL,NULL,NULL,NULL,NULL),(1005,NULL,'1005',9,34,1,1,1,1,15,3,NULL,1,NULL,NULL,NULL,5000,1,NULL,NULL,NULL,NULL,NULL),(1006,NULL,'1006',9,34,1,1,1,1,15,3,NULL,1,NULL,NULL,NULL,5000,1,NULL,NULL,NULL,NULL,NULL),(1007,NULL,'1007',9,34,1,1,1,1,15,3,NULL,1,NULL,NULL,NULL,5000,1,NULL,NULL,NULL,NULL,NULL),(1008,NULL,'1008',9,34,1,1,1,1,15,3,NULL,1,NULL,NULL,NULL,5000,1,NULL,NULL,NULL,NULL,NULL),(1009,NULL,'1009',9,34,1,1,1,1,15,3,NULL,1,NULL,NULL,NULL,5000,1,NULL,NULL,NULL,NULL,NULL),(1010,NULL,'1010',9,34,1,1,1,1,15,3,NULL,1,NULL,NULL,NULL,5000,1,NULL,NULL,NULL,NULL,NULL),(1011,NULL,'1011',9,34,1,1,1,1,15,3,NULL,1,NULL,NULL,NULL,5000,1,NULL,NULL,NULL,NULL,NULL),(1012,NULL,'1012',9,34,1,1,1,1,15,3,NULL,1,NULL,NULL,NULL,5000,1,NULL,NULL,NULL,NULL,NULL),(1013,NULL,'1013',9,34,1,1,1,1,15,3,NULL,1,NULL,NULL,NULL,5000,1,NULL,NULL,NULL,NULL,NULL),(1014,NULL,'1014',9,34,1,1,1,1,15,3,NULL,1,NULL,NULL,NULL,5000,1,NULL,NULL,NULL,NULL,NULL),(1015,NULL,'1015',9,34,1,1,1,1,15,3,NULL,1,NULL,NULL,NULL,5000,1,NULL,NULL,NULL,NULL,NULL),(1016,NULL,'1016',9,34,1,1,1,1,15,3,NULL,1,NULL,NULL,NULL,5000,1,NULL,NULL,NULL,NULL,NULL),(1017,NULL,'1017',9,34,1,1,1,1,15,3,NULL,1,NULL,NULL,NULL,5000,1,NULL,NULL,NULL,NULL,NULL),(1018,NULL,'1018',9,34,1,1,1,1,15,3,NULL,1,NULL,NULL,NULL,5000,1,NULL,NULL,NULL,NULL,NULL),(1019,NULL,'1019',9,34,1,1,1,1,15,3,NULL,1,NULL,NULL,NULL,5000,1,NULL,NULL,NULL,NULL,NULL),(1020,NULL,'1020',9,34,1,1,1,1,15,3,NULL,1,NULL,NULL,NULL,5000,1,NULL,NULL,NULL,NULL,NULL),(1021,NULL,'1021',9,34,1,1,1,1,15,3,NULL,1,NULL,NULL,NULL,5000,1,NULL,NULL,NULL,NULL,NULL),(1022,NULL,'1022',9,34,1,1,1,1,15,3,NULL,1,NULL,NULL,NULL,5000,1,NULL,NULL,NULL,NULL,NULL),(1023,NULL,'1023',9,34,1,1,1,1,15,3,NULL,1,NULL,NULL,NULL,5000,1,NULL,NULL,NULL,NULL,NULL),(1024,NULL,'1024',9,34,1,1,1,1,15,3,NULL,1,NULL,NULL,NULL,5000,1,NULL,NULL,NULL,NULL,NULL),(1025,NULL,'1025',9,34,1,1,1,1,15,3,NULL,1,NULL,NULL,NULL,5000,1,NULL,NULL,NULL,NULL,NULL),(1026,NULL,'1026',9,34,1,1,1,1,15,3,NULL,1,NULL,NULL,NULL,5000,1,NULL,NULL,NULL,NULL,NULL),(1027,NULL,'1027',9,34,1,1,1,1,15,3,NULL,1,NULL,NULL,NULL,5000,1,NULL,NULL,NULL,NULL,NULL),(1028,NULL,'1028',9,34,1,1,1,1,15,3,NULL,1,NULL,NULL,NULL,5000,1,NULL,NULL,NULL,NULL,NULL),(1029,NULL,'1029',9,34,1,1,1,1,15,3,NULL,1,NULL,NULL,NULL,5000,1,NULL,NULL,NULL,NULL,NULL),(1030,NULL,'1030',9,34,1,1,1,1,15,3,NULL,1,NULL,NULL,NULL,5000,1,NULL,NULL,NULL,NULL,NULL),(1031,NULL,'1031',9,34,1,1,1,1,15,3,NULL,1,NULL,NULL,NULL,5000,1,NULL,NULL,NULL,NULL,NULL),(1032,NULL,'1032',9,34,1,1,1,1,15,3,NULL,1,NULL,NULL,NULL,5000,1,NULL,NULL,NULL,NULL,NULL),(1033,NULL,'1033',9,34,1,1,1,1,15,3,NULL,1,NULL,NULL,NULL,5000,1,NULL,NULL,NULL,NULL,NULL),(1034,NULL,'1034',9,34,1,1,1,1,15,3,NULL,1,NULL,NULL,NULL,5000,1,NULL,NULL,NULL,NULL,NULL),(1035,NULL,'1035',9,34,1,1,1,1,15,3,NULL,1,NULL,NULL,NULL,5000,1,NULL,NULL,NULL,NULL,NULL),(1036,NULL,'1036',9,34,1,1,1,1,15,3,NULL,1,NULL,NULL,NULL,5000,1,NULL,NULL,NULL,NULL,NULL),(1037,NULL,'1037',9,34,1,1,1,1,15,3,NULL,1,NULL,NULL,NULL,5000,1,NULL,NULL,NULL,NULL,NULL),(1038,NULL,'1038',9,34,1,1,1,1,15,3,NULL,1,NULL,NULL,NULL,5000,1,NULL,NULL,NULL,NULL,NULL),(1039,NULL,'1039',9,34,1,1,1,1,15,3,NULL,1,NULL,NULL,NULL,5000,1,NULL,NULL,NULL,NULL,NULL),(1040,NULL,'1040',9,34,1,1,1,1,15,3,NULL,1,NULL,NULL,NULL,5000,1,NULL,NULL,NULL,NULL,NULL),(1041,NULL,'1041',9,34,1,1,1,1,15,3,NULL,1,NULL,NULL,NULL,5000,1,NULL,NULL,NULL,NULL,NULL),(1042,NULL,'1042',9,34,1,1,1,1,15,3,NULL,1,NULL,NULL,NULL,5000,1,NULL,NULL,NULL,NULL,NULL),(1043,NULL,'1043',9,34,1,1,1,1,15,3,NULL,1,NULL,NULL,NULL,5000,1,NULL,NULL,NULL,NULL,NULL),(1044,NULL,'1044',9,34,1,1,1,1,15,3,NULL,1,NULL,NULL,NULL,5000,1,NULL,NULL,NULL,NULL,NULL),(1045,NULL,'1045',9,34,1,1,1,1,15,3,NULL,1,NULL,NULL,NULL,5000,1,NULL,NULL,NULL,NULL,NULL),(1046,NULL,'1046',9,34,1,1,1,1,15,3,NULL,1,NULL,NULL,NULL,5000,1,NULL,NULL,NULL,NULL,NULL),(1047,NULL,'1047',9,34,1,1,1,1,15,3,NULL,1,NULL,NULL,NULL,5000,1,NULL,NULL,NULL,NULL,NULL),(1048,NULL,'1048',9,34,1,1,1,1,15,3,NULL,1,NULL,NULL,NULL,5000,1,NULL,NULL,NULL,NULL,NULL),(1049,NULL,'1049',9,34,1,1,1,1,15,3,NULL,1,NULL,NULL,NULL,5000,1,NULL,NULL,NULL,NULL,NULL),(1050,NULL,'1050',9,34,1,1,1,1,15,3,NULL,1,NULL,NULL,NULL,5000,1,NULL,NULL,NULL,NULL,NULL),(1051,NULL,'1051',9,34,1,1,1,1,15,3,NULL,1,NULL,NULL,NULL,5000,1,NULL,NULL,NULL,NULL,NULL),(1052,NULL,'1052',9,34,1,1,1,1,15,3,NULL,1,NULL,NULL,NULL,5000,1,NULL,NULL,NULL,NULL,NULL),(1053,NULL,'1053',9,34,1,1,1,1,15,3,NULL,1,NULL,NULL,NULL,5000,1,NULL,NULL,NULL,NULL,NULL),(1054,NULL,'1054',9,34,1,1,1,1,15,3,NULL,1,NULL,NULL,NULL,5000,1,NULL,NULL,NULL,NULL,NULL),(1055,NULL,'1055',9,34,1,1,1,1,15,3,NULL,1,NULL,NULL,NULL,5000,1,NULL,NULL,NULL,NULL,NULL),(1056,NULL,'1056',9,34,1,1,1,1,15,3,NULL,1,NULL,NULL,NULL,5000,1,NULL,NULL,NULL,NULL,NULL),(1057,NULL,'1057',9,34,1,1,1,1,15,3,NULL,1,NULL,NULL,NULL,5000,1,NULL,NULL,NULL,NULL,NULL),(1058,NULL,'1058',9,34,1,1,1,1,15,3,NULL,1,NULL,NULL,NULL,5000,1,NULL,NULL,NULL,NULL,NULL),(1059,NULL,'1059',9,34,1,1,1,1,15,3,NULL,1,NULL,NULL,NULL,5000,1,NULL,NULL,NULL,NULL,NULL),(1060,NULL,'1060',9,34,1,1,1,1,15,3,NULL,1,NULL,NULL,NULL,5000,1,NULL,NULL,NULL,NULL,NULL),(1061,NULL,'1061',9,34,1,1,1,1,15,3,NULL,1,NULL,NULL,NULL,5000,1,NULL,NULL,NULL,NULL,NULL),(1062,NULL,'1062',9,34,1,1,1,1,15,3,NULL,1,NULL,NULL,NULL,5000,1,NULL,NULL,NULL,NULL,NULL),(1063,NULL,'1063',9,34,1,1,1,1,15,3,NULL,1,NULL,NULL,NULL,5000,1,NULL,NULL,NULL,NULL,NULL),(1064,NULL,'1064',9,34,1,1,1,1,15,3,NULL,1,NULL,NULL,NULL,5000,1,NULL,NULL,NULL,NULL,NULL),(1065,NULL,'1065',9,34,1,1,1,1,15,3,NULL,1,NULL,NULL,NULL,5000,1,NULL,NULL,NULL,NULL,NULL),(1066,NULL,'1066',9,34,1,1,1,1,15,3,NULL,1,NULL,NULL,NULL,5000,1,NULL,NULL,NULL,NULL,NULL),(1067,NULL,'1067',9,34,1,1,1,1,15,3,NULL,1,NULL,NULL,NULL,5000,1,NULL,NULL,NULL,NULL,NULL),(1068,NULL,'1068',9,34,1,1,1,1,15,3,NULL,1,NULL,NULL,NULL,5000,1,NULL,NULL,NULL,NULL,NULL),(1069,NULL,'1069',9,34,1,1,1,1,15,3,NULL,1,NULL,NULL,NULL,5000,1,NULL,NULL,NULL,NULL,NULL),(1070,NULL,'1070',9,34,1,1,1,1,15,3,NULL,1,NULL,NULL,NULL,5000,1,NULL,NULL,NULL,NULL,NULL),(1071,NULL,'1071',9,34,1,1,1,1,15,3,NULL,1,NULL,NULL,NULL,5000,1,NULL,NULL,NULL,NULL,NULL),(1072,NULL,'1072',9,34,1,1,1,1,15,3,NULL,1,NULL,NULL,NULL,5000,1,NULL,NULL,NULL,NULL,NULL),(1073,NULL,'1073',9,34,1,1,1,1,15,3,NULL,1,NULL,NULL,NULL,5000,1,NULL,NULL,NULL,NULL,NULL),(1074,NULL,'1074',9,34,1,1,1,1,15,3,NULL,1,NULL,NULL,NULL,5000,1,NULL,NULL,NULL,NULL,NULL),(1075,NULL,'1075',9,34,1,1,1,1,15,3,NULL,1,NULL,NULL,NULL,5000,1,NULL,NULL,NULL,NULL,NULL),(1076,NULL,'1076',9,34,1,1,1,1,15,3,NULL,1,NULL,NULL,NULL,5000,1,NULL,NULL,NULL,NULL,NULL),(1077,NULL,'1077',9,34,1,1,1,1,15,3,NULL,1,NULL,NULL,NULL,5000,1,NULL,NULL,NULL,NULL,NULL),(1078,NULL,'1078',9,34,1,1,1,1,15,3,NULL,1,NULL,NULL,NULL,5000,1,NULL,NULL,NULL,NULL,NULL),(1079,NULL,'1079',9,34,1,1,1,1,15,3,NULL,1,NULL,NULL,NULL,5000,1,NULL,NULL,NULL,NULL,NULL),(1080,NULL,'1080',9,34,1,1,1,1,15,3,NULL,1,NULL,NULL,NULL,5000,1,NULL,NULL,NULL,NULL,NULL),(1081,NULL,'1081',9,34,1,1,1,1,15,3,NULL,1,NULL,NULL,NULL,5000,1,NULL,NULL,NULL,NULL,NULL),(1082,NULL,'1082',9,34,1,1,1,1,15,3,NULL,1,NULL,NULL,NULL,5000,1,NULL,NULL,NULL,NULL,NULL),(1083,NULL,'1083',9,34,1,1,1,1,15,3,NULL,1,NULL,NULL,NULL,5000,1,NULL,NULL,NULL,NULL,NULL),(1084,NULL,'1084',9,34,1,1,1,1,15,3,NULL,1,NULL,NULL,NULL,5000,1,NULL,NULL,NULL,NULL,NULL),(1085,NULL,'1085',9,34,1,1,1,1,15,3,NULL,1,NULL,NULL,NULL,5000,1,NULL,NULL,NULL,NULL,NULL),(1086,NULL,'1086',9,34,1,1,1,1,15,3,NULL,1,NULL,NULL,NULL,5000,1,NULL,NULL,NULL,NULL,NULL),(1087,NULL,'1087',9,34,1,1,1,1,15,3,NULL,1,NULL,NULL,NULL,5000,1,NULL,NULL,NULL,NULL,NULL),(1088,NULL,'1088',9,34,1,1,1,1,15,3,NULL,1,NULL,NULL,NULL,5000,1,NULL,NULL,NULL,NULL,NULL),(1089,NULL,'1089',9,34,1,1,1,1,15,3,NULL,1,NULL,NULL,NULL,5000,1,NULL,NULL,NULL,NULL,NULL),(1090,NULL,'1090',9,34,1,1,1,1,15,3,NULL,1,NULL,NULL,NULL,5000,1,NULL,NULL,NULL,NULL,NULL),(1091,NULL,'1091',9,34,1,1,1,1,15,3,NULL,1,NULL,NULL,NULL,5000,1,NULL,NULL,NULL,NULL,NULL),(1092,NULL,'1092',9,34,1,1,1,1,15,3,NULL,1,NULL,NULL,NULL,5000,1,NULL,NULL,NULL,NULL,NULL),(1093,NULL,'1093',9,34,1,1,1,1,15,3,NULL,1,NULL,NULL,NULL,5000,1,NULL,NULL,NULL,NULL,NULL),(1094,NULL,'1094',9,34,1,1,1,1,15,3,NULL,1,NULL,NULL,NULL,5000,1,NULL,NULL,NULL,NULL,NULL),(1095,NULL,'1095',9,34,1,1,1,1,15,3,NULL,1,NULL,NULL,NULL,5000,1,NULL,NULL,NULL,NULL,NULL),(1096,NULL,'1096',9,34,1,1,1,1,15,3,NULL,1,NULL,NULL,NULL,5000,1,NULL,NULL,NULL,NULL,NULL),(1097,NULL,'1097',9,34,1,1,1,1,15,3,NULL,1,NULL,NULL,NULL,5000,1,NULL,NULL,NULL,NULL,NULL),(1098,NULL,'1098',9,34,1,1,1,1,15,3,NULL,1,NULL,NULL,NULL,5000,1,NULL,NULL,NULL,NULL,NULL),(1099,NULL,'1099',9,34,1,1,1,1,15,3,NULL,1,NULL,NULL,NULL,5000,1,NULL,NULL,NULL,NULL,NULL),(1100,NULL,'1100',9,34,1,1,1,1,15,3,NULL,1,NULL,NULL,NULL,5000,1,NULL,NULL,NULL,NULL,NULL),(1101,NULL,'1101',9,34,1,1,1,1,15,3,NULL,1,NULL,NULL,NULL,5000,1,NULL,NULL,NULL,NULL,NULL),(1102,NULL,'1102',9,34,1,1,1,1,15,3,NULL,1,NULL,NULL,NULL,5000,1,NULL,NULL,NULL,NULL,NULL),(1103,NULL,'1103',9,34,1,1,1,1,15,3,NULL,1,NULL,NULL,NULL,5000,1,NULL,NULL,NULL,NULL,NULL),(1104,NULL,'1104',9,34,1,1,1,1,15,3,NULL,1,NULL,NULL,NULL,5000,1,NULL,NULL,NULL,NULL,NULL),(1105,NULL,'1105',9,34,1,1,1,1,15,3,NULL,1,NULL,NULL,NULL,5000,1,NULL,NULL,NULL,NULL,NULL),(1106,NULL,'1106',9,34,1,1,1,1,15,3,NULL,1,NULL,NULL,NULL,5000,1,NULL,NULL,NULL,NULL,NULL),(1107,NULL,'1107',9,34,1,1,1,1,15,3,NULL,1,NULL,NULL,NULL,5000,1,NULL,NULL,NULL,NULL,NULL),(1108,NULL,'1108',9,34,1,1,1,1,15,3,NULL,1,NULL,NULL,NULL,5000,1,NULL,NULL,NULL,NULL,NULL),(1109,NULL,'1109',9,34,1,1,1,1,15,3,NULL,1,NULL,NULL,NULL,5000,1,NULL,NULL,NULL,NULL,NULL),(1110,NULL,'1110',9,34,1,1,1,1,15,3,NULL,1,NULL,NULL,NULL,5000,1,NULL,NULL,NULL,NULL,NULL),(1111,NULL,'1111',9,34,1,1,1,1,15,3,NULL,1,NULL,NULL,NULL,5000,1,NULL,NULL,NULL,NULL,NULL),(1112,NULL,'1112',9,34,1,1,1,1,15,3,NULL,1,NULL,NULL,NULL,5000,1,NULL,NULL,NULL,NULL,NULL),(1113,NULL,'1113',9,34,1,1,1,1,15,3,NULL,1,NULL,NULL,NULL,5000,1,NULL,NULL,NULL,NULL,NULL),(1114,NULL,'1114',9,34,1,1,1,1,15,3,NULL,1,NULL,NULL,NULL,5000,1,NULL,NULL,NULL,NULL,NULL),(1115,NULL,'1115',9,34,1,1,1,1,15,3,NULL,1,NULL,NULL,NULL,5000,1,NULL,NULL,NULL,NULL,NULL),(1116,NULL,'1116',9,34,1,1,1,1,15,3,NULL,1,NULL,NULL,NULL,5000,1,NULL,NULL,NULL,NULL,NULL),(1117,NULL,'1117',9,34,1,1,1,1,15,3,NULL,1,NULL,NULL,NULL,5000,1,NULL,NULL,NULL,NULL,NULL),(1118,NULL,'1118',9,34,1,1,1,1,15,3,NULL,1,NULL,NULL,NULL,5000,1,NULL,NULL,NULL,NULL,NULL),(1119,NULL,'1119',9,34,1,1,1,1,15,3,NULL,1,NULL,NULL,NULL,5000,1,NULL,NULL,NULL,NULL,NULL),(1120,NULL,'1120',9,34,1,1,1,1,15,3,NULL,1,NULL,NULL,NULL,5000,1,NULL,NULL,NULL,NULL,NULL),(1121,NULL,'1121',9,34,1,1,1,1,15,3,NULL,1,NULL,NULL,NULL,5000,1,NULL,NULL,NULL,NULL,NULL),(1122,NULL,'1122',9,34,1,1,1,1,15,3,NULL,1,NULL,NULL,NULL,5000,1,NULL,NULL,NULL,NULL,NULL),(1123,NULL,'1123',9,34,1,1,1,1,15,3,NULL,1,NULL,NULL,NULL,5000,1,NULL,NULL,NULL,NULL,NULL),(1124,NULL,'1124',9,34,1,1,1,1,15,3,NULL,1,NULL,NULL,NULL,5000,1,NULL,NULL,NULL,NULL,NULL),(1125,NULL,'1125',9,34,1,1,1,1,15,3,NULL,1,NULL,NULL,NULL,5000,1,NULL,NULL,NULL,NULL,NULL),(1126,NULL,'1126',9,34,1,1,1,1,15,3,NULL,1,NULL,NULL,NULL,5000,1,NULL,NULL,NULL,NULL,NULL),(1127,NULL,'1127',9,34,1,1,1,1,15,3,NULL,1,NULL,NULL,NULL,5000,1,NULL,NULL,NULL,NULL,NULL),(1128,NULL,'1128',9,34,1,1,1,1,15,3,NULL,1,NULL,NULL,NULL,5000,1,NULL,NULL,NULL,NULL,NULL),(1129,NULL,'1129',9,34,1,1,1,1,15,3,NULL,1,NULL,NULL,NULL,5000,1,NULL,NULL,NULL,NULL,NULL),(1130,NULL,'1130',9,34,1,1,1,1,15,3,NULL,1,NULL,NULL,NULL,5000,1,NULL,NULL,NULL,NULL,NULL),(1131,NULL,'1131',9,34,1,1,1,1,15,3,NULL,1,NULL,NULL,NULL,5000,1,NULL,NULL,NULL,NULL,NULL),(1132,NULL,'1132',9,34,1,1,1,1,15,3,NULL,1,NULL,NULL,NULL,5000,1,NULL,NULL,NULL,NULL,NULL),(1133,NULL,'1133',9,34,1,1,1,1,15,3,NULL,1,NULL,NULL,NULL,5000,1,NULL,NULL,NULL,NULL,NULL),(1134,NULL,'1134',9,34,1,1,1,1,15,3,NULL,1,NULL,NULL,NULL,5000,1,NULL,NULL,NULL,NULL,NULL),(1135,NULL,'1135',9,34,1,1,1,1,15,3,NULL,1,NULL,NULL,NULL,5000,1,NULL,NULL,NULL,NULL,NULL),(1136,NULL,'1136',9,34,1,1,1,1,15,3,NULL,1,NULL,NULL,NULL,5000,1,NULL,NULL,NULL,NULL,NULL),(1137,NULL,'1137',9,34,1,1,1,1,15,3,NULL,1,NULL,NULL,NULL,5000,1,NULL,NULL,NULL,NULL,NULL),(1138,NULL,'1138',9,34,1,1,1,1,15,3,NULL,1,NULL,NULL,NULL,5000,1,NULL,NULL,NULL,NULL,NULL),(1139,NULL,'1139',9,34,1,1,1,1,15,3,NULL,1,NULL,NULL,NULL,5000,1,NULL,NULL,NULL,NULL,NULL),(1140,NULL,'1140',9,34,1,1,1,1,15,3,NULL,1,NULL,NULL,NULL,5000,1,NULL,NULL,NULL,NULL,NULL),(1141,NULL,'1141',9,34,1,1,1,1,15,3,NULL,1,NULL,NULL,NULL,5000,1,NULL,NULL,NULL,NULL,NULL),(1142,NULL,'1142',9,34,1,1,1,1,15,3,NULL,1,NULL,NULL,NULL,5000,1,NULL,NULL,NULL,NULL,NULL),(1143,NULL,'1143',9,34,1,1,1,1,15,3,NULL,1,NULL,NULL,NULL,5000,1,NULL,NULL,NULL,NULL,NULL),(1144,NULL,'1144',9,34,1,1,1,1,15,3,NULL,1,NULL,NULL,NULL,5000,1,NULL,NULL,NULL,NULL,NULL),(1145,NULL,'1145',9,34,1,1,1,1,15,3,NULL,1,NULL,NULL,NULL,5000,1,NULL,NULL,NULL,NULL,NULL),(1146,NULL,'1146',9,34,1,1,1,1,15,3,NULL,1,NULL,NULL,NULL,5000,1,NULL,NULL,NULL,NULL,NULL),(1147,NULL,'1147',9,34,1,1,1,1,15,3,NULL,1,NULL,NULL,NULL,5000,1,NULL,NULL,NULL,NULL,NULL),(1148,NULL,'1148',9,34,1,1,1,1,15,3,NULL,1,NULL,NULL,NULL,5000,1,NULL,NULL,NULL,NULL,NULL),(1149,NULL,'1149',9,34,1,1,1,1,15,3,NULL,1,NULL,NULL,NULL,5000,1,NULL,NULL,NULL,NULL,NULL),(1150,NULL,'1150',9,34,1,1,1,1,15,3,NULL,1,NULL,NULL,NULL,5000,1,NULL,NULL,NULL,NULL,NULL),(1151,NULL,'1151',9,34,1,1,1,1,15,3,NULL,1,NULL,NULL,NULL,5000,1,NULL,NULL,NULL,NULL,NULL),(1152,NULL,'1152',9,34,1,1,1,1,15,3,NULL,1,NULL,NULL,NULL,5000,1,NULL,NULL,NULL,NULL,NULL),(1153,NULL,'1153',9,34,1,1,1,1,15,3,NULL,1,NULL,NULL,NULL,5000,1,NULL,NULL,NULL,NULL,NULL),(1154,NULL,'1154',9,34,1,1,1,1,15,3,NULL,1,NULL,NULL,NULL,5000,1,NULL,NULL,NULL,NULL,NULL),(1155,NULL,'1155',9,34,1,1,1,1,15,3,NULL,1,NULL,NULL,NULL,5000,1,NULL,NULL,NULL,NULL,NULL),(1156,NULL,'1156',9,34,1,1,1,1,15,3,NULL,1,NULL,NULL,NULL,5000,1,NULL,NULL,NULL,NULL,NULL),(1157,NULL,'1157',9,34,1,1,1,1,15,3,NULL,1,NULL,NULL,NULL,5000,1,NULL,NULL,NULL,NULL,NULL),(1158,NULL,'1158',9,34,1,1,1,1,15,3,NULL,1,NULL,NULL,NULL,5000,1,NULL,NULL,NULL,NULL,NULL),(1159,NULL,'1159',9,34,1,1,1,1,15,3,NULL,1,NULL,NULL,NULL,5000,1,NULL,NULL,NULL,NULL,NULL),(1160,NULL,'1160',9,34,1,1,1,1,15,3,NULL,1,NULL,NULL,NULL,5000,1,NULL,NULL,NULL,NULL,NULL),(1161,NULL,'1161',9,34,1,1,1,1,15,3,NULL,1,NULL,NULL,NULL,5000,1,NULL,NULL,NULL,NULL,NULL),(1162,NULL,'1162',9,34,1,1,1,1,15,3,NULL,1,NULL,NULL,NULL,5000,1,NULL,NULL,NULL,NULL,NULL),(1163,NULL,'1163',9,34,1,1,1,1,15,3,NULL,1,NULL,NULL,NULL,5000,1,NULL,NULL,NULL,NULL,NULL),(1164,NULL,'1164',9,34,1,1,1,1,15,3,NULL,1,NULL,NULL,NULL,5000,1,NULL,NULL,NULL,NULL,NULL),(1165,NULL,'1165',9,34,1,1,1,1,15,3,NULL,1,NULL,NULL,NULL,5000,1,NULL,NULL,NULL,NULL,NULL),(1166,NULL,'1166',9,34,1,1,1,1,15,3,NULL,1,NULL,NULL,NULL,5000,1,NULL,NULL,NULL,NULL,NULL),(1167,NULL,'1167',9,34,1,1,1,1,15,3,NULL,1,NULL,NULL,NULL,5000,1,NULL,NULL,NULL,NULL,NULL),(1168,NULL,'1168',9,34,1,1,1,1,15,3,NULL,1,NULL,NULL,NULL,5000,1,NULL,NULL,NULL,NULL,NULL),(1169,NULL,'1169',9,34,1,1,1,1,15,3,NULL,1,NULL,NULL,NULL,5000,1,NULL,NULL,NULL,NULL,NULL),(1170,NULL,'1170',9,34,1,1,1,1,15,3,NULL,1,NULL,NULL,NULL,5000,1,NULL,NULL,NULL,NULL,NULL),(1171,NULL,'1171',9,34,1,1,1,1,15,3,NULL,1,NULL,NULL,NULL,5000,1,NULL,NULL,NULL,NULL,NULL),(1172,NULL,'1172',9,34,1,1,1,1,15,3,NULL,1,NULL,NULL,NULL,5000,1,NULL,NULL,NULL,NULL,NULL),(1173,NULL,'1173',9,34,1,1,1,1,15,3,NULL,1,NULL,NULL,NULL,5000,1,NULL,NULL,NULL,NULL,NULL),(1174,NULL,'1174',9,34,1,1,1,1,15,3,NULL,1,NULL,NULL,NULL,5000,1,NULL,NULL,NULL,NULL,NULL),(1175,NULL,'1175',9,34,1,1,1,1,15,3,NULL,1,NULL,NULL,NULL,5000,1,NULL,NULL,NULL,NULL,NULL),(1176,NULL,'1176',9,34,1,1,1,1,15,3,NULL,1,NULL,NULL,NULL,5000,1,NULL,NULL,NULL,NULL,NULL),(1177,NULL,'1177',9,34,1,1,1,1,15,3,NULL,1,NULL,NULL,NULL,5000,1,NULL,NULL,NULL,NULL,NULL),(1178,NULL,'1178',9,34,1,1,1,1,15,3,NULL,1,NULL,NULL,NULL,5000,1,NULL,NULL,NULL,NULL,NULL),(1179,NULL,'1179',9,34,1,1,1,1,15,3,NULL,1,NULL,NULL,NULL,5000,1,NULL,NULL,NULL,NULL,NULL),(1180,NULL,'1180',9,34,1,1,1,1,15,3,NULL,1,NULL,NULL,NULL,5000,1,NULL,NULL,NULL,NULL,NULL),(1181,NULL,'1181',9,34,1,1,1,1,15,3,NULL,1,NULL,NULL,NULL,5000,1,NULL,NULL,NULL,NULL,NULL),(1182,NULL,'1182',9,34,1,1,1,1,15,3,NULL,1,NULL,NULL,NULL,5000,1,NULL,NULL,NULL,NULL,NULL),(1183,NULL,'1183',9,34,1,1,1,1,15,3,NULL,1,NULL,NULL,NULL,5000,1,NULL,NULL,NULL,NULL,NULL),(1184,NULL,'1184',9,34,1,1,1,1,15,3,NULL,1,NULL,NULL,NULL,5000,1,NULL,NULL,NULL,NULL,NULL),(1185,NULL,'1185',9,34,1,1,1,1,15,3,NULL,1,NULL,NULL,NULL,5000,1,NULL,NULL,NULL,NULL,NULL),(1186,NULL,'1186',9,34,1,1,1,1,15,3,NULL,1,NULL,NULL,NULL,5000,1,NULL,NULL,NULL,NULL,NULL),(1187,NULL,'1187',9,34,1,1,1,1,15,3,NULL,1,NULL,NULL,NULL,5000,1,NULL,NULL,NULL,NULL,NULL),(1188,NULL,'1188',9,34,1,1,1,1,15,3,NULL,1,NULL,NULL,NULL,5000,1,NULL,NULL,NULL,NULL,NULL),(1189,NULL,'1189',9,34,1,1,1,1,15,3,NULL,1,NULL,NULL,NULL,5000,1,NULL,NULL,NULL,NULL,NULL),(1190,NULL,'1190',9,34,1,1,1,1,15,3,NULL,1,NULL,NULL,NULL,5000,1,NULL,NULL,NULL,NULL,NULL),(1191,NULL,'1191',9,34,1,1,1,1,15,3,NULL,1,NULL,NULL,NULL,5000,1,NULL,NULL,NULL,NULL,NULL),(1192,NULL,'1192',9,34,1,1,1,1,15,3,NULL,1,NULL,NULL,NULL,5000,1,NULL,NULL,NULL,NULL,NULL),(1193,NULL,'1193',9,34,1,1,1,1,15,3,NULL,1,NULL,NULL,NULL,5000,1,NULL,NULL,NULL,NULL,NULL),(1194,NULL,'1194',9,34,1,1,1,1,15,3,NULL,1,NULL,NULL,NULL,5000,1,NULL,NULL,NULL,NULL,NULL),(1195,NULL,'1195',9,34,1,1,1,1,15,3,NULL,1,NULL,NULL,NULL,5000,1,NULL,NULL,NULL,NULL,NULL),(1196,NULL,'1196',9,34,1,1,1,1,15,3,NULL,1,NULL,NULL,NULL,5000,1,NULL,NULL,NULL,NULL,NULL),(1197,NULL,'1197',9,34,1,1,1,1,15,3,NULL,1,NULL,NULL,NULL,5000,1,NULL,NULL,NULL,NULL,NULL),(1198,NULL,'1198',9,34,1,1,1,1,15,3,NULL,1,NULL,NULL,NULL,5000,1,NULL,NULL,NULL,NULL,NULL),(1199,NULL,'1199',9,34,1,1,1,1,15,3,NULL,1,NULL,NULL,NULL,5000,1,NULL,NULL,NULL,NULL,NULL),(1200,NULL,'1200',9,34,1,1,1,1,15,3,NULL,1,NULL,NULL,NULL,5000,1,NULL,NULL,NULL,NULL,NULL),(1201,NULL,'1201',9,34,1,1,1,1,15,3,NULL,1,NULL,NULL,NULL,5000,1,NULL,NULL,NULL,NULL,NULL),(1202,NULL,'1202',9,34,1,1,1,1,15,3,NULL,1,NULL,NULL,NULL,5000,1,NULL,NULL,NULL,NULL,NULL),(1203,NULL,'1203',9,34,1,1,1,1,15,3,NULL,1,NULL,NULL,NULL,5000,1,NULL,NULL,NULL,NULL,NULL),(1204,NULL,'1204',9,34,1,1,1,1,15,3,NULL,1,NULL,NULL,NULL,5000,1,NULL,NULL,NULL,NULL,NULL),(1205,NULL,'1205',9,34,1,1,1,1,15,3,NULL,1,NULL,NULL,NULL,5000,1,NULL,NULL,NULL,NULL,NULL),(1206,NULL,'1206',9,34,1,1,1,1,15,3,NULL,1,NULL,NULL,NULL,5000,1,NULL,NULL,NULL,NULL,NULL),(1207,NULL,'1207',9,34,1,1,1,1,15,3,NULL,1,NULL,NULL,NULL,5000,1,NULL,NULL,NULL,NULL,NULL),(1208,NULL,'1208',9,34,1,1,1,1,15,3,NULL,1,NULL,NULL,NULL,5000,1,NULL,NULL,NULL,NULL,NULL),(1209,NULL,'1209',9,34,1,1,1,1,15,3,NULL,1,NULL,NULL,NULL,5000,1,NULL,NULL,NULL,NULL,NULL),(1210,NULL,'1210',9,34,1,1,1,1,15,3,NULL,1,NULL,NULL,NULL,5000,1,NULL,NULL,NULL,NULL,NULL),(1211,NULL,'1211',9,34,1,1,1,1,15,3,NULL,1,NULL,NULL,NULL,5000,1,NULL,NULL,NULL,NULL,NULL),(1212,NULL,'1212',9,34,1,1,1,1,15,3,NULL,1,NULL,NULL,NULL,5000,1,NULL,NULL,NULL,NULL,NULL),(1213,NULL,'1213',9,34,1,1,1,1,15,3,NULL,1,NULL,NULL,NULL,5000,1,NULL,NULL,NULL,NULL,NULL),(1214,NULL,'1214',9,34,1,1,1,1,15,3,NULL,1,NULL,NULL,NULL,5000,1,NULL,NULL,NULL,NULL,NULL),(1215,NULL,'1215',9,34,1,1,1,1,15,3,NULL,1,NULL,NULL,NULL,5000,1,NULL,NULL,NULL,NULL,NULL),(1216,NULL,'1216',9,34,1,1,1,1,15,3,NULL,1,NULL,NULL,NULL,5000,1,NULL,NULL,NULL,NULL,NULL),(1217,NULL,'1217',9,34,1,1,1,1,15,3,NULL,1,NULL,NULL,NULL,5000,1,NULL,NULL,NULL,NULL,NULL),(1218,NULL,'1218',9,34,1,1,1,1,15,3,NULL,1,NULL,NULL,NULL,5000,1,NULL,NULL,NULL,NULL,NULL),(1219,NULL,'1219',9,34,1,1,1,1,15,3,NULL,1,NULL,NULL,NULL,5000,1,NULL,NULL,NULL,NULL,NULL),(1220,NULL,'1220',9,34,1,1,1,1,15,3,NULL,1,NULL,NULL,NULL,5000,1,NULL,NULL,NULL,NULL,NULL),(1221,NULL,'1221',9,34,1,1,1,1,15,3,NULL,1,NULL,NULL,NULL,5000,1,NULL,NULL,NULL,NULL,NULL),(1222,NULL,'1222',9,34,1,1,1,1,15,3,NULL,1,NULL,NULL,NULL,5000,1,NULL,NULL,NULL,NULL,NULL),(1223,NULL,'1223',9,34,1,1,1,1,15,3,NULL,1,NULL,NULL,NULL,5000,1,NULL,NULL,NULL,NULL,NULL),(1224,NULL,'1224',9,34,1,1,1,1,15,3,NULL,1,NULL,NULL,NULL,5000,1,NULL,NULL,NULL,NULL,NULL),(1225,NULL,'1225',9,34,1,1,1,1,15,3,NULL,1,NULL,NULL,NULL,5000,1,NULL,NULL,NULL,NULL,NULL),(1226,NULL,'1226',9,34,1,1,1,1,15,3,NULL,1,NULL,NULL,NULL,5000,1,NULL,NULL,NULL,NULL,NULL),(1227,NULL,'1227',9,34,1,1,1,1,15,3,NULL,1,NULL,NULL,NULL,5000,1,NULL,NULL,NULL,NULL,NULL),(1228,NULL,'1228',9,34,1,1,1,1,15,3,NULL,1,NULL,NULL,NULL,5000,1,NULL,NULL,NULL,NULL,NULL),(1229,NULL,'1229',9,34,1,1,1,1,15,3,NULL,1,NULL,NULL,NULL,5000,1,NULL,NULL,NULL,NULL,NULL),(1230,NULL,'1230',9,34,1,1,1,1,15,3,NULL,1,NULL,NULL,NULL,5000,1,NULL,NULL,NULL,NULL,NULL),(1231,NULL,'1231',9,34,1,1,1,1,15,3,NULL,1,NULL,NULL,NULL,5000,1,NULL,NULL,NULL,NULL,NULL),(1232,NULL,'1232',9,34,1,1,1,1,15,3,NULL,1,NULL,NULL,NULL,5000,1,NULL,NULL,NULL,NULL,NULL),(1233,NULL,'1233',9,34,1,1,1,1,15,3,NULL,1,NULL,NULL,NULL,5000,1,NULL,NULL,NULL,NULL,NULL),(1234,NULL,'1234',9,34,1,1,1,1,15,3,NULL,1,NULL,NULL,NULL,5000,1,NULL,NULL,NULL,NULL,NULL),(1235,NULL,'1235',9,34,1,1,1,1,15,3,NULL,1,NULL,NULL,NULL,5000,1,NULL,NULL,NULL,NULL,NULL),(1236,NULL,'1236',9,34,1,1,1,1,15,3,NULL,1,NULL,NULL,NULL,5000,1,NULL,NULL,NULL,NULL,NULL),(1237,NULL,'1237',9,34,1,1,1,1,15,3,NULL,1,NULL,NULL,NULL,5000,1,NULL,NULL,NULL,NULL,NULL),(1238,NULL,'1238',9,34,1,1,1,1,15,3,NULL,1,NULL,NULL,NULL,5000,1,NULL,NULL,NULL,NULL,NULL),(1239,NULL,'1239',9,34,1,1,1,1,15,3,NULL,1,NULL,NULL,NULL,5000,1,NULL,NULL,NULL,NULL,NULL),(1240,NULL,'1240',9,34,1,1,1,1,15,3,NULL,1,NULL,NULL,NULL,5000,1,NULL,NULL,NULL,NULL,NULL),(1241,NULL,'1241',9,34,1,1,1,1,15,3,NULL,1,NULL,NULL,NULL,5000,1,NULL,NULL,NULL,NULL,NULL),(1242,NULL,'1242',9,34,1,1,1,1,15,3,NULL,1,NULL,NULL,NULL,5000,1,NULL,NULL,NULL,NULL,NULL),(1243,NULL,'1243',9,34,1,1,1,1,15,3,NULL,1,NULL,NULL,NULL,5000,1,NULL,NULL,NULL,NULL,NULL),(1244,NULL,'1244',9,34,1,1,1,1,15,3,NULL,1,NULL,NULL,NULL,5000,1,NULL,NULL,NULL,NULL,NULL),(1245,NULL,'1245',9,34,1,1,1,1,15,3,NULL,1,NULL,NULL,NULL,5000,1,NULL,NULL,NULL,NULL,NULL),(1246,NULL,'1246',9,34,1,1,1,1,15,3,NULL,1,NULL,NULL,NULL,5000,1,NULL,NULL,NULL,NULL,NULL),(1247,NULL,'1247',9,34,1,1,1,1,15,3,NULL,1,NULL,NULL,NULL,5000,1,NULL,NULL,NULL,NULL,NULL),(1248,NULL,'1248',9,34,1,1,1,1,15,3,NULL,1,NULL,NULL,NULL,5000,1,NULL,NULL,NULL,NULL,NULL),(1249,NULL,'1249',9,34,1,1,1,1,15,3,NULL,1,NULL,NULL,NULL,5000,1,NULL,NULL,NULL,NULL,NULL),(1250,NULL,'1250',9,34,1,1,1,1,15,3,NULL,1,NULL,NULL,NULL,5000,1,NULL,NULL,NULL,NULL,NULL),(1251,NULL,'1251',9,34,1,1,1,1,15,3,NULL,1,NULL,NULL,NULL,5000,1,NULL,NULL,NULL,NULL,NULL),(1252,NULL,'1252',9,34,1,1,1,1,15,3,NULL,1,NULL,NULL,NULL,5000,1,NULL,NULL,NULL,NULL,NULL),(1253,NULL,'1253',9,34,1,1,1,1,15,3,NULL,1,NULL,NULL,NULL,5000,1,NULL,NULL,NULL,NULL,NULL),(1254,NULL,'1254',9,34,1,1,1,1,15,3,NULL,1,NULL,NULL,NULL,5000,1,NULL,NULL,NULL,NULL,NULL),(1255,NULL,'1255',9,34,1,1,1,1,15,3,NULL,1,NULL,NULL,NULL,5000,1,NULL,NULL,NULL,NULL,NULL),(1256,NULL,'1256',9,34,1,1,1,1,15,3,NULL,1,NULL,NULL,NULL,5000,1,NULL,NULL,NULL,NULL,NULL),(1257,NULL,'1257',9,34,1,1,1,1,15,3,NULL,1,NULL,NULL,NULL,5000,1,NULL,NULL,NULL,NULL,NULL),(1258,NULL,'1258',9,34,1,1,1,1,15,3,NULL,1,NULL,NULL,NULL,5000,1,NULL,NULL,NULL,NULL,NULL),(1259,NULL,'1259',9,34,1,1,1,1,15,3,NULL,1,NULL,NULL,NULL,5000,1,NULL,NULL,NULL,NULL,NULL),(1260,NULL,'1260',9,34,1,1,1,1,15,3,NULL,1,NULL,NULL,NULL,5000,1,NULL,NULL,NULL,NULL,NULL),(1261,NULL,'1261',9,34,1,1,1,1,15,3,NULL,1,NULL,NULL,NULL,5000,1,NULL,NULL,NULL,NULL,NULL),(1262,NULL,'1262',9,34,1,1,1,1,15,3,NULL,1,NULL,NULL,NULL,5000,1,NULL,NULL,NULL,NULL,NULL),(1263,NULL,'1263',9,34,1,1,1,1,15,3,NULL,1,NULL,NULL,NULL,5000,1,NULL,NULL,NULL,NULL,NULL),(1264,NULL,'1264',9,34,1,1,1,1,15,3,NULL,1,NULL,NULL,NULL,5000,1,NULL,NULL,NULL,NULL,NULL),(1265,NULL,'1265',9,34,1,1,1,1,15,3,NULL,1,NULL,NULL,NULL,5000,1,NULL,NULL,NULL,NULL,NULL),(1266,NULL,'1266',9,34,1,1,1,1,15,3,NULL,1,NULL,NULL,NULL,5000,1,NULL,NULL,NULL,NULL,NULL),(1267,NULL,'1267',9,34,1,1,1,1,15,3,NULL,1,NULL,NULL,NULL,5000,1,NULL,NULL,NULL,NULL,NULL),(1268,NULL,'1268',9,34,1,1,1,1,15,3,NULL,1,NULL,NULL,NULL,5000,1,NULL,NULL,NULL,NULL,NULL),(1269,NULL,'1269',9,34,1,1,1,1,15,3,NULL,1,NULL,NULL,NULL,5000,1,NULL,NULL,NULL,NULL,NULL),(1270,NULL,'1270',9,34,1,1,1,1,15,3,NULL,1,NULL,NULL,NULL,5000,1,NULL,NULL,NULL,NULL,NULL),(1271,NULL,'1271',9,34,1,1,1,1,15,3,NULL,1,NULL,NULL,NULL,5000,1,NULL,NULL,NULL,NULL,NULL),(1272,NULL,'1272',9,34,1,1,1,1,15,3,NULL,1,NULL,NULL,NULL,5000,1,NULL,NULL,NULL,NULL,NULL),(1273,NULL,'1273',9,34,1,1,1,1,15,3,NULL,1,NULL,NULL,NULL,5000,1,NULL,NULL,NULL,NULL,NULL),(1274,NULL,'1274',9,34,1,1,1,1,15,3,NULL,1,NULL,NULL,NULL,5000,1,NULL,NULL,NULL,NULL,NULL),(1275,NULL,'1275',9,34,1,1,1,1,15,3,NULL,1,NULL,NULL,NULL,5000,1,NULL,NULL,NULL,NULL,NULL),(1276,NULL,'1276',9,34,1,1,1,1,15,3,NULL,1,NULL,NULL,NULL,5000,1,NULL,NULL,NULL,NULL,NULL),(1277,NULL,'1277',9,34,1,1,1,1,15,3,NULL,1,NULL,NULL,NULL,5000,1,NULL,NULL,NULL,NULL,NULL),(1278,NULL,'1278',9,34,1,1,1,1,15,3,NULL,1,NULL,NULL,NULL,5000,1,NULL,NULL,NULL,NULL,NULL),(1279,NULL,'1279',9,34,1,1,1,1,15,3,NULL,1,NULL,NULL,NULL,5000,1,NULL,NULL,NULL,NULL,NULL),(1280,NULL,'1280',9,34,1,1,1,1,15,3,NULL,1,NULL,NULL,NULL,5000,1,NULL,NULL,NULL,NULL,NULL),(1281,NULL,'1281',9,34,1,1,1,1,15,3,NULL,1,NULL,NULL,NULL,5000,1,NULL,NULL,NULL,NULL,NULL),(1282,NULL,'1282',9,34,1,1,1,1,15,3,NULL,1,NULL,NULL,NULL,5000,1,NULL,NULL,NULL,NULL,NULL),(1283,NULL,'1283',9,34,1,1,1,1,15,3,NULL,1,NULL,NULL,NULL,5000,1,NULL,NULL,NULL,NULL,NULL),(1284,NULL,'1284',9,34,1,1,1,1,15,3,NULL,1,NULL,NULL,NULL,5000,1,NULL,NULL,NULL,NULL,NULL),(1285,NULL,'1285',9,34,1,1,1,1,15,3,NULL,1,NULL,NULL,NULL,5000,1,NULL,NULL,NULL,NULL,NULL),(1286,NULL,'1286',9,34,1,1,1,1,15,3,NULL,1,NULL,NULL,NULL,5000,1,NULL,NULL,NULL,NULL,NULL),(1287,NULL,'1287',9,34,1,1,1,1,15,3,NULL,1,NULL,NULL,NULL,5000,1,NULL,NULL,NULL,NULL,NULL),(1288,NULL,'1288',9,34,1,1,1,1,15,3,NULL,1,NULL,NULL,NULL,5000,1,NULL,NULL,NULL,NULL,NULL),(1289,NULL,'1289',9,34,1,1,1,1,15,3,NULL,1,NULL,NULL,NULL,5000,1,NULL,NULL,NULL,NULL,NULL),(1290,NULL,'1290',9,34,1,1,1,1,15,3,NULL,1,NULL,NULL,NULL,5000,1,NULL,NULL,NULL,NULL,NULL),(1291,NULL,'1291',9,34,1,1,1,1,15,3,NULL,1,NULL,NULL,NULL,5000,1,NULL,NULL,NULL,NULL,NULL),(1292,NULL,'1292',9,34,1,1,1,1,15,3,NULL,1,NULL,NULL,NULL,5000,1,NULL,NULL,NULL,NULL,NULL),(1293,NULL,'1293',9,34,1,1,1,1,15,3,NULL,1,NULL,NULL,NULL,5000,1,NULL,NULL,NULL,NULL,NULL),(1294,NULL,'1294',9,34,1,1,1,1,15,3,NULL,1,NULL,NULL,NULL,5000,1,NULL,NULL,NULL,NULL,NULL),(1295,NULL,'1295',9,34,1,1,1,1,15,3,NULL,1,NULL,NULL,NULL,5000,1,NULL,NULL,NULL,NULL,NULL),(1296,NULL,'1296',9,34,1,1,1,1,15,3,NULL,1,NULL,NULL,NULL,5000,1,NULL,NULL,NULL,NULL,NULL),(1297,NULL,'1297',9,34,1,1,1,1,15,3,NULL,1,NULL,NULL,NULL,5000,1,NULL,NULL,NULL,NULL,NULL),(1298,NULL,'1298',9,34,1,1,1,1,15,3,NULL,1,NULL,NULL,NULL,5000,1,NULL,NULL,NULL,NULL,NULL),(1299,NULL,'1299',9,34,1,1,1,1,15,3,NULL,1,NULL,NULL,NULL,5000,1,NULL,NULL,NULL,NULL,NULL),(1300,NULL,'1300',9,34,1,1,1,1,15,3,NULL,1,NULL,NULL,NULL,5000,1,NULL,NULL,NULL,NULL,NULL),(1301,NULL,'1301',9,34,1,1,1,1,15,3,NULL,1,NULL,NULL,NULL,5000,1,NULL,NULL,NULL,NULL,NULL),(1302,NULL,'1302',9,34,1,1,1,1,15,3,NULL,1,NULL,NULL,NULL,5000,1,NULL,NULL,NULL,NULL,NULL),(1303,NULL,'1303',9,34,1,1,1,1,15,3,NULL,1,NULL,NULL,NULL,5000,1,NULL,NULL,NULL,NULL,NULL),(1304,NULL,'1304',9,34,1,1,1,1,15,3,NULL,1,NULL,NULL,NULL,5000,1,NULL,NULL,NULL,NULL,NULL),(1305,NULL,'1305',9,34,1,1,1,1,15,3,NULL,1,NULL,NULL,NULL,5000,1,NULL,NULL,NULL,NULL,NULL),(1306,NULL,'1306',9,34,1,1,1,1,15,3,NULL,1,NULL,NULL,NULL,5000,1,NULL,NULL,NULL,NULL,NULL),(1307,NULL,'1307',9,34,1,1,1,1,15,3,NULL,1,NULL,NULL,NULL,5000,1,NULL,NULL,NULL,NULL,NULL),(1308,NULL,'1308',9,34,1,1,1,1,15,3,NULL,1,NULL,NULL,NULL,5000,1,NULL,NULL,NULL,NULL,NULL),(1309,NULL,'1309',9,34,1,1,1,1,15,3,NULL,1,NULL,NULL,NULL,5000,1,NULL,NULL,NULL,NULL,NULL),(1310,NULL,'1310',9,34,1,1,1,1,15,3,NULL,1,NULL,NULL,NULL,5000,1,NULL,NULL,NULL,NULL,NULL),(1311,NULL,'1311',9,34,1,1,1,1,15,3,NULL,1,NULL,NULL,NULL,5000,1,NULL,NULL,NULL,NULL,NULL),(1312,NULL,'1312',9,34,1,1,1,1,15,3,NULL,1,NULL,NULL,NULL,5000,1,NULL,NULL,NULL,NULL,NULL),(1313,NULL,'1313',9,34,1,1,1,1,15,3,NULL,1,NULL,NULL,NULL,5000,1,NULL,NULL,NULL,NULL,NULL),(1314,NULL,'1314',9,34,1,1,1,1,15,3,NULL,1,NULL,NULL,NULL,5000,1,NULL,NULL,NULL,NULL,NULL),(1315,NULL,'1315',9,34,1,1,1,1,15,3,NULL,1,NULL,NULL,NULL,5000,1,NULL,NULL,NULL,NULL,NULL),(1316,NULL,'1316',9,34,1,1,1,1,15,3,NULL,1,NULL,NULL,NULL,5000,1,NULL,NULL,NULL,NULL,NULL),(1317,NULL,'1317',9,34,1,1,1,1,15,3,NULL,1,NULL,NULL,NULL,5000,1,NULL,NULL,NULL,NULL,NULL),(1318,NULL,'1318',9,34,1,1,1,1,15,3,NULL,1,NULL,NULL,NULL,5000,1,NULL,NULL,NULL,NULL,NULL),(1319,NULL,'1319',9,34,1,1,1,1,15,3,NULL,1,NULL,NULL,NULL,5000,1,NULL,NULL,NULL,NULL,NULL),(1320,NULL,'1320',9,34,1,1,1,1,15,3,NULL,1,NULL,NULL,NULL,5000,1,NULL,NULL,NULL,NULL,NULL),(1321,NULL,'1321',9,34,1,1,1,1,15,3,NULL,1,NULL,NULL,NULL,5000,1,NULL,NULL,NULL,NULL,NULL),(1322,NULL,'1322',9,34,1,1,1,1,15,3,NULL,1,NULL,NULL,NULL,5000,1,NULL,NULL,NULL,NULL,NULL),(1323,NULL,'1323',9,34,1,1,1,1,15,3,NULL,1,NULL,NULL,NULL,5000,1,NULL,NULL,NULL,NULL,NULL),(1324,NULL,'1324',9,34,1,1,1,1,15,3,NULL,1,NULL,NULL,NULL,5000,1,NULL,NULL,NULL,NULL,NULL),(1325,NULL,'1325',9,34,1,1,1,1,15,3,NULL,1,NULL,NULL,NULL,5000,1,NULL,NULL,NULL,NULL,NULL),(1326,NULL,'1326',9,34,1,1,1,1,15,3,NULL,1,NULL,NULL,NULL,5000,1,NULL,NULL,NULL,NULL,NULL),(1327,NULL,'1327',9,34,1,1,1,1,15,3,NULL,1,NULL,NULL,NULL,5000,1,NULL,NULL,NULL,NULL,NULL),(1328,NULL,'1328',9,34,1,1,1,1,15,3,NULL,1,NULL,NULL,NULL,5000,1,NULL,NULL,NULL,NULL,NULL),(1329,NULL,'1329',9,34,1,1,1,1,15,3,NULL,1,NULL,NULL,NULL,5000,1,NULL,NULL,NULL,NULL,NULL),(1330,NULL,'1330',9,34,1,1,1,1,15,3,NULL,1,NULL,NULL,NULL,5000,1,NULL,NULL,NULL,NULL,NULL),(1331,NULL,'1331',9,34,1,1,1,1,15,3,NULL,1,NULL,NULL,NULL,5000,1,NULL,NULL,NULL,NULL,NULL),(1332,NULL,'1332',9,34,1,1,1,1,15,3,NULL,1,NULL,NULL,NULL,5000,1,NULL,NULL,NULL,NULL,NULL),(1333,NULL,'1333',9,34,1,1,1,1,15,3,NULL,1,NULL,NULL,NULL,5000,1,NULL,NULL,NULL,NULL,NULL),(1334,NULL,'1334',9,34,1,1,1,1,15,3,NULL,1,NULL,NULL,NULL,5000,1,NULL,NULL,NULL,NULL,NULL),(1335,NULL,'1335',9,34,1,1,1,1,15,3,NULL,1,NULL,NULL,NULL,5000,1,NULL,NULL,NULL,NULL,NULL),(1336,NULL,'1336',9,34,1,1,1,1,15,3,NULL,1,NULL,NULL,NULL,5000,1,NULL,NULL,NULL,NULL,NULL),(1337,NULL,'1337',9,34,1,1,1,1,15,3,NULL,1,NULL,NULL,NULL,5000,1,NULL,NULL,NULL,NULL,NULL),(1338,NULL,'1338',9,34,1,1,1,1,15,3,NULL,1,NULL,NULL,NULL,5000,1,NULL,NULL,NULL,NULL,NULL),(1339,NULL,'1339',9,34,1,1,1,1,15,3,NULL,1,NULL,NULL,NULL,5000,1,NULL,NULL,NULL,NULL,NULL),(1340,NULL,'1340',9,34,1,1,1,1,15,3,NULL,1,NULL,NULL,NULL,5000,1,NULL,NULL,NULL,NULL,NULL),(1341,NULL,'1341',9,34,1,1,1,1,15,3,NULL,1,NULL,NULL,NULL,5000,1,NULL,NULL,NULL,NULL,NULL),(1342,NULL,'1342',9,34,1,1,1,1,15,3,NULL,1,NULL,NULL,NULL,5000,1,NULL,NULL,NULL,NULL,NULL),(1343,NULL,'1343',9,34,1,1,1,1,15,3,NULL,1,NULL,NULL,NULL,5000,1,NULL,NULL,NULL,NULL,NULL),(1344,NULL,'1344',9,34,1,1,1,1,15,3,NULL,1,NULL,NULL,NULL,5000,1,NULL,NULL,NULL,NULL,NULL),(1345,NULL,'1345',9,34,1,1,1,1,15,3,NULL,1,NULL,NULL,NULL,5000,1,NULL,NULL,NULL,NULL,NULL),(1346,NULL,'1346',9,34,1,1,1,1,15,3,NULL,1,NULL,NULL,NULL,5000,1,NULL,NULL,NULL,NULL,NULL),(1347,NULL,'1347',9,34,1,1,1,1,15,3,NULL,1,NULL,NULL,NULL,5000,1,NULL,NULL,NULL,NULL,NULL),(1348,NULL,'1348',9,34,1,1,1,1,15,3,NULL,1,NULL,NULL,NULL,5000,1,NULL,NULL,NULL,NULL,NULL),(1349,NULL,'1349',9,34,1,1,1,1,15,3,NULL,1,NULL,NULL,NULL,5000,1,NULL,NULL,NULL,NULL,NULL),(1350,NULL,'1350',9,34,1,1,1,1,15,3,NULL,1,NULL,NULL,NULL,5000,1,NULL,NULL,NULL,NULL,NULL),(1351,NULL,'1351',9,34,1,1,1,1,15,3,NULL,1,NULL,NULL,NULL,5000,1,NULL,NULL,NULL,NULL,NULL),(1352,NULL,'1352',9,34,1,1,1,1,15,3,NULL,1,NULL,NULL,NULL,5000,1,NULL,NULL,NULL,NULL,NULL),(1353,NULL,'1353',9,34,1,1,1,1,15,3,NULL,1,NULL,NULL,NULL,5000,1,NULL,NULL,NULL,NULL,NULL),(1354,NULL,'1354',9,34,1,1,1,1,15,3,NULL,1,NULL,NULL,NULL,5000,1,NULL,NULL,NULL,NULL,NULL),(1355,NULL,'1355',9,34,1,1,1,1,15,3,NULL,1,NULL,NULL,NULL,5000,1,NULL,NULL,NULL,NULL,NULL),(1356,NULL,'1356',9,34,1,1,1,1,15,3,NULL,1,NULL,NULL,NULL,5000,1,NULL,NULL,NULL,NULL,NULL),(1357,NULL,'1357',9,34,1,1,1,1,15,3,NULL,1,NULL,NULL,NULL,5000,1,NULL,NULL,NULL,NULL,NULL),(1358,NULL,'1358',9,34,1,1,1,1,15,3,NULL,1,NULL,NULL,NULL,5000,1,NULL,NULL,NULL,NULL,NULL),(1359,NULL,'1359',9,34,1,1,1,1,15,3,NULL,1,NULL,NULL,NULL,5000,1,NULL,NULL,NULL,NULL,NULL),(1360,NULL,'1360',9,34,1,1,1,1,15,3,NULL,1,NULL,NULL,NULL,5000,1,NULL,NULL,NULL,NULL,NULL),(1361,NULL,'1361',9,34,1,1,1,1,15,3,NULL,1,NULL,NULL,NULL,5000,1,NULL,NULL,NULL,NULL,NULL),(1362,NULL,'1362',9,34,1,1,1,1,15,3,NULL,1,NULL,NULL,NULL,5000,1,NULL,NULL,NULL,NULL,NULL),(1363,NULL,'1363',9,34,1,1,1,1,15,3,NULL,1,NULL,NULL,NULL,5000,1,NULL,NULL,NULL,NULL,NULL),(1364,NULL,'1364',9,34,1,1,1,1,15,3,NULL,1,NULL,NULL,NULL,5000,1,NULL,NULL,NULL,NULL,NULL),(1365,NULL,'1365',9,34,1,1,1,1,15,3,NULL,1,NULL,NULL,NULL,5000,1,NULL,NULL,NULL,NULL,NULL),(1366,NULL,'1366',9,34,1,1,1,1,15,3,NULL,1,NULL,NULL,NULL,5000,1,NULL,NULL,NULL,NULL,NULL),(1367,NULL,'1367',9,34,1,1,1,1,15,3,NULL,1,NULL,NULL,NULL,5000,1,NULL,NULL,NULL,NULL,NULL),(1368,NULL,'1368',9,34,1,1,1,1,15,3,NULL,1,NULL,NULL,NULL,5000,1,NULL,NULL,NULL,NULL,NULL),(1369,NULL,'1369',9,34,1,1,1,1,15,3,NULL,1,NULL,NULL,NULL,5000,1,NULL,NULL,NULL,NULL,NULL),(1370,NULL,'1370',9,34,1,1,1,1,15,3,NULL,1,NULL,NULL,NULL,5000,1,NULL,NULL,NULL,NULL,NULL),(1371,NULL,'1371',9,34,1,1,1,1,15,3,NULL,1,NULL,NULL,NULL,5000,1,NULL,NULL,NULL,NULL,NULL),(1372,NULL,'1372',9,34,1,1,1,1,15,3,NULL,1,NULL,NULL,NULL,5000,1,NULL,NULL,NULL,NULL,NULL),(1373,NULL,'1373',9,34,1,1,1,1,15,3,NULL,1,NULL,NULL,NULL,5000,1,NULL,NULL,NULL,NULL,NULL),(1374,NULL,'1374',9,34,1,1,1,1,15,3,NULL,1,NULL,NULL,NULL,5000,1,NULL,NULL,NULL,NULL,NULL),(1375,NULL,'1375',9,34,1,1,1,1,15,3,NULL,1,NULL,NULL,NULL,5000,1,NULL,NULL,NULL,NULL,NULL),(1376,NULL,'1376',9,34,1,1,1,1,15,3,NULL,1,NULL,NULL,NULL,5000,1,NULL,NULL,NULL,NULL,NULL),(1377,NULL,'1377',9,34,1,1,1,1,15,3,NULL,1,NULL,NULL,NULL,5000,1,NULL,NULL,NULL,NULL,NULL),(1378,NULL,'1378',9,34,1,1,1,1,15,3,NULL,1,NULL,NULL,NULL,5000,1,NULL,NULL,NULL,NULL,NULL),(1379,NULL,'1379',9,34,1,1,1,1,15,3,NULL,1,NULL,NULL,NULL,5000,1,NULL,NULL,NULL,NULL,NULL),(1380,NULL,'1380',9,34,1,1,1,1,15,3,NULL,1,NULL,NULL,NULL,5000,1,NULL,NULL,NULL,NULL,NULL),(1381,NULL,'1381',9,34,1,1,1,1,15,3,NULL,1,NULL,NULL,NULL,5000,1,NULL,NULL,NULL,NULL,NULL),(1382,NULL,'1382',9,34,1,1,1,1,15,3,NULL,1,NULL,NULL,NULL,5000,1,NULL,NULL,NULL,NULL,NULL),(1383,NULL,'1383',9,34,1,1,1,1,15,3,NULL,1,NULL,NULL,NULL,5000,1,NULL,NULL,NULL,NULL,NULL),(1384,NULL,'1384',9,34,1,1,1,1,15,3,NULL,1,NULL,NULL,NULL,5000,1,NULL,NULL,NULL,NULL,NULL),(1385,NULL,'1385',9,34,1,1,1,1,15,3,NULL,1,NULL,NULL,NULL,5000,1,NULL,NULL,NULL,NULL,NULL),(1386,NULL,'1386',9,34,1,1,1,1,15,3,NULL,1,NULL,NULL,NULL,5000,1,NULL,NULL,NULL,NULL,NULL),(1387,NULL,'1387',9,34,1,1,1,1,15,3,NULL,1,NULL,NULL,NULL,5000,1,NULL,NULL,NULL,NULL,NULL),(1388,NULL,'1388',9,34,1,1,1,1,15,3,NULL,1,NULL,NULL,NULL,5000,1,NULL,NULL,NULL,NULL,NULL),(1389,NULL,'1389',9,34,1,1,1,1,15,3,NULL,1,NULL,NULL,NULL,5000,1,NULL,NULL,NULL,NULL,NULL),(1390,NULL,'1390',9,34,1,1,1,1,15,3,NULL,1,NULL,NULL,NULL,5000,1,NULL,NULL,NULL,NULL,NULL),(1391,NULL,'1391',9,34,1,1,1,1,15,3,NULL,1,NULL,NULL,NULL,5000,1,NULL,NULL,NULL,NULL,NULL),(1392,NULL,'1392',9,34,1,1,1,1,15,3,NULL,1,NULL,NULL,NULL,5000,1,NULL,NULL,NULL,NULL,NULL),(1393,NULL,'1393',9,34,1,1,1,1,15,3,NULL,1,NULL,NULL,NULL,5000,1,NULL,NULL,NULL,NULL,NULL),(1394,NULL,'1394',9,34,1,1,1,1,15,3,NULL,1,NULL,NULL,NULL,5000,1,NULL,NULL,NULL,NULL,NULL),(1395,NULL,'1395',9,34,1,1,1,1,15,3,NULL,1,NULL,NULL,NULL,5000,1,NULL,NULL,NULL,NULL,NULL),(1396,NULL,'1396',9,34,1,1,1,1,15,3,NULL,1,NULL,NULL,NULL,5000,1,NULL,NULL,NULL,NULL,NULL),(1397,NULL,'1397',9,34,1,1,1,1,15,3,NULL,1,NULL,NULL,NULL,5000,1,NULL,NULL,NULL,NULL,NULL),(1398,NULL,'1398',9,34,1,1,1,1,15,3,NULL,1,NULL,NULL,NULL,5000,1,NULL,NULL,NULL,NULL,NULL),(1399,NULL,'1399',9,34,1,1,1,1,15,3,NULL,1,NULL,NULL,NULL,5000,1,NULL,NULL,NULL,NULL,NULL),(1400,NULL,'1400',9,34,1,1,1,1,15,3,NULL,1,NULL,NULL,NULL,5000,1,NULL,NULL,NULL,NULL,NULL),(1401,NULL,'1401',9,34,1,1,1,1,15,3,NULL,1,NULL,NULL,NULL,5000,1,NULL,NULL,NULL,NULL,NULL),(1402,NULL,'1402',9,34,1,1,1,1,15,3,NULL,1,NULL,NULL,NULL,5000,1,NULL,NULL,NULL,NULL,NULL),(1403,NULL,'1403',9,34,1,1,1,1,15,3,NULL,1,NULL,NULL,NULL,5000,1,NULL,NULL,NULL,NULL,NULL),(1404,NULL,'1404',9,34,1,1,1,1,15,3,NULL,1,NULL,NULL,NULL,5000,1,NULL,NULL,NULL,NULL,NULL),(1405,NULL,'1405',9,34,1,1,1,1,15,3,NULL,1,NULL,NULL,NULL,5000,1,NULL,NULL,NULL,NULL,NULL),(1406,NULL,'1406',9,34,1,1,1,1,15,3,NULL,1,NULL,NULL,NULL,5000,1,NULL,NULL,NULL,NULL,NULL),(1407,NULL,'1407',9,34,1,1,1,1,15,3,NULL,1,NULL,NULL,NULL,5000,1,NULL,NULL,NULL,NULL,NULL),(1408,NULL,'1408',9,34,1,1,1,1,15,3,NULL,1,NULL,NULL,NULL,5000,1,NULL,NULL,NULL,NULL,NULL),(1409,NULL,'1409',9,34,1,1,1,1,15,3,NULL,1,NULL,NULL,NULL,5000,1,NULL,NULL,NULL,NULL,NULL),(1410,NULL,'1410',9,34,1,1,1,1,15,3,NULL,1,NULL,NULL,NULL,5000,1,NULL,NULL,NULL,NULL,NULL),(1411,NULL,'1411',9,34,1,1,1,1,15,3,NULL,1,NULL,NULL,NULL,5000,1,NULL,NULL,NULL,NULL,NULL),(1412,NULL,'1412',9,34,1,1,1,1,15,3,NULL,1,NULL,NULL,NULL,5000,1,NULL,NULL,NULL,NULL,NULL),(1413,NULL,'1413',9,34,1,1,1,1,15,3,NULL,1,NULL,NULL,NULL,5000,1,NULL,NULL,NULL,NULL,NULL),(1414,NULL,'1414',9,34,1,1,1,1,15,3,NULL,1,NULL,NULL,NULL,5000,1,NULL,NULL,NULL,NULL,NULL),(1415,NULL,'1415',9,34,1,1,1,1,15,3,NULL,1,NULL,NULL,NULL,5000,1,NULL,NULL,NULL,NULL,NULL),(1416,NULL,'1416',9,34,1,1,1,1,15,3,NULL,1,NULL,NULL,NULL,5000,1,NULL,NULL,NULL,NULL,NULL),(1417,NULL,'1417',9,34,1,1,1,1,15,3,NULL,1,NULL,NULL,NULL,5000,1,NULL,NULL,NULL,NULL,NULL),(1418,NULL,'1418',9,34,1,1,1,1,15,3,NULL,1,NULL,NULL,NULL,5000,1,NULL,NULL,NULL,NULL,NULL),(1419,NULL,'1419',9,34,1,1,1,1,15,3,NULL,1,NULL,NULL,NULL,5000,1,NULL,NULL,NULL,NULL,NULL),(1420,NULL,'1420',9,34,1,1,1,1,15,3,NULL,1,NULL,NULL,NULL,5000,1,NULL,NULL,NULL,NULL,NULL),(1421,NULL,'1421',9,34,1,1,1,1,15,3,NULL,1,NULL,NULL,NULL,5000,1,NULL,NULL,NULL,NULL,NULL),(1422,NULL,'1422',9,34,1,1,1,1,15,3,NULL,1,NULL,NULL,NULL,5000,1,NULL,NULL,NULL,NULL,NULL),(1423,NULL,'1423',9,34,1,1,1,1,15,3,NULL,1,NULL,NULL,NULL,5000,1,NULL,NULL,NULL,NULL,NULL),(1424,NULL,'1424',9,34,1,1,1,1,15,3,NULL,1,NULL,NULL,NULL,5000,1,NULL,NULL,NULL,NULL,NULL),(1425,NULL,'1425',9,34,1,1,1,1,15,3,NULL,1,NULL,NULL,NULL,5000,1,NULL,NULL,NULL,NULL,NULL),(1426,NULL,'1426',9,34,1,1,1,1,15,3,NULL,1,NULL,NULL,NULL,5000,1,NULL,NULL,NULL,NULL,NULL),(1427,NULL,'1427',9,34,1,1,1,1,15,3,NULL,1,NULL,NULL,NULL,5000,1,NULL,NULL,NULL,NULL,NULL),(1428,NULL,'1428',9,34,1,1,1,1,15,3,NULL,1,NULL,NULL,NULL,5000,1,NULL,NULL,NULL,NULL,NULL),(1429,NULL,'1429',9,34,1,1,1,1,15,3,NULL,1,NULL,NULL,NULL,5000,1,NULL,NULL,NULL,NULL,NULL),(1430,NULL,'1430',9,34,1,1,1,1,15,3,NULL,1,NULL,NULL,NULL,5000,1,NULL,NULL,NULL,NULL,NULL),(1431,NULL,'1431',9,34,1,1,1,1,15,3,NULL,1,NULL,NULL,NULL,5000,1,NULL,NULL,NULL,NULL,NULL),(1432,NULL,'1432',9,34,1,1,1,1,15,3,NULL,1,NULL,NULL,NULL,5000,1,NULL,NULL,NULL,NULL,NULL),(1433,NULL,'1433',9,34,1,1,1,1,15,3,NULL,1,NULL,NULL,NULL,5000,1,NULL,NULL,NULL,NULL,NULL),(1434,NULL,'1434',9,34,1,1,1,1,15,3,NULL,1,NULL,NULL,NULL,5000,1,NULL,NULL,NULL,NULL,NULL),(1435,NULL,'1435',9,34,1,1,1,1,15,3,NULL,1,NULL,NULL,NULL,5000,1,NULL,NULL,NULL,NULL,NULL),(1436,NULL,'1436',9,34,1,1,1,1,15,3,NULL,1,NULL,NULL,NULL,5000,1,NULL,NULL,NULL,NULL,NULL),(1437,NULL,'1437',9,34,1,1,1,1,15,3,NULL,1,NULL,NULL,NULL,5000,1,NULL,NULL,NULL,NULL,NULL),(1438,NULL,'1438',9,34,1,1,1,1,15,3,NULL,1,NULL,NULL,NULL,5000,1,NULL,NULL,NULL,NULL,NULL),(1439,NULL,'1439',9,34,1,1,1,1,15,3,NULL,1,NULL,NULL,NULL,5000,1,NULL,NULL,NULL,NULL,NULL),(1440,NULL,'1440',9,34,1,1,1,1,15,3,NULL,1,NULL,NULL,NULL,5000,1,NULL,NULL,NULL,NULL,NULL),(1441,NULL,'1441',9,34,1,1,1,1,15,3,NULL,1,NULL,NULL,NULL,5000,1,NULL,NULL,NULL,NULL,NULL),(1442,NULL,'1442',9,34,1,1,1,1,15,3,NULL,1,NULL,NULL,NULL,5000,1,NULL,NULL,NULL,NULL,NULL),(1443,NULL,'1443',9,34,1,1,1,1,15,3,NULL,1,NULL,NULL,NULL,5000,1,NULL,NULL,NULL,NULL,NULL),(1444,NULL,'1444',9,34,1,1,1,1,15,3,NULL,1,NULL,NULL,NULL,5000,1,NULL,NULL,NULL,NULL,NULL),(1445,NULL,'1445',9,34,1,1,1,1,15,3,NULL,1,NULL,NULL,NULL,5000,1,NULL,NULL,NULL,NULL,NULL),(1446,NULL,'1446',9,34,1,1,1,1,15,3,NULL,1,NULL,NULL,NULL,5000,1,NULL,NULL,NULL,NULL,NULL),(1447,NULL,'1447',9,34,1,1,1,1,15,3,NULL,1,NULL,NULL,NULL,5000,1,NULL,NULL,NULL,NULL,NULL),(1448,NULL,'1448',9,34,1,1,1,1,15,3,NULL,1,NULL,NULL,NULL,5000,1,NULL,NULL,NULL,NULL,NULL),(1449,NULL,'1449',9,34,1,1,1,1,15,3,NULL,1,NULL,NULL,NULL,5000,1,NULL,NULL,NULL,NULL,NULL),(1450,NULL,'1450',9,34,1,1,1,1,15,3,NULL,1,NULL,NULL,NULL,5000,1,NULL,NULL,NULL,NULL,NULL),(1451,NULL,'1451',9,34,1,1,1,1,15,3,NULL,1,NULL,NULL,NULL,5000,1,NULL,NULL,NULL,NULL,NULL),(1452,NULL,'1452',9,34,1,1,1,1,15,3,NULL,1,NULL,NULL,NULL,5000,1,NULL,NULL,NULL,NULL,NULL),(1453,NULL,'1453',9,34,1,1,1,1,15,3,NULL,1,NULL,NULL,NULL,5000,1,NULL,NULL,NULL,NULL,NULL),(1454,NULL,'1454',9,34,1,1,1,1,15,3,NULL,1,NULL,NULL,NULL,5000,1,NULL,NULL,NULL,NULL,NULL),(1455,NULL,'1455',9,34,1,1,1,1,15,3,NULL,1,NULL,NULL,NULL,5000,1,NULL,NULL,NULL,NULL,NULL),(1456,NULL,'1456',9,34,1,1,1,1,15,3,NULL,1,NULL,NULL,NULL,5000,1,NULL,NULL,NULL,NULL,NULL),(1457,NULL,'1457',9,34,1,1,1,1,15,3,NULL,1,NULL,NULL,NULL,5000,1,NULL,NULL,NULL,NULL,NULL),(1458,NULL,'1458',9,34,1,1,1,1,15,3,NULL,1,NULL,NULL,NULL,5000,1,NULL,NULL,NULL,NULL,NULL),(1459,NULL,'1459',9,34,1,1,1,1,15,3,NULL,1,NULL,NULL,NULL,5000,1,NULL,NULL,NULL,NULL,NULL),(1460,NULL,'1460',9,34,1,1,1,1,15,3,NULL,1,NULL,NULL,NULL,5000,1,NULL,NULL,NULL,NULL,NULL),(1461,NULL,'1461',9,34,1,1,1,1,15,3,NULL,1,NULL,NULL,NULL,5000,1,NULL,NULL,NULL,NULL,NULL),(1462,NULL,'1462',9,34,1,1,1,1,15,3,NULL,1,NULL,NULL,NULL,5000,1,NULL,NULL,NULL,NULL,NULL),(1463,NULL,'1463',9,34,1,1,1,1,15,3,NULL,1,NULL,NULL,NULL,5000,1,NULL,NULL,NULL,NULL,NULL),(1464,NULL,'1464',9,34,1,1,1,1,15,3,NULL,1,NULL,NULL,NULL,5000,1,NULL,NULL,NULL,NULL,NULL),(1465,NULL,'1465',9,34,1,1,1,1,15,3,NULL,1,NULL,NULL,NULL,5000,1,NULL,NULL,NULL,NULL,NULL),(1466,NULL,'1466',9,34,1,1,1,1,15,3,NULL,1,NULL,NULL,NULL,5000,1,NULL,NULL,NULL,NULL,NULL),(1467,NULL,'1467',9,34,1,1,1,1,15,3,NULL,1,NULL,NULL,NULL,5000,1,NULL,NULL,NULL,NULL,NULL),(1468,NULL,'1468',9,34,1,1,1,1,15,3,NULL,1,NULL,NULL,NULL,5000,1,NULL,NULL,NULL,NULL,NULL),(1469,NULL,'1469',9,34,1,1,1,1,15,3,NULL,1,NULL,NULL,NULL,5000,1,NULL,NULL,NULL,NULL,NULL),(1470,NULL,'1470',9,34,1,1,1,1,15,3,NULL,1,NULL,NULL,NULL,5000,1,NULL,NULL,NULL,NULL,NULL),(1471,NULL,'1471',9,34,1,1,1,1,15,3,NULL,1,NULL,NULL,NULL,5000,1,NULL,NULL,NULL,NULL,NULL),(1472,NULL,'1472',9,34,1,1,1,1,15,3,NULL,1,NULL,NULL,NULL,5000,1,NULL,NULL,NULL,NULL,NULL),(1473,NULL,'1473',9,34,1,1,1,1,15,3,NULL,1,NULL,NULL,NULL,5000,1,NULL,NULL,NULL,NULL,NULL),(1474,NULL,'1474',9,34,1,1,1,1,15,3,NULL,1,NULL,NULL,NULL,5000,1,NULL,NULL,NULL,NULL,NULL),(1475,NULL,'1475',9,34,1,1,1,1,15,3,NULL,1,NULL,NULL,NULL,5000,1,NULL,NULL,NULL,NULL,NULL),(1476,NULL,'1476',9,34,1,1,1,1,15,3,NULL,1,NULL,NULL,NULL,5000,1,NULL,NULL,NULL,NULL,NULL),(1477,NULL,'1477',9,34,1,1,1,1,15,3,NULL,1,NULL,NULL,NULL,5000,1,NULL,NULL,NULL,NULL,NULL),(1478,NULL,'1478',9,34,1,1,1,1,15,3,NULL,1,NULL,NULL,NULL,5000,1,NULL,NULL,NULL,NULL,NULL),(1479,NULL,'1479',9,34,1,1,1,1,15,3,NULL,1,NULL,NULL,NULL,5000,1,NULL,NULL,NULL,NULL,NULL),(1480,NULL,'1480',9,34,1,1,1,1,15,3,NULL,1,NULL,NULL,NULL,5000,1,NULL,NULL,NULL,NULL,NULL),(1481,NULL,'1481',9,34,1,1,1,1,15,3,NULL,1,NULL,NULL,NULL,5000,1,NULL,NULL,NULL,NULL,NULL),(1482,NULL,'1482',9,34,1,1,1,1,15,3,NULL,1,NULL,NULL,NULL,5000,1,NULL,NULL,NULL,NULL,NULL),(1483,NULL,'1483',9,34,1,1,1,1,15,3,NULL,1,NULL,NULL,NULL,5000,1,NULL,NULL,NULL,NULL,NULL),(1484,NULL,'1484',9,34,1,1,1,1,15,3,NULL,1,NULL,NULL,NULL,5000,1,NULL,NULL,NULL,NULL,NULL),(1485,NULL,'1485',9,34,1,1,1,1,15,3,NULL,1,NULL,NULL,NULL,5000,1,NULL,NULL,NULL,NULL,NULL),(1486,NULL,'1486',9,34,1,1,1,1,15,3,NULL,1,NULL,NULL,NULL,5000,1,NULL,NULL,NULL,NULL,NULL),(1487,NULL,'1487',9,34,1,1,1,1,15,3,NULL,1,NULL,NULL,NULL,5000,1,NULL,NULL,NULL,NULL,NULL),(1488,NULL,'1488',9,34,1,1,1,1,15,3,NULL,1,NULL,NULL,NULL,5000,1,NULL,NULL,NULL,NULL,NULL),(1489,NULL,'1489',9,34,1,1,1,1,15,3,NULL,1,NULL,NULL,NULL,5000,1,NULL,NULL,NULL,NULL,NULL),(1490,NULL,'1490',9,34,1,1,1,1,15,3,NULL,1,NULL,NULL,NULL,5000,1,NULL,NULL,NULL,NULL,NULL),(1491,NULL,'1491',9,34,1,1,1,1,15,3,NULL,1,NULL,NULL,NULL,5000,1,NULL,NULL,NULL,NULL,NULL),(1492,NULL,'1492',9,34,1,1,1,1,15,3,NULL,1,NULL,NULL,NULL,5000,1,NULL,NULL,NULL,NULL,NULL),(1493,NULL,'1493',9,34,1,1,1,1,15,3,NULL,1,NULL,NULL,NULL,5000,1,NULL,NULL,NULL,NULL,NULL),(1494,NULL,'1494',9,34,1,1,1,1,15,3,NULL,1,NULL,NULL,NULL,5000,1,NULL,NULL,NULL,NULL,NULL),(1495,NULL,'1495',9,34,1,1,1,1,15,3,NULL,1,NULL,NULL,NULL,5000,1,NULL,NULL,NULL,NULL,NULL),(1496,NULL,'1496',9,34,1,1,1,1,15,3,NULL,1,NULL,NULL,NULL,5000,1,NULL,NULL,NULL,NULL,NULL),(1497,NULL,'1497',9,34,1,1,1,1,15,3,NULL,1,NULL,NULL,NULL,5000,1,NULL,NULL,NULL,NULL,NULL),(1498,NULL,'1498',9,34,1,1,1,1,15,3,NULL,1,NULL,NULL,NULL,5000,1,NULL,NULL,NULL,NULL,NULL),(1499,NULL,'1499',9,34,1,1,1,1,15,3,NULL,1,NULL,NULL,NULL,5000,1,NULL,NULL,NULL,NULL,NULL),(1500,NULL,'1500',9,34,1,1,1,1,15,3,NULL,1,NULL,NULL,NULL,5000,1,NULL,NULL,NULL,NULL,NULL),(1501,NULL,'1501',9,34,1,1,1,1,15,3,NULL,1,NULL,NULL,NULL,5000,1,NULL,NULL,NULL,NULL,NULL),(1502,NULL,'1502',9,34,1,1,1,1,15,3,NULL,1,NULL,NULL,NULL,5000,1,NULL,NULL,NULL,NULL,NULL),(1503,NULL,'1503',9,34,1,1,1,1,15,3,NULL,1,NULL,NULL,NULL,5000,1,NULL,NULL,NULL,NULL,NULL),(1504,NULL,'1504',9,34,1,1,1,1,15,3,NULL,1,NULL,NULL,NULL,5000,1,NULL,NULL,NULL,NULL,NULL),(1505,NULL,'1505',9,34,1,1,1,1,15,3,NULL,1,NULL,NULL,NULL,5000,1,NULL,NULL,NULL,NULL,NULL),(1506,NULL,'1506',9,34,1,1,1,1,15,3,NULL,1,NULL,NULL,NULL,5000,1,NULL,NULL,NULL,NULL,NULL),(1507,NULL,'1507',9,34,1,1,1,1,15,3,NULL,1,NULL,NULL,NULL,5000,1,NULL,NULL,NULL,NULL,NULL),(1508,NULL,'1508',9,34,1,1,1,1,15,3,NULL,1,NULL,NULL,NULL,5000,1,NULL,NULL,NULL,NULL,NULL),(1509,NULL,'1509',9,34,1,1,1,1,15,3,NULL,1,NULL,NULL,NULL,5000,1,NULL,NULL,NULL,NULL,NULL),(1510,NULL,'1510',9,34,1,1,1,1,15,3,NULL,1,NULL,NULL,NULL,5000,1,NULL,NULL,NULL,NULL,NULL),(1511,NULL,'1511',9,34,1,1,1,1,15,3,NULL,1,NULL,NULL,NULL,5000,1,NULL,NULL,NULL,NULL,NULL),(1512,NULL,'1512',9,34,1,1,1,1,15,3,NULL,1,NULL,NULL,NULL,5000,1,NULL,NULL,NULL,NULL,NULL),(1513,NULL,'1513',9,34,1,1,1,1,15,3,NULL,1,NULL,NULL,NULL,5000,1,NULL,NULL,NULL,NULL,NULL),(1514,NULL,'1514',9,34,1,1,1,1,15,3,NULL,1,NULL,NULL,NULL,5000,1,NULL,NULL,NULL,NULL,NULL),(1515,NULL,'1515',9,34,1,1,1,1,15,3,NULL,1,NULL,NULL,NULL,5000,1,NULL,NULL,NULL,NULL,NULL),(1516,NULL,'1516',9,34,1,1,1,1,15,3,NULL,1,NULL,NULL,NULL,5000,1,NULL,NULL,NULL,NULL,NULL),(1517,NULL,'1517',9,34,1,1,1,1,15,3,NULL,1,NULL,NULL,NULL,5000,1,NULL,NULL,NULL,NULL,NULL),(1518,NULL,'1518',9,34,1,1,1,1,15,3,NULL,1,NULL,NULL,NULL,5000,1,NULL,NULL,NULL,NULL,NULL),(1519,NULL,'1519',9,34,1,1,1,1,15,3,NULL,1,NULL,NULL,NULL,5000,1,NULL,NULL,NULL,NULL,NULL),(1520,NULL,'1520',9,34,1,1,1,1,15,3,NULL,1,NULL,NULL,NULL,5000,1,NULL,NULL,NULL,NULL,NULL),(1521,NULL,'1521',9,34,1,1,1,1,15,3,NULL,1,NULL,NULL,NULL,5000,1,NULL,NULL,NULL,NULL,NULL),(1522,NULL,'1522',9,34,1,1,1,1,15,3,NULL,1,NULL,NULL,NULL,5000,1,NULL,NULL,NULL,NULL,NULL),(1523,NULL,'1523',9,34,1,1,1,1,15,3,NULL,1,NULL,NULL,NULL,5000,1,NULL,NULL,NULL,NULL,NULL),(1524,NULL,'1524',9,34,1,1,1,1,15,3,NULL,1,NULL,NULL,NULL,5000,1,NULL,NULL,NULL,NULL,NULL),(1525,NULL,'1525',9,34,1,1,1,1,15,3,NULL,1,NULL,NULL,NULL,5000,1,NULL,NULL,NULL,NULL,NULL),(1526,NULL,'1526',9,34,1,1,1,1,15,3,NULL,1,NULL,NULL,NULL,5000,1,NULL,NULL,NULL,NULL,NULL),(1527,NULL,'1527',9,34,1,1,1,1,15,3,NULL,1,NULL,NULL,NULL,5000,1,NULL,NULL,NULL,NULL,NULL),(1528,NULL,'1528',9,34,1,1,1,1,15,3,NULL,1,NULL,NULL,NULL,5000,1,NULL,NULL,NULL,NULL,NULL),(1529,NULL,'1529',9,34,1,1,1,1,15,3,NULL,1,NULL,NULL,NULL,5000,1,NULL,NULL,NULL,NULL,NULL),(1530,NULL,'1530',9,34,1,1,1,1,15,3,NULL,1,NULL,NULL,NULL,5000,1,NULL,NULL,NULL,NULL,NULL),(1531,NULL,'1531',9,34,1,1,1,1,15,3,NULL,1,NULL,NULL,NULL,5000,1,NULL,NULL,NULL,NULL,NULL),(1532,NULL,'1532',9,34,1,1,1,1,15,3,NULL,1,NULL,NULL,NULL,5000,1,NULL,NULL,NULL,NULL,NULL),(1533,NULL,'1533',9,34,1,1,1,1,15,3,NULL,1,NULL,NULL,NULL,5000,1,NULL,NULL,NULL,NULL,NULL),(1534,NULL,'1534',9,34,1,1,1,1,15,3,NULL,1,NULL,NULL,NULL,5000,1,NULL,NULL,NULL,NULL,NULL),(1535,NULL,'1535',9,34,1,1,1,1,15,3,NULL,1,NULL,NULL,NULL,5000,1,NULL,NULL,NULL,NULL,NULL),(1536,NULL,'1536',9,34,1,1,1,1,15,3,NULL,1,NULL,NULL,NULL,5000,1,NULL,NULL,NULL,NULL,NULL),(1537,NULL,'1537',9,34,1,1,1,1,15,3,NULL,1,NULL,NULL,NULL,5000,1,NULL,NULL,NULL,NULL,NULL),(1538,NULL,'1538',9,34,1,1,1,1,15,3,NULL,1,NULL,NULL,NULL,5000,1,NULL,NULL,NULL,NULL,NULL),(1539,NULL,'1539',9,34,1,1,1,1,15,3,NULL,1,NULL,NULL,NULL,5000,1,NULL,NULL,NULL,NULL,NULL),(1540,NULL,'1540',9,34,1,1,1,1,15,3,NULL,1,NULL,NULL,NULL,5000,1,NULL,NULL,NULL,NULL,NULL),(1541,NULL,'1541',9,34,1,1,1,1,15,3,NULL,1,NULL,NULL,NULL,5000,1,NULL,NULL,NULL,NULL,NULL),(1542,NULL,'1542',9,34,1,1,1,1,15,3,NULL,1,NULL,NULL,NULL,5000,1,NULL,NULL,NULL,NULL,NULL),(1543,NULL,'1543',9,34,1,1,1,1,15,3,NULL,1,NULL,NULL,NULL,5000,1,NULL,NULL,NULL,NULL,NULL),(1544,NULL,'1544',9,34,1,1,1,1,15,3,NULL,1,NULL,NULL,NULL,5000,1,NULL,NULL,NULL,NULL,NULL),(1545,NULL,'1545',9,34,1,1,1,1,15,3,NULL,1,NULL,NULL,NULL,5000,1,NULL,NULL,NULL,NULL,NULL),(1546,NULL,'1546',9,34,1,1,1,1,15,3,NULL,1,NULL,NULL,NULL,5000,1,NULL,NULL,NULL,NULL,NULL),(1547,NULL,'1547',9,34,1,1,1,1,15,3,NULL,1,NULL,NULL,NULL,5000,1,NULL,NULL,NULL,NULL,NULL),(1548,NULL,'1548',9,34,1,1,1,1,15,3,NULL,1,NULL,NULL,NULL,5000,1,NULL,NULL,NULL,NULL,NULL),(1549,NULL,'1549',9,34,1,1,1,1,15,3,NULL,1,NULL,NULL,NULL,5000,1,NULL,NULL,NULL,NULL,NULL),(1550,NULL,'1550',9,34,1,1,1,1,15,3,NULL,1,NULL,NULL,NULL,5000,1,NULL,NULL,NULL,NULL,NULL),(1551,NULL,'1551',9,34,1,1,1,1,15,3,NULL,1,NULL,NULL,NULL,5000,1,NULL,NULL,NULL,NULL,NULL),(1552,NULL,'1552',9,34,1,1,1,1,15,3,NULL,1,NULL,NULL,NULL,5000,1,NULL,NULL,NULL,NULL,NULL),(1553,NULL,'1553',9,34,1,1,1,1,15,3,NULL,1,NULL,NULL,NULL,5000,1,NULL,NULL,NULL,NULL,NULL),(1554,NULL,'1554',9,34,1,1,1,1,15,3,NULL,1,NULL,NULL,NULL,5000,1,NULL,NULL,NULL,NULL,NULL),(1555,NULL,'1555',9,34,1,1,1,1,15,3,NULL,1,NULL,NULL,NULL,5000,1,NULL,NULL,NULL,NULL,NULL),(1556,NULL,'1556',9,34,1,1,1,1,15,3,NULL,1,NULL,NULL,NULL,5000,1,NULL,NULL,NULL,NULL,NULL),(1557,NULL,'1557',9,34,1,1,1,1,15,3,NULL,1,NULL,NULL,NULL,5000,1,NULL,NULL,NULL,NULL,NULL),(1558,NULL,'1558',9,34,1,1,1,1,15,3,NULL,1,NULL,NULL,NULL,5000,1,NULL,NULL,NULL,NULL,NULL),(1559,NULL,'1559',9,34,1,1,1,1,15,3,NULL,1,NULL,NULL,NULL,5000,1,NULL,NULL,NULL,NULL,NULL),(1560,NULL,'1560',9,34,1,1,1,1,15,3,NULL,1,NULL,NULL,NULL,5000,1,NULL,NULL,NULL,NULL,NULL),(1561,NULL,'1561',9,34,1,1,1,1,15,3,NULL,1,NULL,NULL,NULL,5000,1,NULL,NULL,NULL,NULL,NULL),(1562,NULL,'1562',9,34,1,1,1,1,15,3,NULL,1,NULL,NULL,NULL,5000,1,NULL,NULL,NULL,NULL,NULL),(1563,NULL,'1563',9,34,1,1,1,1,15,3,NULL,1,NULL,NULL,NULL,5000,1,NULL,NULL,NULL,NULL,NULL),(1564,NULL,'1564',9,34,1,1,1,1,15,3,NULL,1,NULL,NULL,NULL,5000,1,NULL,NULL,NULL,NULL,NULL),(1565,NULL,'1565',9,34,1,1,1,1,15,3,NULL,1,NULL,NULL,NULL,5000,1,NULL,NULL,NULL,NULL,NULL),(1566,NULL,'1566',9,34,1,1,1,1,15,3,NULL,1,NULL,NULL,NULL,5000,1,NULL,NULL,NULL,NULL,NULL),(1567,NULL,'1567',9,34,1,1,1,1,15,3,NULL,1,NULL,NULL,NULL,5000,1,NULL,NULL,NULL,NULL,NULL),(1568,NULL,'1568',9,34,1,1,1,1,15,3,NULL,1,NULL,NULL,NULL,5000,1,NULL,NULL,NULL,NULL,NULL),(1569,NULL,'1569',9,34,1,1,1,1,15,3,NULL,1,NULL,NULL,NULL,5000,1,NULL,NULL,NULL,NULL,NULL),(1570,NULL,'1570',9,34,1,1,1,1,15,3,NULL,1,NULL,NULL,NULL,5000,1,NULL,NULL,NULL,NULL,NULL),(1571,NULL,'1571',9,34,1,1,1,1,15,3,NULL,1,NULL,NULL,NULL,5000,1,NULL,NULL,NULL,NULL,NULL),(1572,NULL,'1572',9,34,1,1,1,1,15,3,NULL,1,NULL,NULL,NULL,5000,1,NULL,NULL,NULL,NULL,NULL),(1573,NULL,'1573',9,34,1,1,1,1,15,3,NULL,1,NULL,NULL,NULL,5000,1,NULL,NULL,NULL,NULL,NULL),(1574,NULL,'1574',9,34,1,1,1,1,15,3,NULL,1,NULL,NULL,NULL,5000,1,NULL,NULL,NULL,NULL,NULL),(1575,NULL,'1575',9,34,1,1,1,1,15,3,NULL,1,NULL,NULL,NULL,5000,1,NULL,NULL,NULL,NULL,NULL),(1576,NULL,'1576',9,34,1,1,1,1,15,3,NULL,1,NULL,NULL,NULL,5000,1,NULL,NULL,NULL,NULL,NULL),(1577,NULL,'1577',9,34,1,1,1,1,15,3,NULL,1,NULL,NULL,NULL,5000,1,NULL,NULL,NULL,NULL,NULL),(1578,NULL,'1578',9,34,1,1,1,1,15,3,NULL,1,NULL,NULL,NULL,5000,1,NULL,NULL,NULL,NULL,NULL),(1579,NULL,'1579',9,34,1,1,1,1,15,3,NULL,1,NULL,NULL,NULL,5000,1,NULL,NULL,NULL,NULL,NULL),(1580,NULL,'1580',9,34,1,1,1,1,15,3,NULL,1,NULL,NULL,NULL,5000,1,NULL,NULL,NULL,NULL,NULL),(1581,NULL,'1581',9,34,1,1,1,1,15,3,NULL,1,NULL,NULL,NULL,5000,1,NULL,NULL,NULL,NULL,NULL),(1582,NULL,'1582',9,34,1,1,1,1,15,3,NULL,1,NULL,NULL,NULL,5000,1,NULL,NULL,NULL,NULL,NULL),(1583,NULL,'1583',9,34,1,1,1,1,15,3,NULL,1,NULL,NULL,NULL,5000,1,NULL,NULL,NULL,NULL,NULL),(1584,NULL,'1584',9,34,1,1,1,1,15,3,NULL,1,NULL,NULL,NULL,5000,1,NULL,NULL,NULL,NULL,NULL),(1585,NULL,'1585',9,34,1,1,1,1,15,3,NULL,1,NULL,NULL,NULL,5000,1,NULL,NULL,NULL,NULL,NULL),(1586,NULL,'1586',9,34,1,1,1,1,15,3,NULL,1,NULL,NULL,NULL,5000,1,NULL,NULL,NULL,NULL,NULL),(1587,NULL,'1587',9,34,1,1,1,1,15,3,NULL,1,NULL,NULL,NULL,5000,1,NULL,NULL,NULL,NULL,NULL),(1588,NULL,'1588',9,34,1,1,1,1,15,3,NULL,1,NULL,NULL,NULL,5000,1,NULL,NULL,NULL,NULL,NULL),(1589,NULL,'1589',9,34,1,1,1,1,15,3,NULL,1,NULL,NULL,NULL,5000,1,NULL,NULL,NULL,NULL,NULL),(1590,NULL,'1590',9,34,1,1,1,1,15,3,NULL,1,NULL,NULL,NULL,5000,1,NULL,NULL,NULL,NULL,NULL),(1591,NULL,'1591',9,34,1,1,1,1,15,3,NULL,1,NULL,NULL,NULL,5000,1,NULL,NULL,NULL,NULL,NULL),(1592,NULL,'1592',9,34,1,1,1,1,15,3,NULL,1,NULL,NULL,NULL,5000,1,NULL,NULL,NULL,NULL,NULL),(1593,NULL,'1593',9,34,1,1,1,1,15,3,NULL,1,NULL,NULL,NULL,5000,1,NULL,NULL,NULL,NULL,NULL),(1594,NULL,'1594',9,34,1,1,1,1,15,3,NULL,1,NULL,NULL,NULL,5000,1,NULL,NULL,NULL,NULL,NULL),(1595,NULL,'1595',9,34,1,1,1,1,15,3,NULL,1,NULL,NULL,NULL,5000,1,NULL,NULL,NULL,NULL,NULL),(1596,NULL,'1596',9,34,1,1,1,1,15,3,NULL,1,NULL,NULL,NULL,5000,1,NULL,NULL,NULL,NULL,NULL),(1597,NULL,'1597',9,34,1,1,1,1,15,3,NULL,1,NULL,NULL,NULL,5000,1,NULL,NULL,NULL,NULL,NULL),(1598,NULL,'1598',9,34,1,1,1,1,15,3,NULL,1,NULL,NULL,NULL,5000,1,NULL,NULL,NULL,NULL,NULL),(1599,NULL,'1599',9,34,1,1,1,1,15,3,NULL,1,NULL,NULL,NULL,5000,1,NULL,NULL,NULL,NULL,NULL),(1600,NULL,'1600',9,34,1,1,1,1,15,3,NULL,1,NULL,NULL,NULL,5000,1,NULL,NULL,NULL,NULL,NULL),(1601,NULL,'1601',9,34,1,1,1,1,15,3,NULL,1,NULL,NULL,NULL,5000,1,NULL,NULL,NULL,NULL,NULL),(1602,NULL,'1602',9,34,1,1,1,1,15,3,NULL,1,NULL,NULL,NULL,5000,1,NULL,NULL,NULL,NULL,NULL),(1603,NULL,'1603',9,34,1,1,1,1,15,3,NULL,1,NULL,NULL,NULL,5000,1,NULL,NULL,NULL,NULL,NULL),(1604,NULL,'1604',9,34,1,1,1,1,15,3,NULL,1,NULL,NULL,NULL,5000,1,NULL,NULL,NULL,NULL,NULL),(1605,NULL,'1605',9,34,1,1,1,1,15,3,NULL,1,NULL,NULL,NULL,5000,1,NULL,NULL,NULL,NULL,NULL),(1606,NULL,'1606',9,34,1,1,1,1,15,3,NULL,1,NULL,NULL,NULL,5000,1,NULL,NULL,NULL,NULL,NULL),(1607,NULL,'1607',9,34,1,1,1,1,15,3,NULL,1,NULL,NULL,NULL,5000,1,NULL,NULL,NULL,NULL,NULL),(1608,NULL,'1608',9,34,1,1,1,1,15,3,NULL,1,NULL,NULL,NULL,5000,1,NULL,NULL,NULL,NULL,NULL),(1609,NULL,'1609',9,34,1,1,1,1,15,3,NULL,1,NULL,NULL,NULL,5000,1,NULL,NULL,NULL,NULL,NULL),(1610,NULL,'1610',9,34,1,1,1,1,15,3,NULL,1,NULL,NULL,NULL,5000,1,NULL,NULL,NULL,NULL,NULL),(1611,NULL,'1611',9,34,1,1,1,1,15,3,NULL,1,NULL,NULL,NULL,5000,1,NULL,NULL,NULL,NULL,NULL),(1612,NULL,'1612',9,34,1,1,1,1,15,3,NULL,1,NULL,NULL,NULL,5000,1,NULL,NULL,NULL,NULL,NULL),(1613,NULL,'1613',9,34,1,1,1,1,15,3,NULL,1,NULL,NULL,NULL,5000,1,NULL,NULL,NULL,NULL,NULL),(1614,NULL,'1614',9,34,1,1,1,1,15,3,NULL,1,NULL,NULL,NULL,5000,1,NULL,NULL,NULL,NULL,NULL),(1615,NULL,'1615',9,34,1,1,1,1,15,3,NULL,1,NULL,NULL,NULL,5000,1,NULL,NULL,NULL,NULL,NULL),(1616,NULL,'1616',9,34,1,1,1,1,15,3,NULL,1,NULL,NULL,NULL,5000,1,NULL,NULL,NULL,NULL,NULL),(1617,NULL,'1617',9,34,1,1,1,1,15,3,NULL,1,NULL,NULL,NULL,5000,1,NULL,NULL,NULL,NULL,NULL),(1618,NULL,'1618',9,34,1,1,1,1,15,3,NULL,1,NULL,NULL,NULL,5000,1,NULL,NULL,NULL,NULL,NULL),(1619,NULL,'1619',9,34,1,1,1,1,15,3,NULL,1,NULL,NULL,NULL,5000,1,NULL,NULL,NULL,NULL,NULL),(1620,NULL,'1620',9,34,1,1,1,1,15,3,NULL,1,NULL,NULL,NULL,5000,1,NULL,NULL,NULL,NULL,NULL),(1621,NULL,'1621',9,34,1,1,1,1,15,3,NULL,1,NULL,NULL,NULL,5000,1,NULL,NULL,NULL,NULL,NULL),(1622,NULL,'1622',9,34,1,1,1,1,15,3,NULL,1,NULL,NULL,NULL,5000,1,NULL,NULL,NULL,NULL,NULL),(1623,NULL,'1623',9,34,1,1,1,1,15,3,NULL,1,NULL,NULL,NULL,5000,1,NULL,NULL,NULL,NULL,NULL),(1624,NULL,'1624',9,34,1,1,1,1,15,3,NULL,1,NULL,NULL,NULL,5000,1,NULL,NULL,NULL,NULL,NULL),(1625,NULL,'1625',9,34,1,1,1,1,15,3,NULL,1,NULL,NULL,NULL,5000,1,NULL,NULL,NULL,NULL,NULL),(1626,NULL,'1626',9,34,1,1,1,1,15,3,NULL,1,NULL,NULL,NULL,5000,1,NULL,NULL,NULL,NULL,NULL),(1627,NULL,'1627',9,34,1,1,1,1,15,3,NULL,1,NULL,NULL,NULL,5000,1,NULL,NULL,NULL,NULL,NULL),(1628,NULL,'1628',9,34,1,1,1,1,15,3,NULL,1,NULL,NULL,NULL,5000,1,NULL,NULL,NULL,NULL,NULL),(1629,NULL,'1629',9,34,1,1,1,1,15,3,NULL,1,NULL,NULL,NULL,5000,1,NULL,NULL,NULL,NULL,NULL),(1630,NULL,'1630',9,34,1,1,1,1,15,3,NULL,1,NULL,NULL,NULL,5000,1,NULL,NULL,NULL,NULL,NULL),(1631,NULL,'1631',9,34,1,1,1,1,15,3,NULL,1,NULL,NULL,NULL,5000,1,NULL,NULL,NULL,NULL,NULL),(1632,NULL,'1632',9,34,1,1,1,1,15,3,NULL,1,NULL,NULL,NULL,5000,1,NULL,NULL,NULL,NULL,NULL),(1633,NULL,'1633',9,34,1,1,1,1,15,3,NULL,1,NULL,NULL,NULL,5000,1,NULL,NULL,NULL,NULL,NULL),(1634,NULL,'1634',9,34,1,1,1,1,15,3,NULL,1,NULL,NULL,NULL,5000,1,NULL,NULL,NULL,NULL,NULL),(1635,NULL,'1635',9,34,1,1,1,1,15,3,NULL,1,NULL,NULL,NULL,5000,1,NULL,NULL,NULL,NULL,NULL),(1636,NULL,'1636',9,34,1,1,1,1,15,3,NULL,1,NULL,NULL,NULL,5000,1,NULL,NULL,NULL,NULL,NULL),(1637,NULL,'1637',9,34,1,1,1,1,15,3,NULL,1,NULL,NULL,NULL,5000,1,NULL,NULL,NULL,NULL,NULL),(1638,NULL,'1638',9,34,1,1,1,1,15,3,NULL,1,NULL,NULL,NULL,5000,1,NULL,NULL,NULL,NULL,NULL),(1639,NULL,'1639',9,34,1,1,1,1,15,3,NULL,1,NULL,NULL,NULL,5000,1,NULL,NULL,NULL,NULL,NULL),(1640,NULL,'1640',9,34,1,1,1,1,15,3,NULL,1,NULL,NULL,NULL,5000,1,NULL,NULL,NULL,NULL,NULL),(1641,NULL,'1641',9,34,1,1,1,1,15,3,NULL,1,NULL,NULL,NULL,5000,1,NULL,NULL,NULL,NULL,NULL),(1642,NULL,'1642',9,34,1,1,1,1,15,3,NULL,1,NULL,NULL,NULL,5000,1,NULL,NULL,NULL,NULL,NULL),(1643,NULL,'1643',9,34,1,1,1,1,15,3,NULL,1,NULL,NULL,NULL,5000,1,NULL,NULL,NULL,NULL,NULL),(1644,NULL,'1644',9,34,1,1,1,1,15,3,NULL,1,NULL,NULL,NULL,5000,1,NULL,NULL,NULL,NULL,NULL),(1645,NULL,'1645',9,34,1,1,1,1,15,3,NULL,1,NULL,NULL,NULL,5000,1,NULL,NULL,NULL,NULL,NULL),(1646,NULL,'1646',9,34,1,1,1,1,15,3,NULL,1,NULL,NULL,NULL,5000,1,NULL,NULL,NULL,NULL,NULL),(1647,NULL,'1647',9,34,1,1,1,1,15,3,NULL,1,NULL,NULL,NULL,5000,1,NULL,NULL,NULL,NULL,NULL),(1648,NULL,'1648',9,34,1,1,1,1,15,3,NULL,1,NULL,NULL,NULL,5000,1,NULL,NULL,NULL,NULL,NULL),(1649,NULL,'1649',9,34,1,1,1,1,15,3,NULL,1,NULL,NULL,NULL,5000,1,NULL,NULL,NULL,NULL,NULL),(1650,NULL,'1650',9,34,1,1,1,1,15,3,NULL,1,NULL,NULL,NULL,5000,1,NULL,NULL,NULL,NULL,NULL),(1651,NULL,'1651',9,34,1,1,1,1,15,3,NULL,1,NULL,NULL,NULL,5000,1,NULL,NULL,NULL,NULL,NULL),(1652,NULL,'1652',9,34,1,1,1,1,15,3,NULL,1,NULL,NULL,NULL,5000,1,NULL,NULL,NULL,NULL,NULL),(1653,NULL,'1653',9,34,1,1,1,1,15,3,NULL,1,NULL,NULL,NULL,5000,1,NULL,NULL,NULL,NULL,NULL),(1654,NULL,'1654',9,34,1,1,1,1,15,3,NULL,1,NULL,NULL,NULL,5000,1,NULL,NULL,NULL,NULL,NULL),(1655,NULL,'1655',9,34,1,1,1,1,15,3,NULL,1,NULL,NULL,NULL,5000,1,NULL,NULL,NULL,NULL,NULL),(1656,NULL,'1656',9,34,1,1,1,1,15,3,NULL,1,NULL,NULL,NULL,5000,1,NULL,NULL,NULL,NULL,NULL),(1657,NULL,'1657',9,34,1,1,1,1,15,3,NULL,1,NULL,NULL,NULL,5000,1,NULL,NULL,NULL,NULL,NULL),(1658,NULL,'1658',9,34,1,1,1,1,15,3,NULL,1,NULL,NULL,NULL,5000,1,NULL,NULL,NULL,NULL,NULL),(1659,NULL,'1659',9,34,1,1,1,1,15,3,NULL,1,NULL,NULL,NULL,5000,1,NULL,NULL,NULL,NULL,NULL),(1660,NULL,'1660',9,34,1,1,1,1,15,3,NULL,1,NULL,NULL,NULL,5000,1,NULL,NULL,NULL,NULL,NULL),(1661,NULL,'1661',9,34,1,1,1,1,15,3,NULL,1,NULL,NULL,NULL,5000,1,NULL,NULL,NULL,NULL,NULL),(1662,NULL,'1662',9,34,1,1,1,1,15,3,NULL,1,NULL,NULL,NULL,5000,1,NULL,NULL,NULL,NULL,NULL),(1663,NULL,'1663',9,34,1,1,1,1,15,3,NULL,1,NULL,NULL,NULL,5000,1,NULL,NULL,NULL,NULL,NULL),(1664,NULL,'1664',9,34,1,1,1,1,15,3,NULL,1,NULL,NULL,NULL,5000,1,NULL,NULL,NULL,NULL,NULL),(1665,NULL,'1665',9,34,1,1,1,1,15,3,NULL,1,NULL,NULL,NULL,5000,1,NULL,NULL,NULL,NULL,NULL),(1666,NULL,'1666',9,34,1,1,1,1,15,3,NULL,1,NULL,NULL,NULL,5000,1,NULL,NULL,NULL,NULL,NULL),(1667,NULL,'1667',9,34,1,1,1,1,15,3,NULL,1,NULL,NULL,NULL,5000,1,NULL,NULL,NULL,NULL,NULL),(1668,NULL,'1668',9,34,1,1,1,1,15,3,NULL,1,NULL,NULL,NULL,5000,1,NULL,NULL,NULL,NULL,NULL),(1669,NULL,'1669',9,34,1,1,1,1,15,3,NULL,1,NULL,NULL,NULL,5000,1,NULL,NULL,NULL,NULL,NULL),(1670,NULL,'1670',9,34,1,1,1,1,15,3,NULL,1,NULL,NULL,NULL,5000,1,NULL,NULL,NULL,NULL,NULL),(1671,NULL,'1671',9,34,1,1,1,1,15,3,NULL,1,NULL,NULL,NULL,5000,1,NULL,NULL,NULL,NULL,NULL),(1672,NULL,'1672',9,34,1,1,1,1,15,3,NULL,1,NULL,NULL,NULL,5000,1,NULL,NULL,NULL,NULL,NULL),(1673,NULL,'1673',9,34,1,1,1,1,15,3,NULL,1,NULL,NULL,NULL,5000,1,NULL,NULL,NULL,NULL,NULL),(1674,NULL,'1674',9,34,1,1,1,1,15,3,NULL,1,NULL,NULL,NULL,5000,1,NULL,NULL,NULL,NULL,NULL),(1675,NULL,'1675',9,34,1,1,1,1,15,3,NULL,1,NULL,NULL,NULL,5000,1,NULL,NULL,NULL,NULL,NULL),(1676,NULL,'1676',9,34,1,1,1,1,15,3,NULL,1,NULL,NULL,NULL,5000,1,NULL,NULL,NULL,NULL,NULL),(1677,NULL,'1677',9,34,1,1,1,1,15,3,NULL,1,NULL,NULL,NULL,5000,1,NULL,NULL,NULL,NULL,NULL),(1678,NULL,'1678',9,34,1,1,1,1,15,3,NULL,1,NULL,NULL,NULL,5000,1,NULL,NULL,NULL,NULL,NULL),(1679,NULL,'1679',9,34,1,1,1,1,15,3,NULL,1,NULL,NULL,NULL,5000,1,NULL,NULL,NULL,NULL,NULL),(1680,NULL,'1680',9,34,1,1,1,1,15,3,NULL,1,NULL,NULL,NULL,5000,1,NULL,NULL,NULL,NULL,NULL),(1681,NULL,'1681',9,34,1,1,1,1,15,3,NULL,1,NULL,NULL,NULL,5000,1,NULL,NULL,NULL,NULL,NULL),(1682,NULL,'1682',9,34,1,1,1,1,15,3,NULL,1,NULL,NULL,NULL,5000,1,NULL,NULL,NULL,NULL,NULL),(1683,NULL,'1683',9,34,1,1,1,1,15,3,NULL,1,NULL,NULL,NULL,5000,1,NULL,NULL,NULL,NULL,NULL),(1684,NULL,'1684',9,34,1,1,1,1,15,3,NULL,1,NULL,NULL,NULL,5000,1,NULL,NULL,NULL,NULL,NULL),(1685,NULL,'1685',9,34,1,1,1,1,15,3,NULL,1,NULL,NULL,NULL,5000,1,NULL,NULL,NULL,NULL,NULL),(1686,NULL,'1686',9,34,1,1,1,1,15,3,NULL,1,NULL,NULL,NULL,5000,1,NULL,NULL,NULL,NULL,NULL),(1687,NULL,'1687',9,34,1,1,1,1,15,3,NULL,1,NULL,NULL,NULL,5000,1,NULL,NULL,NULL,NULL,NULL),(1688,NULL,'1688',9,34,1,1,1,1,15,3,NULL,1,NULL,NULL,NULL,5000,1,NULL,NULL,NULL,NULL,NULL),(1689,NULL,'1689',9,34,1,1,1,1,15,3,NULL,1,NULL,NULL,NULL,5000,1,NULL,NULL,NULL,NULL,NULL),(1690,NULL,'1690',9,34,1,1,1,1,15,3,NULL,1,NULL,NULL,NULL,5000,1,NULL,NULL,NULL,NULL,NULL),(1691,NULL,'1691',9,34,1,1,1,1,15,3,NULL,1,NULL,NULL,NULL,5000,1,NULL,NULL,NULL,NULL,NULL),(1692,NULL,'1692',9,34,1,1,1,1,15,3,NULL,1,NULL,NULL,NULL,5000,1,NULL,NULL,NULL,NULL,NULL),(1693,NULL,'1693',9,34,1,1,1,1,15,3,NULL,1,NULL,NULL,NULL,5000,1,NULL,NULL,NULL,NULL,NULL),(1694,NULL,'1694',9,34,1,1,1,1,15,3,NULL,1,NULL,NULL,NULL,5000,1,NULL,NULL,NULL,NULL,NULL),(1695,NULL,'1695',9,34,1,1,1,1,15,3,NULL,1,NULL,NULL,NULL,5000,1,NULL,NULL,NULL,NULL,NULL),(1696,NULL,'1696',9,34,1,1,1,1,15,3,NULL,1,NULL,NULL,NULL,5000,1,NULL,NULL,NULL,NULL,NULL),(1697,NULL,'1697',9,34,1,1,1,1,15,3,NULL,1,NULL,NULL,NULL,5000,1,NULL,NULL,NULL,NULL,NULL),(1698,NULL,'1698',9,34,1,1,1,1,15,3,NULL,1,NULL,NULL,NULL,5000,1,NULL,NULL,NULL,NULL,NULL),(1699,NULL,'1699',9,34,1,1,1,1,15,3,NULL,1,NULL,NULL,NULL,5000,1,NULL,NULL,NULL,NULL,NULL),(1700,NULL,'1700',9,34,1,1,1,1,15,3,NULL,1,NULL,NULL,NULL,5000,1,NULL,NULL,NULL,NULL,NULL),(1701,NULL,'1701',9,34,1,1,1,1,15,3,NULL,1,NULL,NULL,NULL,5000,1,NULL,NULL,NULL,NULL,NULL),(1702,NULL,'1702',9,34,1,1,1,1,15,3,NULL,1,NULL,NULL,NULL,5000,1,NULL,NULL,NULL,NULL,NULL),(1703,NULL,'1703',9,34,1,1,1,1,15,3,NULL,1,NULL,NULL,NULL,5000,1,NULL,NULL,NULL,NULL,NULL),(1704,NULL,'1704',9,34,1,1,1,1,15,3,NULL,1,NULL,NULL,NULL,5000,1,NULL,NULL,NULL,NULL,NULL),(1705,NULL,'1705',9,34,1,1,1,1,15,3,NULL,1,NULL,NULL,NULL,5000,1,NULL,NULL,NULL,NULL,NULL),(1706,NULL,'1706',9,34,1,1,1,1,15,3,NULL,1,NULL,NULL,NULL,5000,1,NULL,NULL,NULL,NULL,NULL),(1707,NULL,'1707',9,34,1,1,1,1,15,3,NULL,1,NULL,NULL,NULL,5000,1,NULL,NULL,NULL,NULL,NULL),(1708,NULL,'1708',9,34,1,1,1,1,15,3,NULL,1,NULL,NULL,NULL,5000,1,NULL,NULL,NULL,NULL,NULL),(1709,NULL,'1709',9,34,1,1,1,1,15,3,NULL,1,NULL,NULL,NULL,5000,1,NULL,NULL,NULL,NULL,NULL),(1710,NULL,'1710',9,34,1,1,1,1,15,3,NULL,1,NULL,NULL,NULL,5000,1,NULL,NULL,NULL,NULL,NULL),(1711,NULL,'1711',9,34,1,1,1,1,15,3,NULL,1,NULL,NULL,NULL,5000,1,NULL,NULL,NULL,NULL,NULL),(1712,NULL,'1712',9,34,1,1,1,1,15,3,NULL,1,NULL,NULL,NULL,5000,1,NULL,NULL,NULL,NULL,NULL),(1713,NULL,'1713',9,34,1,1,1,1,15,3,NULL,1,NULL,NULL,NULL,5000,1,NULL,NULL,NULL,NULL,NULL),(1714,NULL,'1714',9,34,1,1,1,1,15,3,NULL,1,NULL,NULL,NULL,5000,1,NULL,NULL,NULL,NULL,NULL),(1715,NULL,'1715',9,34,1,1,1,1,15,3,NULL,1,NULL,NULL,NULL,5000,1,NULL,NULL,NULL,NULL,NULL),(1716,NULL,'1716',9,34,1,1,1,1,15,3,NULL,1,NULL,NULL,NULL,5000,1,NULL,NULL,NULL,NULL,NULL),(1717,NULL,'1717',9,34,1,1,1,1,15,3,NULL,1,NULL,NULL,NULL,5000,1,NULL,NULL,NULL,NULL,NULL),(1718,NULL,'1718',9,34,1,1,1,1,15,3,NULL,1,NULL,NULL,NULL,5000,1,NULL,NULL,NULL,NULL,NULL),(1719,NULL,'1719',9,34,1,1,1,1,15,3,NULL,1,NULL,NULL,NULL,5000,1,NULL,NULL,NULL,NULL,NULL),(1720,NULL,'1720',9,34,1,1,1,1,15,3,NULL,1,NULL,NULL,NULL,5000,1,NULL,NULL,NULL,NULL,NULL),(1721,NULL,'1721',9,34,1,1,1,1,15,3,NULL,1,NULL,NULL,NULL,5000,1,NULL,NULL,NULL,NULL,NULL),(1722,NULL,'1722',9,34,1,1,1,1,15,3,NULL,1,NULL,NULL,NULL,5000,1,NULL,NULL,NULL,NULL,NULL),(1723,NULL,'1723',9,34,1,1,1,1,15,3,NULL,1,NULL,NULL,NULL,5000,1,NULL,NULL,NULL,NULL,NULL),(1724,NULL,'1724',9,34,1,1,1,1,15,3,NULL,1,NULL,NULL,NULL,5000,1,NULL,NULL,NULL,NULL,NULL),(1725,NULL,'1725',9,34,1,1,1,1,15,3,NULL,1,NULL,NULL,NULL,5000,1,NULL,NULL,NULL,NULL,NULL),(1726,NULL,'1726',9,34,1,1,1,1,15,3,NULL,1,NULL,NULL,NULL,5000,1,NULL,NULL,NULL,NULL,NULL),(1727,NULL,'1727',9,34,1,1,1,1,15,3,NULL,1,NULL,NULL,NULL,5000,1,NULL,NULL,NULL,NULL,NULL),(1728,NULL,'1728',9,34,1,1,1,1,15,3,NULL,1,NULL,NULL,NULL,5000,1,NULL,NULL,NULL,NULL,NULL),(1729,NULL,'1729',9,34,1,1,1,1,15,3,NULL,1,NULL,NULL,NULL,5000,1,NULL,NULL,NULL,NULL,NULL),(1730,NULL,'1730',9,34,1,1,1,1,15,3,NULL,1,NULL,NULL,NULL,5000,1,NULL,NULL,NULL,NULL,NULL),(1731,NULL,'1731',9,34,1,1,1,1,15,3,NULL,1,NULL,NULL,NULL,5000,1,NULL,NULL,NULL,NULL,NULL),(1732,NULL,'1732',9,34,1,1,1,1,15,3,NULL,1,NULL,NULL,NULL,5000,1,NULL,NULL,NULL,NULL,NULL),(1733,NULL,'1733',9,34,1,1,1,1,15,3,NULL,1,NULL,NULL,NULL,5000,1,NULL,NULL,NULL,NULL,NULL),(1734,NULL,'1734',9,34,1,1,1,1,15,3,NULL,1,NULL,NULL,NULL,5000,1,NULL,NULL,NULL,NULL,NULL),(1735,NULL,'1735',9,34,1,1,1,1,15,3,NULL,1,NULL,NULL,NULL,5000,1,NULL,NULL,NULL,NULL,NULL),(1736,NULL,'1736',9,34,1,1,1,1,15,3,NULL,1,NULL,NULL,NULL,5000,1,NULL,NULL,NULL,NULL,NULL),(1737,NULL,'1737',9,34,1,1,1,1,15,3,NULL,1,NULL,NULL,NULL,5000,1,NULL,NULL,NULL,NULL,NULL),(1738,NULL,'1738',9,34,1,1,1,1,15,3,NULL,1,NULL,NULL,NULL,5000,1,NULL,NULL,NULL,NULL,NULL),(1739,NULL,'1739',9,34,1,1,1,1,15,3,NULL,1,NULL,NULL,NULL,5000,1,NULL,NULL,NULL,NULL,NULL),(1740,NULL,'1740',9,34,1,1,1,1,15,3,NULL,1,NULL,NULL,NULL,5000,1,NULL,NULL,NULL,NULL,NULL),(1741,NULL,'1741',9,34,1,1,1,1,15,3,NULL,1,NULL,NULL,NULL,5000,1,NULL,NULL,NULL,NULL,NULL),(1742,NULL,'1742',9,34,1,1,1,1,15,3,NULL,1,NULL,NULL,NULL,5000,1,NULL,NULL,NULL,NULL,NULL),(1743,NULL,'1743',9,34,1,1,1,1,15,3,NULL,1,NULL,NULL,NULL,5000,1,NULL,NULL,NULL,NULL,NULL),(1744,NULL,'1744',9,34,1,1,1,1,15,3,NULL,1,NULL,NULL,NULL,5000,1,NULL,NULL,NULL,NULL,NULL),(1745,NULL,'1745',9,34,1,1,1,1,15,3,NULL,1,NULL,NULL,NULL,5000,1,NULL,NULL,NULL,NULL,NULL),(1746,NULL,'1746',9,34,1,1,1,1,15,3,NULL,1,NULL,NULL,NULL,5000,1,NULL,NULL,NULL,NULL,NULL),(1747,NULL,'1747',9,34,1,1,1,1,15,3,NULL,1,NULL,NULL,NULL,5000,1,NULL,NULL,NULL,NULL,NULL),(1748,NULL,'1748',9,34,1,1,1,1,15,3,NULL,1,NULL,NULL,NULL,5000,1,NULL,NULL,NULL,NULL,NULL),(1749,NULL,'1749',9,34,1,1,1,1,15,3,NULL,1,NULL,NULL,NULL,5000,1,NULL,NULL,NULL,NULL,NULL),(1750,NULL,'1750',9,34,1,1,1,1,15,3,NULL,1,NULL,NULL,NULL,5000,1,NULL,NULL,NULL,NULL,NULL),(1751,NULL,'1751',9,34,1,1,1,1,15,3,NULL,1,NULL,NULL,NULL,5000,1,NULL,NULL,NULL,NULL,NULL),(1752,NULL,'1752',9,34,1,1,1,1,15,3,NULL,1,NULL,NULL,NULL,5000,1,NULL,NULL,NULL,NULL,NULL),(1753,NULL,'1753',9,34,1,1,1,1,15,3,NULL,1,NULL,NULL,NULL,5000,1,NULL,NULL,NULL,NULL,NULL),(1754,NULL,'1754',9,34,1,1,1,1,15,3,NULL,1,NULL,NULL,NULL,5000,1,NULL,NULL,NULL,NULL,NULL),(1755,NULL,'1755',9,34,1,1,1,1,15,3,NULL,1,NULL,NULL,NULL,5000,1,NULL,NULL,NULL,NULL,NULL),(1756,NULL,'1756',9,34,1,1,1,1,15,3,NULL,1,NULL,NULL,NULL,5000,1,NULL,NULL,NULL,NULL,NULL),(1757,NULL,'1757',9,34,1,1,1,1,15,3,NULL,1,NULL,NULL,NULL,5000,1,NULL,NULL,NULL,NULL,NULL),(1758,NULL,'1758',9,34,1,1,1,1,15,3,NULL,1,NULL,NULL,NULL,5000,1,NULL,NULL,NULL,NULL,NULL),(1759,NULL,'1759',9,34,1,1,1,1,15,3,NULL,1,NULL,NULL,NULL,5000,1,NULL,NULL,NULL,NULL,NULL),(1760,NULL,'1760',9,34,1,1,1,1,15,3,NULL,1,NULL,NULL,NULL,5000,1,NULL,NULL,NULL,NULL,NULL),(1761,NULL,'1761',9,34,1,1,1,1,15,3,NULL,1,NULL,NULL,NULL,5000,1,NULL,NULL,NULL,NULL,NULL),(1762,NULL,'1762',9,34,1,1,1,1,15,3,NULL,1,NULL,NULL,NULL,5000,1,NULL,NULL,NULL,NULL,NULL),(1763,NULL,'1763',9,34,1,1,1,1,15,3,NULL,1,NULL,NULL,NULL,5000,1,NULL,NULL,NULL,NULL,NULL),(1764,NULL,'1764',9,34,1,1,1,1,15,3,NULL,1,NULL,NULL,NULL,5000,1,NULL,NULL,NULL,NULL,NULL),(1765,NULL,'1765',9,34,1,1,1,1,15,3,NULL,1,NULL,NULL,NULL,5000,1,NULL,NULL,NULL,NULL,NULL),(1766,NULL,'1766',9,34,1,1,1,1,15,3,NULL,1,NULL,NULL,NULL,5000,1,NULL,NULL,NULL,NULL,NULL),(1767,NULL,'1767',9,34,1,1,1,1,15,3,NULL,1,NULL,NULL,NULL,5000,1,NULL,NULL,NULL,NULL,NULL),(1768,NULL,'1768',9,34,1,1,1,1,15,3,NULL,1,NULL,NULL,NULL,5000,1,NULL,NULL,NULL,NULL,NULL),(1769,NULL,'1769',9,34,1,1,1,1,15,3,NULL,1,NULL,NULL,NULL,5000,1,NULL,NULL,NULL,NULL,NULL),(1770,NULL,'1770',9,34,1,1,1,1,15,3,NULL,1,NULL,NULL,NULL,5000,1,NULL,NULL,NULL,NULL,NULL),(1771,NULL,'1771',9,34,1,1,1,1,15,3,NULL,1,NULL,NULL,NULL,5000,1,NULL,NULL,NULL,NULL,NULL),(1772,NULL,'1772',9,34,1,1,1,1,15,3,NULL,1,NULL,NULL,NULL,5000,1,NULL,NULL,NULL,NULL,NULL),(1773,NULL,'1773',9,34,1,1,1,1,15,3,NULL,1,NULL,NULL,NULL,5000,1,NULL,NULL,NULL,NULL,NULL),(1774,NULL,'1774',9,34,1,1,1,1,15,3,NULL,1,NULL,NULL,NULL,5000,1,NULL,NULL,NULL,NULL,NULL),(1775,NULL,'1775',9,34,1,1,1,1,15,3,NULL,1,NULL,NULL,NULL,5000,1,NULL,NULL,NULL,NULL,NULL),(1776,NULL,'1776',9,34,1,1,1,1,15,3,NULL,1,NULL,NULL,NULL,5000,1,NULL,NULL,NULL,NULL,NULL),(1777,NULL,'1777',9,34,1,1,1,1,15,3,NULL,1,NULL,NULL,NULL,5000,1,NULL,NULL,NULL,NULL,NULL),(1778,NULL,'1778',9,34,1,1,1,1,15,3,NULL,1,NULL,NULL,NULL,5000,1,NULL,NULL,NULL,NULL,NULL),(1779,NULL,'1779',9,34,1,1,1,1,15,3,NULL,1,NULL,NULL,NULL,5000,1,NULL,NULL,NULL,NULL,NULL),(1780,NULL,'1780',9,34,1,1,1,1,15,3,NULL,1,NULL,NULL,NULL,5000,1,NULL,NULL,NULL,NULL,NULL),(1781,NULL,'1781',9,34,1,1,1,1,15,3,NULL,1,NULL,NULL,NULL,5000,1,NULL,NULL,NULL,NULL,NULL),(1782,NULL,'1782',9,34,1,1,1,1,15,3,NULL,1,NULL,NULL,NULL,5000,1,NULL,NULL,NULL,NULL,NULL),(1783,NULL,'1783',9,34,1,1,1,1,15,3,NULL,1,NULL,NULL,NULL,5000,1,NULL,NULL,NULL,NULL,NULL),(1784,NULL,'1784',9,34,1,1,1,1,15,3,NULL,1,NULL,NULL,NULL,5000,1,NULL,NULL,NULL,NULL,NULL),(1785,NULL,'1785',9,34,1,1,1,1,15,3,NULL,1,NULL,NULL,NULL,5000,1,NULL,NULL,NULL,NULL,NULL),(1786,NULL,'1786',9,34,1,1,1,1,15,3,NULL,1,NULL,NULL,NULL,5000,1,NULL,NULL,NULL,NULL,NULL),(1787,NULL,'1787',9,34,1,1,1,1,15,3,NULL,1,NULL,NULL,NULL,5000,1,NULL,NULL,NULL,NULL,NULL),(1788,NULL,'1788',9,34,1,1,1,1,15,3,NULL,1,NULL,NULL,NULL,5000,1,NULL,NULL,NULL,NULL,NULL),(1789,NULL,'1789',9,34,1,1,1,1,15,3,NULL,1,NULL,NULL,NULL,5000,1,NULL,NULL,NULL,NULL,NULL),(1790,NULL,'1790',9,34,1,1,1,1,15,3,NULL,1,NULL,NULL,NULL,5000,1,NULL,NULL,NULL,NULL,NULL),(1791,NULL,'1791',9,34,1,1,1,1,15,3,NULL,1,NULL,NULL,NULL,5000,1,NULL,NULL,NULL,NULL,NULL),(1792,NULL,'1792',9,34,1,1,1,1,15,3,NULL,1,NULL,NULL,NULL,5000,1,NULL,NULL,NULL,NULL,NULL),(1793,NULL,'1793',9,34,1,1,1,1,15,3,NULL,1,NULL,NULL,NULL,5000,1,NULL,NULL,NULL,NULL,NULL),(1794,NULL,'1794',9,34,1,1,1,1,15,3,NULL,1,NULL,NULL,NULL,5000,1,NULL,NULL,NULL,NULL,NULL),(1795,NULL,'1795',9,34,1,1,1,1,15,3,NULL,1,NULL,NULL,NULL,5000,1,NULL,NULL,NULL,NULL,NULL),(1796,NULL,'1796',9,34,1,1,1,1,15,3,NULL,1,NULL,NULL,NULL,5000,1,NULL,NULL,NULL,NULL,NULL),(1797,NULL,'1797',9,34,1,1,1,1,15,3,NULL,1,NULL,NULL,NULL,5000,1,NULL,NULL,NULL,NULL,NULL),(1798,NULL,'1798',9,34,1,1,1,1,15,3,NULL,1,NULL,NULL,NULL,5000,1,NULL,NULL,NULL,NULL,NULL),(1799,NULL,'1799',9,34,1,1,1,1,15,3,NULL,1,NULL,NULL,NULL,5000,1,NULL,NULL,NULL,NULL,NULL),(1800,NULL,'1800',9,34,1,1,1,1,15,3,NULL,1,NULL,NULL,NULL,5000,1,NULL,NULL,NULL,NULL,NULL),(1801,NULL,'1801',9,34,1,1,1,1,15,3,NULL,1,NULL,NULL,NULL,5000,1,NULL,NULL,NULL,NULL,NULL),(1802,NULL,'1802',9,34,1,1,1,1,15,3,NULL,1,NULL,NULL,NULL,5000,1,NULL,NULL,NULL,NULL,NULL),(1803,NULL,'1803',9,34,1,1,1,1,15,3,NULL,1,NULL,NULL,NULL,5000,1,NULL,NULL,NULL,NULL,NULL),(1804,NULL,'1804',9,34,1,1,1,1,15,3,NULL,1,NULL,NULL,NULL,5000,1,NULL,NULL,NULL,NULL,NULL),(1805,NULL,'1805',9,34,1,1,1,1,15,3,NULL,1,NULL,NULL,NULL,5000,1,NULL,NULL,NULL,NULL,NULL),(1806,NULL,'1806',9,34,1,1,1,1,15,3,NULL,1,NULL,NULL,NULL,5000,1,NULL,NULL,NULL,NULL,NULL),(1807,NULL,'1807',9,34,1,1,1,1,15,3,NULL,1,NULL,NULL,NULL,5000,1,NULL,NULL,NULL,NULL,NULL),(1808,NULL,'1808',9,34,1,1,1,1,15,3,NULL,1,NULL,NULL,NULL,5000,1,NULL,NULL,NULL,NULL,NULL),(1809,NULL,'1809',9,34,1,1,1,1,15,3,NULL,1,NULL,NULL,NULL,5000,1,NULL,NULL,NULL,NULL,NULL),(1810,NULL,'1810',9,34,1,1,1,1,15,3,NULL,1,NULL,NULL,NULL,5000,1,NULL,NULL,NULL,NULL,NULL),(1811,NULL,'1811',9,34,1,1,1,1,15,3,NULL,1,NULL,NULL,NULL,5000,1,NULL,NULL,NULL,NULL,NULL),(1812,NULL,'1812',9,34,1,1,1,1,15,3,NULL,1,NULL,NULL,NULL,5000,1,NULL,NULL,NULL,NULL,NULL),(1813,NULL,'1813',9,34,1,1,1,1,15,3,NULL,1,NULL,NULL,NULL,5000,1,NULL,NULL,NULL,NULL,NULL),(1814,NULL,'1814',9,34,1,1,1,1,15,3,NULL,1,NULL,NULL,NULL,5000,1,NULL,NULL,NULL,NULL,NULL),(1815,NULL,'1815',9,34,1,1,1,1,15,3,NULL,1,NULL,NULL,NULL,5000,1,NULL,NULL,NULL,NULL,NULL),(1816,NULL,'1816',9,34,1,1,1,1,15,3,NULL,1,NULL,NULL,NULL,5000,1,NULL,NULL,NULL,NULL,NULL),(1817,NULL,'1817',9,34,1,1,1,1,15,3,NULL,1,NULL,NULL,NULL,5000,1,NULL,NULL,NULL,NULL,NULL),(1818,NULL,'1818',9,34,1,1,1,1,15,3,NULL,1,NULL,NULL,NULL,5000,1,NULL,NULL,NULL,NULL,NULL),(1819,NULL,'1819',9,34,1,1,1,1,15,3,NULL,1,NULL,NULL,NULL,5000,1,NULL,NULL,NULL,NULL,NULL),(1820,NULL,'1820',9,34,1,1,1,1,15,3,NULL,1,NULL,NULL,NULL,5000,1,NULL,NULL,NULL,NULL,NULL),(1821,NULL,'1821',9,34,1,1,1,1,15,3,NULL,1,NULL,NULL,NULL,5000,1,NULL,NULL,NULL,NULL,NULL),(1822,NULL,'1822',9,34,1,1,1,1,15,3,NULL,1,NULL,NULL,NULL,5000,1,NULL,NULL,NULL,NULL,NULL),(1823,NULL,'1823',9,34,1,1,1,1,15,3,NULL,1,NULL,NULL,NULL,5000,1,NULL,NULL,NULL,NULL,NULL),(1824,NULL,'1824',9,34,1,1,1,1,15,3,NULL,1,NULL,NULL,NULL,5000,1,NULL,NULL,NULL,NULL,NULL),(1825,NULL,'1825',9,34,1,1,1,1,15,3,NULL,1,NULL,NULL,NULL,5000,1,NULL,NULL,NULL,NULL,NULL),(1826,NULL,'1826',9,34,1,1,1,1,15,3,NULL,1,NULL,NULL,NULL,5000,1,NULL,NULL,NULL,NULL,NULL),(1827,NULL,'1827',9,34,1,1,1,1,15,3,NULL,1,NULL,NULL,NULL,5000,1,NULL,NULL,NULL,NULL,NULL),(1828,NULL,'1828',9,34,1,1,1,1,15,3,NULL,1,NULL,NULL,NULL,5000,1,NULL,NULL,NULL,NULL,NULL),(1829,NULL,'1829',9,34,1,1,1,1,15,3,NULL,1,NULL,NULL,NULL,5000,1,NULL,NULL,NULL,NULL,NULL),(1830,NULL,'1830',9,34,1,1,1,1,15,3,NULL,1,NULL,NULL,NULL,5000,1,NULL,NULL,NULL,NULL,NULL),(1831,NULL,'1831',9,34,1,1,1,1,15,3,NULL,1,NULL,NULL,NULL,5000,1,NULL,NULL,NULL,NULL,NULL),(1832,NULL,'1832',9,34,1,1,1,1,15,3,NULL,1,NULL,NULL,NULL,5000,1,NULL,NULL,NULL,NULL,NULL),(1833,NULL,'1833',9,34,1,1,1,1,15,3,NULL,1,NULL,NULL,NULL,5000,1,NULL,NULL,NULL,NULL,NULL),(1834,NULL,'1834',9,34,1,1,1,1,15,3,NULL,1,NULL,NULL,NULL,5000,1,NULL,NULL,NULL,NULL,NULL),(1835,NULL,'1835',9,34,1,1,1,1,15,3,NULL,1,NULL,NULL,NULL,5000,1,NULL,NULL,NULL,NULL,NULL),(1836,NULL,'1836',9,34,1,1,1,1,15,3,NULL,1,NULL,NULL,NULL,5000,1,NULL,NULL,NULL,NULL,NULL),(1837,NULL,'1837',9,34,1,1,1,1,15,3,NULL,1,NULL,NULL,NULL,5000,1,NULL,NULL,NULL,NULL,NULL),(1838,NULL,'1838',9,34,1,1,1,1,15,3,NULL,1,NULL,NULL,NULL,5000,1,NULL,NULL,NULL,NULL,NULL),(1839,NULL,'1839',9,34,1,1,1,1,15,3,NULL,1,NULL,NULL,NULL,5000,1,NULL,NULL,NULL,NULL,NULL),(1840,NULL,'1840',9,34,1,1,1,1,15,3,NULL,1,NULL,NULL,NULL,5000,1,NULL,NULL,NULL,NULL,NULL),(1841,NULL,'1841',9,34,1,1,1,1,15,3,NULL,1,NULL,NULL,NULL,5000,1,NULL,NULL,NULL,NULL,NULL),(1842,NULL,'1842',9,34,1,1,1,1,15,3,NULL,1,NULL,NULL,NULL,5000,1,NULL,NULL,NULL,NULL,NULL),(1843,NULL,'1843',9,34,1,1,1,1,15,3,NULL,1,NULL,NULL,NULL,5000,1,NULL,NULL,NULL,NULL,NULL),(1844,NULL,'1844',9,34,1,1,1,1,15,3,NULL,1,NULL,NULL,NULL,5000,1,NULL,NULL,NULL,NULL,NULL),(1845,NULL,'1845',9,34,1,1,1,1,15,3,NULL,1,NULL,NULL,NULL,5000,1,NULL,NULL,NULL,NULL,NULL),(1846,NULL,'1846',9,34,1,1,1,1,15,3,NULL,1,NULL,NULL,NULL,5000,1,NULL,NULL,NULL,NULL,NULL),(1847,NULL,'1847',9,34,1,1,1,1,15,3,NULL,1,NULL,NULL,NULL,5000,1,NULL,NULL,NULL,NULL,NULL),(1848,NULL,'1848',9,34,1,1,1,1,15,3,NULL,1,NULL,NULL,NULL,5000,1,NULL,NULL,NULL,NULL,NULL),(1849,NULL,'1849',9,34,1,1,1,1,15,3,NULL,1,NULL,NULL,NULL,5000,1,NULL,NULL,NULL,NULL,NULL),(1850,NULL,'1850',9,34,1,1,1,1,15,3,NULL,1,NULL,NULL,NULL,5000,1,NULL,NULL,NULL,NULL,NULL),(1851,NULL,'1851',9,34,1,1,1,1,15,3,NULL,1,NULL,NULL,NULL,5000,1,NULL,NULL,NULL,NULL,NULL),(1852,NULL,'1852',9,34,1,1,1,1,15,3,NULL,1,NULL,NULL,NULL,5000,1,NULL,NULL,NULL,NULL,NULL),(1853,NULL,'1853',9,34,1,1,1,1,15,3,NULL,1,NULL,NULL,NULL,5000,1,NULL,NULL,NULL,NULL,NULL),(1854,NULL,'1854',9,34,1,1,1,1,15,3,NULL,1,NULL,NULL,NULL,5000,1,NULL,NULL,NULL,NULL,NULL),(1855,NULL,'1855',9,34,1,1,1,1,15,3,NULL,1,NULL,NULL,NULL,5000,1,NULL,NULL,NULL,NULL,NULL),(1856,NULL,'1856',9,34,1,1,1,1,15,3,NULL,1,NULL,NULL,NULL,5000,1,NULL,NULL,NULL,NULL,NULL),(1857,NULL,'1857',9,34,1,1,1,1,15,3,NULL,1,NULL,NULL,NULL,5000,1,NULL,NULL,NULL,NULL,NULL),(1858,NULL,'1858',9,34,1,1,1,1,15,3,NULL,1,NULL,NULL,NULL,5000,1,NULL,NULL,NULL,NULL,NULL),(1859,NULL,'1859',9,34,1,1,1,1,15,3,NULL,1,NULL,NULL,NULL,5000,1,NULL,NULL,NULL,NULL,NULL),(1860,NULL,'1860',9,34,1,1,1,1,15,3,NULL,1,NULL,NULL,NULL,5000,1,NULL,NULL,NULL,NULL,NULL),(1861,NULL,'1861',9,34,1,1,1,1,15,3,NULL,1,NULL,NULL,NULL,5000,1,NULL,NULL,NULL,NULL,NULL),(1862,NULL,'1862',9,34,1,1,1,1,15,3,NULL,1,NULL,NULL,NULL,5000,1,NULL,NULL,NULL,NULL,NULL),(1863,NULL,'1863',9,34,1,1,1,1,15,3,NULL,1,NULL,NULL,NULL,5000,1,NULL,NULL,NULL,NULL,NULL),(1864,NULL,'1864',9,34,1,1,1,1,15,3,NULL,1,NULL,NULL,NULL,5000,1,NULL,NULL,NULL,NULL,NULL),(1865,NULL,'1865',9,34,1,1,1,1,15,3,NULL,1,NULL,NULL,NULL,5000,1,NULL,NULL,NULL,NULL,NULL),(1866,NULL,'1866',9,34,1,1,1,1,15,3,NULL,1,NULL,NULL,NULL,5000,1,NULL,NULL,NULL,NULL,NULL),(1867,NULL,'1867',9,34,1,1,1,1,15,3,NULL,1,NULL,NULL,NULL,5000,1,NULL,NULL,NULL,NULL,NULL),(1868,NULL,'1868',9,34,1,1,1,1,15,3,NULL,1,NULL,NULL,NULL,5000,1,NULL,NULL,NULL,NULL,NULL),(1869,NULL,'1869',9,34,1,1,1,1,15,3,NULL,1,NULL,NULL,NULL,5000,1,NULL,NULL,NULL,NULL,NULL),(1870,NULL,'1870',9,34,1,1,1,1,15,3,NULL,1,NULL,NULL,NULL,5000,1,NULL,NULL,NULL,NULL,NULL),(1871,NULL,'1871',9,34,1,1,1,1,15,3,NULL,1,NULL,NULL,NULL,5000,1,NULL,NULL,NULL,NULL,NULL),(1872,NULL,'1872',9,34,1,1,1,1,15,3,NULL,1,NULL,NULL,NULL,5000,1,NULL,NULL,NULL,NULL,NULL),(1873,NULL,'1873',9,34,1,1,1,1,15,3,NULL,1,NULL,NULL,NULL,5000,1,NULL,NULL,NULL,NULL,NULL),(1874,NULL,'1874',9,34,1,1,1,1,15,3,NULL,1,NULL,NULL,NULL,5000,1,NULL,NULL,NULL,NULL,NULL),(1875,NULL,'1875',9,34,1,1,1,1,15,3,NULL,1,NULL,NULL,NULL,5000,1,NULL,NULL,NULL,NULL,NULL),(1876,NULL,'1876',9,34,1,1,1,1,15,3,NULL,1,NULL,NULL,NULL,5000,1,NULL,NULL,NULL,NULL,NULL),(1877,NULL,'1877',9,34,1,1,1,1,15,3,NULL,1,NULL,NULL,NULL,5000,1,NULL,NULL,NULL,NULL,NULL),(1878,NULL,'1878',9,34,1,1,1,1,15,3,NULL,1,NULL,NULL,NULL,5000,1,NULL,NULL,NULL,NULL,NULL),(1879,NULL,'1879',9,34,1,1,1,1,15,3,NULL,1,NULL,NULL,NULL,5000,1,NULL,NULL,NULL,NULL,NULL),(1880,NULL,'1880',9,34,1,1,1,1,15,3,NULL,1,NULL,NULL,NULL,5000,1,NULL,NULL,NULL,NULL,NULL),(1881,NULL,'1881',9,34,1,1,1,1,15,3,NULL,1,NULL,NULL,NULL,5000,1,NULL,NULL,NULL,NULL,NULL),(1882,NULL,'1882',9,34,1,1,1,1,15,3,NULL,1,NULL,NULL,NULL,5000,1,NULL,NULL,NULL,NULL,NULL),(1883,NULL,'1883',9,34,1,1,1,1,15,3,NULL,1,NULL,NULL,NULL,5000,1,NULL,NULL,NULL,NULL,NULL),(1884,NULL,'1884',9,34,1,1,1,1,15,3,NULL,1,NULL,NULL,NULL,5000,1,NULL,NULL,NULL,NULL,NULL),(1885,NULL,'1885',9,34,1,1,1,1,15,3,NULL,1,NULL,NULL,NULL,5000,1,NULL,NULL,NULL,NULL,NULL),(1886,NULL,'1886',9,34,1,1,1,1,15,3,NULL,1,NULL,NULL,NULL,5000,1,NULL,NULL,NULL,NULL,NULL),(1887,NULL,'1887',9,34,1,1,1,1,15,3,NULL,1,NULL,NULL,NULL,5000,1,NULL,NULL,NULL,NULL,NULL),(1888,NULL,'1888',9,34,1,1,1,1,15,3,NULL,1,NULL,NULL,NULL,5000,1,NULL,NULL,NULL,NULL,NULL),(1889,NULL,'1889',9,34,1,1,1,1,15,3,NULL,1,NULL,NULL,NULL,5000,1,NULL,NULL,NULL,NULL,NULL),(1890,NULL,'1890',9,34,1,1,1,1,15,3,NULL,1,NULL,NULL,NULL,5000,1,NULL,NULL,NULL,NULL,NULL),(1891,NULL,'1891',9,34,1,1,1,1,15,3,NULL,1,NULL,NULL,NULL,5000,1,NULL,NULL,NULL,NULL,NULL),(1892,NULL,'1892',9,34,1,1,1,1,15,3,NULL,1,NULL,NULL,NULL,5000,1,NULL,NULL,NULL,NULL,NULL),(1893,NULL,'1893',9,34,1,1,1,1,15,3,NULL,1,NULL,NULL,NULL,5000,1,NULL,NULL,NULL,NULL,NULL),(1894,NULL,'1894',9,34,1,1,1,1,15,3,NULL,1,NULL,NULL,NULL,5000,1,NULL,NULL,NULL,NULL,NULL),(1895,NULL,'1895',9,34,1,1,1,1,15,3,NULL,1,NULL,NULL,NULL,5000,1,NULL,NULL,NULL,NULL,NULL),(1896,NULL,'1896',9,34,1,1,1,1,15,3,NULL,1,NULL,NULL,NULL,5000,1,NULL,NULL,NULL,NULL,NULL),(1897,NULL,'1897',9,34,1,1,1,1,15,3,NULL,1,NULL,NULL,NULL,5000,1,NULL,NULL,NULL,NULL,NULL),(1898,NULL,'1898',9,34,1,1,1,1,15,3,NULL,1,NULL,NULL,NULL,5000,1,NULL,NULL,NULL,NULL,NULL),(1899,NULL,'1899',9,34,1,1,1,1,15,3,NULL,1,NULL,NULL,NULL,5000,1,NULL,NULL,NULL,NULL,NULL),(1900,NULL,'1900',9,34,1,1,1,1,15,3,NULL,1,NULL,NULL,NULL,5000,1,NULL,NULL,NULL,NULL,NULL),(1901,NULL,'1901',9,34,1,1,1,1,15,3,NULL,1,NULL,NULL,NULL,5000,1,NULL,NULL,NULL,NULL,NULL),(1902,NULL,'1902',9,34,1,1,1,1,15,3,NULL,1,NULL,NULL,NULL,5000,1,NULL,NULL,NULL,NULL,NULL),(1903,NULL,'1903',9,34,1,1,1,1,15,3,NULL,1,NULL,NULL,NULL,5000,1,NULL,NULL,NULL,NULL,NULL),(1904,NULL,'1904',9,34,1,1,1,1,15,3,NULL,1,NULL,NULL,NULL,5000,1,NULL,NULL,NULL,NULL,NULL),(1905,NULL,'1905',9,34,1,1,1,1,15,3,NULL,1,NULL,NULL,NULL,5000,1,NULL,NULL,NULL,NULL,NULL),(1906,NULL,'1906',9,34,1,1,1,1,15,3,NULL,1,NULL,NULL,NULL,5000,1,NULL,NULL,NULL,NULL,NULL),(1907,NULL,'1907',9,34,1,1,1,1,15,3,NULL,1,NULL,NULL,NULL,5000,1,NULL,NULL,NULL,NULL,NULL),(1908,NULL,'1908',9,34,1,1,1,1,15,3,NULL,1,NULL,NULL,NULL,5000,1,NULL,NULL,NULL,NULL,NULL),(1909,NULL,'1909',9,34,1,1,1,1,15,3,NULL,1,NULL,NULL,NULL,5000,1,NULL,NULL,NULL,NULL,NULL),(1910,NULL,'1910',9,34,1,1,1,1,15,3,NULL,1,NULL,NULL,NULL,5000,1,NULL,NULL,NULL,NULL,NULL),(1911,NULL,'1911',9,34,1,1,1,1,15,3,NULL,1,NULL,NULL,NULL,5000,1,NULL,NULL,NULL,NULL,NULL),(1912,NULL,'1912',9,34,1,1,1,1,15,3,NULL,1,NULL,NULL,NULL,5000,1,NULL,NULL,NULL,NULL,NULL),(1913,NULL,'1913',9,34,1,1,1,1,15,3,NULL,1,NULL,NULL,NULL,5000,1,NULL,NULL,NULL,NULL,NULL),(1914,NULL,'1914',9,34,1,1,1,1,15,3,NULL,1,NULL,NULL,NULL,5000,1,NULL,NULL,NULL,NULL,NULL),(1915,NULL,'1915',9,34,1,1,1,1,15,3,NULL,1,NULL,NULL,NULL,5000,1,NULL,NULL,NULL,NULL,NULL),(1916,NULL,'1916',9,34,1,1,1,1,15,3,NULL,1,NULL,NULL,NULL,5000,1,NULL,NULL,NULL,NULL,NULL),(1917,NULL,'1917',9,34,1,1,1,1,15,3,NULL,1,NULL,NULL,NULL,5000,1,NULL,NULL,NULL,NULL,NULL),(1918,NULL,'1918',9,34,1,1,1,1,15,3,NULL,1,NULL,NULL,NULL,5000,1,NULL,NULL,NULL,NULL,NULL),(1919,NULL,'1919',9,34,1,1,1,1,15,3,NULL,1,NULL,NULL,NULL,5000,1,NULL,NULL,NULL,NULL,NULL),(1920,NULL,'1920',9,34,1,1,1,1,15,3,NULL,1,NULL,NULL,NULL,5000,1,NULL,NULL,NULL,NULL,NULL),(1921,NULL,'1921',9,34,1,1,1,1,15,3,NULL,1,NULL,NULL,NULL,5000,1,NULL,NULL,NULL,NULL,NULL),(1922,NULL,'1922',9,34,1,1,1,1,15,3,NULL,1,NULL,NULL,NULL,5000,1,NULL,NULL,NULL,NULL,NULL),(1923,NULL,'1923',9,34,1,1,1,1,15,3,NULL,1,NULL,NULL,NULL,5000,1,NULL,NULL,NULL,NULL,NULL),(1924,NULL,'1924',9,34,1,1,1,1,15,3,NULL,1,NULL,NULL,NULL,5000,1,NULL,NULL,NULL,NULL,NULL),(1925,NULL,'1925',9,34,1,1,1,1,15,3,NULL,1,NULL,NULL,NULL,5000,1,NULL,NULL,NULL,NULL,NULL),(1926,NULL,'1926',9,34,1,1,1,1,15,3,NULL,1,NULL,NULL,NULL,5000,1,NULL,NULL,NULL,NULL,NULL),(1927,NULL,'1927',9,34,1,1,1,1,15,3,NULL,1,NULL,NULL,NULL,5000,1,NULL,NULL,NULL,NULL,NULL),(1928,NULL,'1928',9,34,1,1,1,1,15,3,NULL,1,NULL,NULL,NULL,5000,1,NULL,NULL,NULL,NULL,NULL),(1929,NULL,'1929',9,34,1,1,1,1,15,3,NULL,1,NULL,NULL,NULL,5000,1,NULL,NULL,NULL,NULL,NULL),(1930,NULL,'1930',9,34,1,1,1,1,15,3,NULL,1,NULL,NULL,NULL,5000,1,NULL,NULL,NULL,NULL,NULL),(1931,NULL,'1931',9,34,1,1,1,1,15,3,NULL,1,NULL,NULL,NULL,5000,1,NULL,NULL,NULL,NULL,NULL),(1932,NULL,'1932',9,34,1,1,1,1,15,3,NULL,1,NULL,NULL,NULL,5000,1,NULL,NULL,NULL,NULL,NULL),(1933,NULL,'1933',9,34,1,1,1,1,15,3,NULL,1,NULL,NULL,NULL,5000,1,NULL,NULL,NULL,NULL,NULL),(1934,NULL,'1934',9,34,1,1,1,1,15,3,NULL,1,NULL,NULL,NULL,5000,1,NULL,NULL,NULL,NULL,NULL),(1935,NULL,'1935',9,34,1,1,1,1,15,3,NULL,1,NULL,NULL,NULL,5000,1,NULL,NULL,NULL,NULL,NULL),(1936,NULL,'1936',9,34,1,1,1,1,15,3,NULL,1,NULL,NULL,NULL,5000,1,NULL,NULL,NULL,NULL,NULL),(1937,NULL,'1937',9,34,1,1,1,1,15,3,NULL,1,NULL,NULL,NULL,5000,1,NULL,NULL,NULL,NULL,NULL),(1938,NULL,'1938',9,34,1,1,1,1,15,3,NULL,1,NULL,NULL,NULL,5000,1,NULL,NULL,NULL,NULL,NULL),(1939,NULL,'1939',9,34,1,1,1,1,15,3,NULL,1,NULL,NULL,NULL,5000,1,NULL,NULL,NULL,NULL,NULL),(1940,NULL,'1940',9,34,1,1,1,1,15,3,NULL,1,NULL,NULL,NULL,5000,1,NULL,NULL,NULL,NULL,NULL),(1941,NULL,'1941',9,34,1,1,1,1,15,3,NULL,1,NULL,NULL,NULL,5000,1,NULL,NULL,NULL,NULL,NULL),(1942,NULL,'1942',9,34,1,1,1,1,15,3,NULL,1,NULL,NULL,NULL,5000,1,NULL,NULL,NULL,NULL,NULL),(1943,NULL,'1943',9,34,1,1,1,1,15,3,NULL,1,NULL,NULL,NULL,5000,1,NULL,NULL,NULL,NULL,NULL),(1944,NULL,'1944',9,34,1,1,1,1,15,3,NULL,1,NULL,NULL,NULL,5000,1,NULL,NULL,NULL,NULL,NULL),(1945,NULL,'1945',9,34,1,1,1,1,15,3,NULL,1,NULL,NULL,NULL,5000,1,NULL,NULL,NULL,NULL,NULL),(1946,NULL,'1946',9,34,1,1,1,1,15,3,NULL,1,NULL,NULL,NULL,5000,1,NULL,NULL,NULL,NULL,NULL),(1947,NULL,'1947',9,34,1,1,1,1,15,3,NULL,1,NULL,NULL,NULL,5000,1,NULL,NULL,NULL,NULL,NULL),(1948,NULL,'1948',9,34,1,1,1,1,15,3,NULL,1,NULL,NULL,NULL,5000,1,NULL,NULL,NULL,NULL,NULL),(1949,NULL,'1949',9,34,1,1,1,1,15,3,NULL,1,NULL,NULL,NULL,5000,1,NULL,NULL,NULL,NULL,NULL),(1950,NULL,'1950',9,34,1,1,1,1,15,3,NULL,1,NULL,NULL,NULL,5000,1,NULL,NULL,NULL,NULL,NULL),(1951,NULL,'1951',9,34,1,1,1,1,15,3,NULL,1,NULL,NULL,NULL,5000,1,NULL,NULL,NULL,NULL,NULL),(1952,NULL,'1952',9,34,1,1,1,1,15,3,NULL,1,NULL,NULL,NULL,5000,1,NULL,NULL,NULL,NULL,NULL),(1953,NULL,'1953',9,34,1,1,1,1,15,3,NULL,1,NULL,NULL,NULL,5000,1,NULL,NULL,NULL,NULL,NULL),(1954,NULL,'1954',9,34,1,1,1,1,15,3,NULL,1,NULL,NULL,NULL,5000,1,NULL,NULL,NULL,NULL,NULL),(1955,NULL,'1955',9,34,1,1,1,1,15,3,NULL,1,NULL,NULL,NULL,5000,1,NULL,NULL,NULL,NULL,NULL),(1956,NULL,'1956',9,34,1,1,1,1,15,3,NULL,1,NULL,NULL,NULL,5000,1,NULL,NULL,NULL,NULL,NULL),(1957,NULL,'1957',9,34,1,1,1,1,15,3,NULL,1,NULL,NULL,NULL,5000,1,NULL,NULL,NULL,NULL,NULL),(1958,NULL,'1958',9,34,1,1,1,1,15,3,NULL,1,NULL,NULL,NULL,5000,1,NULL,NULL,NULL,NULL,NULL),(1959,NULL,'1959',9,34,1,1,1,1,15,3,NULL,1,NULL,NULL,NULL,5000,1,NULL,NULL,NULL,NULL,NULL),(1960,NULL,'1960',9,34,1,1,1,1,15,3,NULL,1,NULL,NULL,NULL,5000,1,NULL,NULL,NULL,NULL,NULL),(1961,NULL,'1961',9,34,1,1,1,1,15,3,NULL,1,NULL,NULL,NULL,5000,1,NULL,NULL,NULL,NULL,NULL),(1962,NULL,'1962',9,34,1,1,1,1,15,3,NULL,1,NULL,NULL,NULL,5000,1,NULL,NULL,NULL,NULL,NULL),(1963,NULL,'1963',9,34,1,1,1,1,15,3,NULL,1,NULL,NULL,NULL,5000,1,NULL,NULL,NULL,NULL,NULL),(1964,NULL,'1964',9,34,1,1,1,1,15,3,NULL,1,NULL,NULL,NULL,5000,1,NULL,NULL,NULL,NULL,NULL),(1965,NULL,'1965',9,34,1,1,1,1,15,3,NULL,1,NULL,NULL,NULL,5000,1,NULL,NULL,NULL,NULL,NULL),(1966,NULL,'1966',9,34,1,1,1,1,15,3,NULL,1,NULL,NULL,NULL,5000,1,NULL,NULL,NULL,NULL,NULL),(1967,NULL,'1967',9,34,1,1,1,1,15,3,NULL,1,NULL,NULL,NULL,5000,1,NULL,NULL,NULL,NULL,NULL),(1968,NULL,'1968',9,34,1,1,1,1,15,3,NULL,1,NULL,NULL,NULL,5000,1,NULL,NULL,NULL,NULL,NULL),(1969,NULL,'1969',9,34,1,1,1,1,15,3,NULL,1,NULL,NULL,NULL,5000,1,NULL,NULL,NULL,NULL,NULL),(1970,NULL,'1970',9,34,1,1,1,1,15,3,NULL,1,NULL,NULL,NULL,5000,1,NULL,NULL,NULL,NULL,NULL),(1971,NULL,'1971',9,34,1,1,1,1,15,3,NULL,1,NULL,NULL,NULL,5000,1,NULL,NULL,NULL,NULL,NULL),(1972,NULL,'1972',9,34,1,1,1,1,15,3,NULL,1,NULL,NULL,NULL,5000,1,NULL,NULL,NULL,NULL,NULL),(1973,NULL,'1973',9,34,1,1,1,1,15,3,NULL,1,NULL,NULL,NULL,5000,1,NULL,NULL,NULL,NULL,NULL),(1974,NULL,'1974',9,34,1,1,1,1,15,3,NULL,1,NULL,NULL,NULL,5000,1,NULL,NULL,NULL,NULL,NULL),(1975,NULL,'1975',9,34,1,1,1,1,15,3,NULL,1,NULL,NULL,NULL,5000,1,NULL,NULL,NULL,NULL,NULL),(1976,NULL,'1976',9,34,1,1,1,1,15,3,NULL,1,NULL,NULL,NULL,5000,1,NULL,NULL,NULL,NULL,NULL),(1977,NULL,'1977',9,34,1,1,1,1,15,3,NULL,1,NULL,NULL,NULL,5000,1,NULL,NULL,NULL,NULL,NULL),(1978,NULL,'1978',9,34,1,1,1,1,15,3,NULL,1,NULL,NULL,NULL,5000,1,NULL,NULL,NULL,NULL,NULL),(1979,NULL,'1979',9,34,1,1,1,1,15,3,NULL,1,NULL,NULL,NULL,5000,1,NULL,NULL,NULL,NULL,NULL),(1980,NULL,'1980',9,34,1,1,1,1,15,3,NULL,1,NULL,NULL,NULL,5000,1,NULL,NULL,NULL,NULL,NULL),(1981,NULL,'1981',9,34,1,1,1,1,15,3,NULL,1,NULL,NULL,NULL,5000,1,NULL,NULL,NULL,NULL,NULL),(1982,NULL,'1982',9,34,1,1,1,1,15,3,NULL,1,NULL,NULL,NULL,5000,1,NULL,NULL,NULL,NULL,NULL),(1983,NULL,'1983',9,34,1,1,1,1,15,3,NULL,1,NULL,NULL,NULL,5000,1,NULL,NULL,NULL,NULL,NULL),(1984,NULL,'1984',9,34,1,1,1,1,15,3,NULL,1,NULL,NULL,NULL,5000,1,NULL,NULL,NULL,NULL,NULL),(1985,NULL,'1985',9,34,1,1,1,1,15,3,NULL,1,NULL,NULL,NULL,5000,1,NULL,NULL,NULL,NULL,NULL),(1986,NULL,'1986',9,34,1,1,1,1,15,3,NULL,1,NULL,NULL,NULL,5000,1,NULL,NULL,NULL,NULL,NULL),(1987,NULL,'1987',9,34,1,1,1,1,15,3,NULL,1,NULL,NULL,NULL,5000,1,NULL,NULL,NULL,NULL,NULL),(1988,NULL,'1988',9,34,1,1,1,1,15,3,NULL,1,NULL,NULL,NULL,5000,1,NULL,NULL,NULL,NULL,NULL),(1989,NULL,'1989',9,34,1,1,1,1,15,3,NULL,1,NULL,NULL,NULL,5000,1,NULL,NULL,NULL,NULL,NULL),(1990,NULL,'1990',9,34,1,1,1,1,15,3,NULL,1,NULL,NULL,NULL,5000,1,NULL,NULL,NULL,NULL,NULL),(1991,NULL,'1991',9,34,1,1,1,1,15,3,NULL,1,NULL,NULL,NULL,5000,1,NULL,NULL,NULL,NULL,NULL),(1992,NULL,'1992',9,34,1,1,1,1,15,3,NULL,1,NULL,NULL,NULL,5000,1,NULL,NULL,NULL,NULL,NULL),(1993,NULL,'1993',9,34,1,1,1,1,15,3,NULL,1,NULL,NULL,NULL,5000,1,NULL,NULL,NULL,NULL,NULL),(1994,NULL,'1994',9,34,1,1,1,1,15,3,NULL,1,NULL,NULL,NULL,5000,1,NULL,NULL,NULL,NULL,NULL),(1995,NULL,'1995',9,34,1,1,1,1,15,3,NULL,1,NULL,NULL,NULL,5000,1,NULL,NULL,NULL,NULL,NULL),(1996,NULL,'1996',9,34,1,1,1,1,15,3,NULL,1,NULL,NULL,NULL,5000,1,NULL,NULL,NULL,NULL,NULL),(1997,NULL,'1997',9,34,1,1,1,1,15,3,NULL,1,NULL,NULL,NULL,5000,1,NULL,NULL,NULL,NULL,NULL),(1998,NULL,'1998',9,34,1,1,1,1,15,3,NULL,1,NULL,NULL,NULL,5000,1,NULL,NULL,NULL,NULL,NULL),(1999,NULL,'1999',9,34,1,1,1,1,15,3,NULL,1,NULL,NULL,NULL,5000,1,NULL,NULL,NULL,NULL,NULL),(2000,NULL,'2000',9,34,1,1,1,1,15,3,NULL,1,NULL,NULL,NULL,5000,1,NULL,NULL,NULL,NULL,NULL),(2001,NULL,'2001',9,34,1,1,1,1,15,3,NULL,1,NULL,NULL,NULL,5000,1,NULL,NULL,NULL,NULL,NULL),(2002,NULL,'2002',9,34,1,1,1,1,15,3,NULL,1,NULL,NULL,NULL,5000,1,NULL,NULL,NULL,NULL,NULL),(2003,NULL,'2003',9,34,1,1,1,1,15,3,NULL,1,NULL,NULL,NULL,5000,1,NULL,NULL,NULL,NULL,NULL),(2004,NULL,'2004',9,34,1,1,1,1,15,3,NULL,1,NULL,NULL,NULL,5000,1,NULL,NULL,NULL,NULL,NULL),(2005,NULL,'2005',9,34,1,1,1,1,15,3,NULL,1,NULL,NULL,NULL,5000,1,NULL,NULL,NULL,NULL,NULL),(2006,NULL,'2006',9,34,1,1,1,1,15,3,NULL,1,NULL,NULL,NULL,5000,1,NULL,NULL,NULL,NULL,NULL),(2007,NULL,'2007',9,34,1,1,1,1,15,3,NULL,1,NULL,NULL,NULL,5000,1,NULL,NULL,NULL,NULL,NULL),(2008,NULL,'2008',9,34,1,1,1,1,15,3,NULL,1,NULL,NULL,NULL,5000,1,NULL,NULL,NULL,NULL,NULL),(2009,NULL,'2009',9,34,1,1,1,1,15,3,NULL,1,NULL,NULL,NULL,5000,1,NULL,NULL,NULL,NULL,NULL),(2010,NULL,'2010',9,34,1,1,1,1,15,3,NULL,1,NULL,NULL,NULL,5000,1,NULL,NULL,NULL,NULL,NULL),(2011,NULL,'2011',9,34,1,1,1,1,15,3,NULL,1,NULL,NULL,NULL,5000,1,NULL,NULL,NULL,NULL,NULL),(2012,NULL,'2012',9,34,1,1,1,1,15,3,NULL,1,NULL,NULL,NULL,5000,1,NULL,NULL,NULL,NULL,NULL),(2013,NULL,'2013',9,34,1,1,1,1,15,3,NULL,1,NULL,NULL,NULL,5000,1,NULL,NULL,NULL,NULL,NULL),(2014,NULL,'2014',9,34,1,1,1,1,15,3,NULL,1,NULL,NULL,NULL,5000,1,NULL,NULL,NULL,NULL,NULL),(2015,NULL,'2015',9,34,1,1,1,1,15,3,NULL,1,NULL,NULL,NULL,5000,1,NULL,NULL,NULL,NULL,NULL),(2016,NULL,'2016',9,34,1,1,1,1,15,3,NULL,1,NULL,NULL,NULL,5000,1,NULL,NULL,NULL,NULL,NULL),(2017,NULL,'2017',9,34,1,1,1,1,15,3,NULL,1,NULL,NULL,NULL,5000,1,NULL,NULL,NULL,NULL,NULL),(2018,NULL,'2018',9,34,1,1,1,1,15,3,NULL,1,NULL,NULL,NULL,5000,1,NULL,NULL,NULL,NULL,NULL),(2019,NULL,'2019',9,34,1,1,1,1,15,3,NULL,1,NULL,NULL,NULL,5000,1,NULL,NULL,NULL,NULL,NULL),(2020,NULL,'2020',9,34,1,1,1,1,15,3,NULL,1,NULL,NULL,NULL,5000,1,NULL,NULL,NULL,NULL,NULL),(2021,NULL,'2021',9,34,1,1,1,1,15,3,NULL,1,NULL,NULL,NULL,5000,1,NULL,NULL,NULL,NULL,NULL),(2022,NULL,'2022',9,34,1,1,1,1,15,3,NULL,1,NULL,NULL,NULL,5000,1,NULL,NULL,NULL,NULL,NULL),(2023,NULL,'2023',9,34,1,1,1,1,15,3,NULL,1,NULL,NULL,NULL,5000,1,NULL,NULL,NULL,NULL,NULL),(2024,NULL,'2024',9,34,1,1,1,1,15,3,NULL,1,NULL,NULL,NULL,5000,1,NULL,NULL,NULL,NULL,NULL),(2025,NULL,'2025',9,34,1,1,1,1,15,3,NULL,1,NULL,NULL,NULL,5000,1,NULL,NULL,NULL,NULL,NULL),(2026,NULL,'2026',9,34,1,1,1,1,15,3,NULL,1,NULL,NULL,NULL,5000,1,NULL,NULL,NULL,NULL,NULL),(2027,NULL,'2027',9,34,1,1,1,1,15,3,NULL,1,NULL,NULL,NULL,5000,1,NULL,NULL,NULL,NULL,NULL),(2028,NULL,'2028',9,34,1,1,1,1,15,3,NULL,1,NULL,NULL,NULL,5000,1,NULL,NULL,NULL,NULL,NULL),(2029,NULL,'2029',9,34,1,1,1,1,15,3,NULL,1,NULL,NULL,NULL,5000,1,NULL,NULL,NULL,NULL,NULL),(2030,NULL,'2030',9,34,1,1,1,1,15,3,NULL,1,NULL,NULL,NULL,5000,1,NULL,NULL,NULL,NULL,NULL),(2031,NULL,'2031',9,34,1,1,1,1,15,3,NULL,1,NULL,NULL,NULL,5000,1,NULL,NULL,NULL,NULL,NULL),(2032,NULL,'2032',9,34,1,1,1,1,15,3,NULL,1,NULL,NULL,NULL,5000,1,NULL,NULL,NULL,NULL,NULL),(2033,NULL,'2033',9,34,1,1,1,1,15,3,NULL,1,NULL,NULL,NULL,5000,1,NULL,NULL,NULL,NULL,NULL),(2034,NULL,'2034',9,34,1,1,1,1,15,3,NULL,1,NULL,NULL,NULL,5000,1,NULL,NULL,NULL,NULL,NULL),(2035,NULL,'2035',9,34,1,1,1,1,15,3,NULL,1,NULL,NULL,NULL,5000,1,NULL,NULL,NULL,NULL,NULL),(2036,NULL,'2036',9,34,1,1,1,1,15,3,NULL,1,NULL,NULL,NULL,5000,1,NULL,NULL,NULL,NULL,NULL),(2037,NULL,'2037',9,34,1,1,1,1,15,3,NULL,1,NULL,NULL,NULL,5000,1,NULL,NULL,NULL,NULL,NULL),(2038,NULL,'2038',9,34,1,1,1,1,15,3,NULL,1,NULL,NULL,NULL,5000,1,NULL,NULL,NULL,NULL,NULL),(2039,NULL,'2039',9,34,1,1,1,1,15,3,NULL,1,NULL,NULL,NULL,5000,1,NULL,NULL,NULL,NULL,NULL),(2040,NULL,'2040',9,34,1,1,1,1,15,3,NULL,1,NULL,NULL,NULL,5000,1,NULL,NULL,NULL,NULL,NULL),(2041,NULL,'2041',9,34,1,1,1,1,15,3,NULL,1,NULL,NULL,NULL,5000,1,NULL,NULL,NULL,NULL,NULL),(2042,NULL,'2042',9,34,1,1,1,1,15,3,NULL,1,NULL,NULL,NULL,5000,1,NULL,NULL,NULL,NULL,NULL),(2043,NULL,'2043',9,34,1,1,1,1,15,3,NULL,1,NULL,NULL,NULL,5000,1,NULL,NULL,NULL,NULL,NULL),(2044,NULL,'2044',9,34,1,1,1,1,15,3,NULL,1,NULL,NULL,NULL,5000,1,NULL,NULL,NULL,NULL,NULL),(2045,NULL,'2045',9,34,1,1,1,1,15,3,NULL,1,NULL,NULL,NULL,5000,1,NULL,NULL,NULL,NULL,NULL),(2046,NULL,'2046',9,34,1,1,1,1,15,3,NULL,1,NULL,NULL,NULL,5000,1,NULL,NULL,NULL,NULL,NULL),(2047,NULL,'2047',9,34,1,1,1,1,15,3,NULL,1,NULL,NULL,NULL,5000,1,NULL,NULL,NULL,NULL,NULL),(2048,NULL,'2048',9,34,1,1,1,1,15,3,NULL,1,NULL,NULL,NULL,5000,1,NULL,NULL,NULL,NULL,NULL),(2049,NULL,'2049',9,34,1,1,1,1,15,3,NULL,1,NULL,NULL,NULL,5000,1,NULL,NULL,NULL,NULL,NULL),(2050,NULL,'2050',9,34,1,1,1,1,15,3,NULL,1,NULL,NULL,NULL,5000,1,NULL,NULL,NULL,NULL,NULL),(2051,NULL,'2051',9,34,1,1,1,1,15,3,NULL,1,NULL,NULL,NULL,5000,1,NULL,NULL,NULL,NULL,NULL),(2052,NULL,'2052',9,34,1,1,1,1,15,3,NULL,1,NULL,NULL,NULL,5000,1,NULL,NULL,NULL,NULL,NULL),(2053,NULL,'2053',9,34,1,1,1,1,15,3,NULL,1,NULL,NULL,NULL,5000,1,NULL,NULL,NULL,NULL,NULL),(2054,NULL,'2054',9,34,1,1,1,1,15,3,NULL,1,NULL,NULL,NULL,5000,1,NULL,NULL,NULL,NULL,NULL),(2055,NULL,'2055',9,34,1,1,1,1,15,3,NULL,1,NULL,NULL,NULL,5000,1,NULL,NULL,NULL,NULL,NULL),(2056,NULL,'2056',9,34,1,1,1,1,15,3,NULL,1,NULL,NULL,NULL,5000,1,NULL,NULL,NULL,NULL,NULL),(2057,NULL,'2057',9,34,1,1,1,1,15,3,NULL,1,NULL,NULL,NULL,5000,1,NULL,NULL,NULL,NULL,NULL),(2058,NULL,'2058',9,34,1,1,1,1,15,3,NULL,1,NULL,NULL,NULL,5000,1,NULL,NULL,NULL,NULL,NULL),(2059,NULL,'2059',9,34,1,1,1,1,15,3,NULL,1,NULL,NULL,NULL,5000,1,NULL,NULL,NULL,NULL,NULL),(2060,NULL,'2060',9,34,1,1,1,1,15,3,NULL,1,NULL,NULL,NULL,5000,1,NULL,NULL,NULL,NULL,NULL),(2061,NULL,'2061',9,34,1,1,1,1,15,3,NULL,1,NULL,NULL,NULL,5000,1,NULL,NULL,NULL,NULL,NULL),(2062,NULL,'2062',9,34,1,1,1,1,15,3,NULL,1,NULL,NULL,NULL,5000,1,NULL,NULL,NULL,NULL,NULL),(2063,NULL,'2063',9,34,1,1,1,1,15,3,NULL,1,NULL,NULL,NULL,5000,1,NULL,NULL,NULL,NULL,NULL),(2064,NULL,'2064',9,34,1,1,1,1,15,3,NULL,1,NULL,NULL,NULL,5000,1,NULL,NULL,NULL,NULL,NULL),(2065,NULL,'2065',9,34,1,1,1,1,15,3,NULL,1,NULL,NULL,NULL,5000,1,NULL,NULL,NULL,NULL,NULL),(2066,NULL,'2066',9,34,1,1,1,1,15,3,NULL,1,NULL,NULL,NULL,5000,1,NULL,NULL,NULL,NULL,NULL),(2067,NULL,'2067',9,34,1,1,1,1,15,3,NULL,1,NULL,NULL,NULL,5000,1,NULL,NULL,NULL,NULL,NULL),(2068,NULL,'2068',9,34,1,1,1,1,15,3,NULL,1,NULL,NULL,NULL,5000,1,NULL,NULL,NULL,NULL,NULL),(2069,NULL,'2069',9,34,1,1,1,1,15,3,NULL,1,NULL,NULL,NULL,5000,1,NULL,NULL,NULL,NULL,NULL),(2070,NULL,'2070',9,34,1,1,1,1,15,3,NULL,1,NULL,NULL,NULL,5000,1,NULL,NULL,NULL,NULL,NULL),(2071,NULL,'2071',9,34,1,1,1,1,15,3,NULL,1,NULL,NULL,NULL,5000,1,NULL,NULL,NULL,NULL,NULL),(2072,NULL,'2072',9,34,1,1,1,1,15,3,NULL,1,NULL,NULL,NULL,5000,1,NULL,NULL,NULL,NULL,NULL),(2073,NULL,'2073',9,34,1,1,1,1,15,3,NULL,1,NULL,NULL,NULL,5000,1,NULL,NULL,NULL,NULL,NULL),(2074,NULL,'2074',9,34,1,1,1,1,15,3,NULL,1,NULL,NULL,NULL,5000,1,NULL,NULL,NULL,NULL,NULL),(2075,NULL,'2075',9,34,1,1,1,1,15,3,NULL,1,NULL,NULL,NULL,5000,1,NULL,NULL,NULL,NULL,NULL),(2076,NULL,'2076',9,34,1,1,1,1,15,3,NULL,1,NULL,NULL,NULL,5000,1,NULL,NULL,NULL,NULL,NULL),(2077,NULL,'2077',9,34,1,1,1,1,15,3,NULL,1,NULL,NULL,NULL,5000,1,NULL,NULL,NULL,NULL,NULL),(2078,NULL,'2078',9,34,1,1,1,1,15,3,NULL,1,NULL,NULL,NULL,5000,1,NULL,NULL,NULL,NULL,NULL),(2079,NULL,'2079',9,34,1,1,1,1,15,3,NULL,1,NULL,NULL,NULL,5000,1,NULL,NULL,NULL,NULL,NULL),(2080,NULL,'2080',9,34,1,1,1,1,15,3,NULL,1,NULL,NULL,NULL,5000,1,NULL,NULL,NULL,NULL,NULL),(2081,NULL,'2081',9,34,1,1,1,1,15,3,NULL,1,NULL,NULL,NULL,5000,1,NULL,NULL,NULL,NULL,NULL),(2082,NULL,'2082',9,34,1,1,1,1,15,3,NULL,1,NULL,NULL,NULL,5000,1,NULL,NULL,NULL,NULL,NULL),(2083,NULL,'2083',9,34,1,1,1,1,15,3,NULL,1,NULL,NULL,NULL,5000,1,NULL,NULL,NULL,NULL,NULL),(2084,NULL,'2084',9,34,1,1,1,1,15,3,NULL,1,NULL,NULL,NULL,5000,1,NULL,NULL,NULL,NULL,NULL),(2085,NULL,'2085',9,34,1,1,1,1,15,3,NULL,1,NULL,NULL,NULL,5000,1,NULL,NULL,NULL,NULL,NULL),(2086,NULL,'2086',9,34,1,1,1,1,15,3,NULL,1,NULL,NULL,NULL,5000,1,NULL,NULL,NULL,NULL,NULL),(2087,NULL,'2087',9,34,1,1,1,1,15,3,NULL,1,NULL,NULL,NULL,5000,1,NULL,NULL,NULL,NULL,NULL),(2088,NULL,'2088',9,34,1,1,1,1,15,3,NULL,1,NULL,NULL,NULL,5000,1,NULL,NULL,NULL,NULL,NULL),(2089,NULL,'2089',9,34,1,1,1,1,15,3,NULL,1,NULL,NULL,NULL,5000,1,NULL,NULL,NULL,NULL,NULL),(2090,NULL,'2090',9,34,1,1,1,1,15,3,NULL,1,NULL,NULL,NULL,5000,1,NULL,NULL,NULL,NULL,NULL),(2091,NULL,'2091',9,34,1,1,1,1,15,3,NULL,1,NULL,NULL,NULL,5000,1,NULL,NULL,NULL,NULL,NULL),(2092,NULL,'2092',9,34,1,1,1,1,15,3,NULL,1,NULL,NULL,NULL,5000,1,NULL,NULL,NULL,NULL,NULL),(2093,NULL,'2093',9,34,1,1,1,1,15,3,NULL,1,NULL,NULL,NULL,5000,1,NULL,NULL,NULL,NULL,NULL),(2094,NULL,'2094',9,34,1,1,1,1,15,3,NULL,1,NULL,NULL,NULL,5000,1,NULL,NULL,NULL,NULL,NULL),(2095,NULL,'2095',9,34,1,1,1,1,15,3,NULL,1,NULL,NULL,NULL,5000,1,NULL,NULL,NULL,NULL,NULL),(2096,NULL,'2096',9,34,1,1,1,1,15,3,NULL,1,NULL,NULL,NULL,5000,1,NULL,NULL,NULL,NULL,NULL),(2097,NULL,'2097',9,34,1,1,1,1,15,3,NULL,1,NULL,NULL,NULL,5000,1,NULL,NULL,NULL,NULL,NULL),(2098,NULL,'2098',9,34,1,1,1,1,15,3,NULL,1,NULL,NULL,NULL,5000,1,NULL,NULL,NULL,NULL,NULL),(2099,NULL,'2099',9,34,1,1,1,1,15,3,NULL,1,NULL,NULL,NULL,5000,1,NULL,NULL,NULL,NULL,NULL),(2100,NULL,'2100',9,34,1,1,1,1,15,3,NULL,1,NULL,NULL,NULL,5000,1,NULL,NULL,NULL,NULL,NULL),(2101,NULL,'2101',9,34,1,1,1,1,15,3,NULL,1,NULL,NULL,NULL,5000,1,NULL,NULL,NULL,NULL,NULL),(2102,NULL,'2102',9,34,1,1,1,1,15,3,NULL,1,NULL,NULL,NULL,5000,1,NULL,NULL,NULL,NULL,NULL),(2103,NULL,'2103',9,34,1,1,1,1,15,3,NULL,1,NULL,NULL,NULL,5000,1,NULL,NULL,NULL,NULL,NULL),(2104,NULL,'2104',9,34,1,1,1,1,15,3,NULL,1,NULL,NULL,NULL,5000,1,NULL,NULL,NULL,NULL,NULL),(2105,NULL,'2105',9,34,1,1,1,1,15,3,NULL,1,NULL,NULL,NULL,5000,1,NULL,NULL,NULL,NULL,NULL),(2106,NULL,'2106',9,34,1,1,1,1,15,3,NULL,1,NULL,NULL,NULL,5000,1,NULL,NULL,NULL,NULL,NULL),(2107,NULL,'2107',9,34,1,1,1,1,15,3,NULL,1,NULL,NULL,NULL,5000,1,NULL,NULL,NULL,NULL,NULL),(2108,NULL,'2108',9,34,1,1,1,1,15,3,NULL,1,NULL,NULL,NULL,5000,1,NULL,NULL,NULL,NULL,NULL),(2109,NULL,'2109',9,34,1,1,1,1,15,3,NULL,1,NULL,NULL,NULL,5000,1,NULL,NULL,NULL,NULL,NULL),(2110,NULL,'2110',9,34,1,1,1,1,15,3,NULL,1,NULL,NULL,NULL,5000,1,NULL,NULL,NULL,NULL,NULL),(2111,NULL,'2111',9,34,1,1,1,1,15,3,NULL,1,NULL,NULL,NULL,5000,1,NULL,NULL,NULL,NULL,NULL),(2112,NULL,'2112',9,34,1,1,1,1,15,3,NULL,1,NULL,NULL,NULL,5000,1,NULL,NULL,NULL,NULL,NULL),(2113,NULL,'2113',9,34,1,1,1,1,15,3,NULL,1,NULL,NULL,NULL,5000,1,NULL,NULL,NULL,NULL,NULL),(2114,NULL,'2114',9,34,1,1,1,1,15,3,NULL,1,NULL,NULL,NULL,5000,1,NULL,NULL,NULL,NULL,NULL),(2115,NULL,'2115',9,34,1,1,1,1,15,3,NULL,1,NULL,NULL,NULL,5000,1,NULL,NULL,NULL,NULL,NULL),(2116,NULL,'2116',9,34,1,1,1,1,15,3,NULL,1,NULL,NULL,NULL,5000,1,NULL,NULL,NULL,NULL,NULL),(2117,NULL,'2117',9,34,1,1,1,1,15,3,NULL,1,NULL,NULL,NULL,5000,1,NULL,NULL,NULL,NULL,NULL),(2118,NULL,'2118',9,34,1,1,1,1,15,3,NULL,1,NULL,NULL,NULL,5000,1,NULL,NULL,NULL,NULL,NULL),(2119,NULL,'2119',9,34,1,1,1,1,15,3,NULL,1,NULL,NULL,NULL,5000,1,NULL,NULL,NULL,NULL,NULL),(2120,NULL,'2120',9,34,1,1,1,1,15,3,NULL,1,NULL,NULL,NULL,5000,1,NULL,NULL,NULL,NULL,NULL),(2121,NULL,'2121',9,34,1,1,1,1,15,3,NULL,1,NULL,NULL,NULL,5000,1,NULL,NULL,NULL,NULL,NULL),(2122,NULL,'2122',9,34,1,1,1,1,15,3,NULL,1,NULL,NULL,NULL,5000,1,NULL,NULL,NULL,NULL,NULL),(2123,NULL,'2123',9,34,1,1,1,1,15,3,NULL,1,NULL,NULL,NULL,5000,1,NULL,NULL,NULL,NULL,NULL),(2124,NULL,'2124',9,34,1,1,1,1,15,3,NULL,1,NULL,NULL,NULL,5000,1,NULL,NULL,NULL,NULL,NULL),(2125,NULL,'2125',9,34,1,1,1,1,15,3,NULL,1,NULL,NULL,NULL,5000,1,NULL,NULL,NULL,NULL,NULL),(2126,NULL,'2126',9,34,1,1,1,1,15,3,NULL,1,NULL,NULL,NULL,5000,1,NULL,NULL,NULL,NULL,NULL),(2127,NULL,'2127',9,34,1,1,1,1,15,3,NULL,1,NULL,NULL,NULL,5000,1,NULL,NULL,NULL,NULL,NULL),(2128,NULL,'2128',9,34,1,1,1,1,15,3,NULL,1,NULL,NULL,NULL,5000,1,NULL,NULL,NULL,NULL,NULL),(2129,NULL,'2129',9,34,1,1,1,1,15,3,NULL,1,NULL,NULL,NULL,5000,1,NULL,NULL,NULL,NULL,NULL),(2130,NULL,'2130',9,34,1,1,1,1,15,3,NULL,1,NULL,NULL,NULL,5000,1,NULL,NULL,NULL,NULL,NULL),(2131,NULL,'2131',9,34,1,1,1,1,15,3,NULL,1,NULL,NULL,NULL,5000,1,NULL,NULL,NULL,NULL,NULL),(2132,NULL,'2132',9,34,1,1,1,1,15,3,NULL,1,NULL,NULL,NULL,5000,1,NULL,NULL,NULL,NULL,NULL),(2133,NULL,'2133',9,34,1,1,1,1,15,3,NULL,1,NULL,NULL,NULL,5000,1,NULL,NULL,NULL,NULL,NULL),(2134,NULL,'2134',9,34,1,1,1,1,15,3,NULL,1,NULL,NULL,NULL,5000,1,NULL,NULL,NULL,NULL,NULL),(2135,NULL,'2135',9,34,1,1,1,1,15,3,NULL,1,NULL,NULL,NULL,5000,1,NULL,NULL,NULL,NULL,NULL),(2136,NULL,'2136',9,34,1,1,1,1,15,3,NULL,1,NULL,NULL,NULL,5000,1,NULL,NULL,NULL,NULL,NULL),(2137,NULL,'2137',9,34,1,1,1,1,15,3,NULL,1,NULL,NULL,NULL,5000,1,NULL,NULL,NULL,NULL,NULL),(2138,NULL,'2138',9,34,1,1,1,1,15,3,NULL,1,NULL,NULL,NULL,5000,1,NULL,NULL,NULL,NULL,NULL),(2139,NULL,'2139',9,34,1,1,1,1,15,3,NULL,1,NULL,NULL,NULL,5000,1,NULL,NULL,NULL,NULL,NULL),(2140,NULL,'2140',9,34,1,1,1,1,15,3,NULL,1,NULL,NULL,NULL,5000,1,NULL,NULL,NULL,NULL,NULL),(2141,NULL,'2141',9,34,1,1,1,1,15,3,NULL,1,NULL,NULL,NULL,5000,1,NULL,NULL,NULL,NULL,NULL),(2142,NULL,'2142',9,34,1,1,1,1,15,3,NULL,1,NULL,NULL,NULL,5000,1,NULL,NULL,NULL,NULL,NULL),(2143,NULL,'2143',9,34,1,1,1,1,15,3,NULL,1,NULL,NULL,NULL,5000,1,NULL,NULL,NULL,NULL,NULL),(2144,NULL,'2144',9,34,1,1,1,1,15,3,NULL,1,NULL,NULL,NULL,5000,1,NULL,NULL,NULL,NULL,NULL),(2145,NULL,'2145',9,34,1,1,1,1,15,3,NULL,1,NULL,NULL,NULL,5000,1,NULL,NULL,NULL,NULL,NULL),(2146,NULL,'2146',9,34,1,1,1,1,15,3,NULL,1,NULL,NULL,NULL,5000,1,NULL,NULL,NULL,NULL,NULL),(2147,NULL,'2147',9,34,1,1,1,1,15,3,NULL,1,NULL,NULL,NULL,5000,1,NULL,NULL,NULL,NULL,NULL),(2148,NULL,'2148',9,34,1,1,1,1,15,3,NULL,1,NULL,NULL,NULL,5000,1,NULL,NULL,NULL,NULL,NULL),(2149,NULL,'2149',9,34,1,1,1,1,15,3,NULL,1,NULL,NULL,NULL,5000,1,NULL,NULL,NULL,NULL,NULL),(2150,NULL,'2150',9,34,1,1,1,1,15,3,NULL,1,NULL,NULL,NULL,5000,1,NULL,NULL,NULL,NULL,NULL),(2151,NULL,'2151',9,34,1,1,1,1,15,3,NULL,1,NULL,NULL,NULL,5000,1,NULL,NULL,NULL,NULL,NULL),(2152,NULL,'2152',9,34,1,1,1,1,15,3,NULL,1,NULL,NULL,NULL,5000,1,NULL,NULL,NULL,NULL,NULL),(2153,NULL,'2153',9,34,1,1,1,1,15,3,NULL,1,NULL,NULL,NULL,5000,1,NULL,NULL,NULL,NULL,NULL),(2154,NULL,'2154',9,34,1,1,1,1,15,3,NULL,1,NULL,NULL,NULL,5000,1,NULL,NULL,NULL,NULL,NULL),(2155,NULL,'2155',9,34,1,1,1,1,15,3,NULL,1,NULL,NULL,NULL,5000,1,NULL,NULL,NULL,NULL,NULL),(2156,NULL,'2156',9,34,1,1,1,1,15,3,NULL,1,NULL,NULL,NULL,5000,1,NULL,NULL,NULL,NULL,NULL),(2157,NULL,'2157',9,34,1,1,1,1,15,3,NULL,1,NULL,NULL,NULL,5000,1,NULL,NULL,NULL,NULL,NULL),(2158,NULL,'2158',9,34,1,1,1,1,15,3,NULL,1,NULL,NULL,NULL,5000,1,NULL,NULL,NULL,NULL,NULL),(2159,NULL,'2159',9,34,1,1,1,1,15,3,NULL,1,NULL,NULL,NULL,5000,1,NULL,NULL,NULL,NULL,NULL),(2160,NULL,'2160',9,34,1,1,1,1,15,3,NULL,1,NULL,NULL,NULL,5000,1,NULL,NULL,NULL,NULL,NULL),(2161,NULL,'2161',9,34,1,1,1,1,15,3,NULL,1,NULL,NULL,NULL,5000,1,NULL,NULL,NULL,NULL,NULL),(2162,NULL,'2162',9,34,1,1,1,1,15,3,NULL,1,NULL,NULL,NULL,5000,1,NULL,NULL,NULL,NULL,NULL),(2163,NULL,'2163',9,34,1,1,1,1,15,3,NULL,1,NULL,NULL,NULL,5000,1,NULL,NULL,NULL,NULL,NULL),(2164,NULL,'2164',9,34,1,1,1,1,15,3,NULL,1,NULL,NULL,NULL,5000,1,NULL,NULL,NULL,NULL,NULL),(2165,NULL,'2165',9,34,1,1,1,1,15,3,NULL,1,NULL,NULL,NULL,5000,1,NULL,NULL,NULL,NULL,NULL),(2166,NULL,'2166',9,34,1,1,1,1,15,3,NULL,1,NULL,NULL,NULL,5000,1,NULL,NULL,NULL,NULL,NULL),(2167,NULL,'2167',9,34,1,1,1,1,15,3,NULL,1,NULL,NULL,NULL,5000,1,NULL,NULL,NULL,NULL,NULL),(2168,NULL,'2168',9,34,1,1,1,1,15,3,NULL,1,NULL,NULL,NULL,5000,1,NULL,NULL,NULL,NULL,NULL),(2169,NULL,'2169',9,34,1,1,1,1,15,3,NULL,1,NULL,NULL,NULL,5000,1,NULL,NULL,NULL,NULL,NULL),(2170,NULL,'2170',9,34,1,1,1,1,15,3,NULL,1,NULL,NULL,NULL,5000,1,NULL,NULL,NULL,NULL,NULL),(2171,NULL,'2171',9,34,1,1,1,1,15,3,NULL,1,NULL,NULL,NULL,5000,1,NULL,NULL,NULL,NULL,NULL),(2172,NULL,'2172',9,34,1,1,1,1,15,3,NULL,1,NULL,NULL,NULL,5000,1,NULL,NULL,NULL,NULL,NULL),(2173,NULL,'2173',9,34,1,1,1,1,15,3,NULL,1,NULL,NULL,NULL,5000,1,NULL,NULL,NULL,NULL,NULL),(2174,NULL,'2174',9,34,1,1,1,1,15,3,NULL,1,NULL,NULL,NULL,5000,1,NULL,NULL,NULL,NULL,NULL),(2175,NULL,'2175',9,34,1,1,1,1,15,3,NULL,1,NULL,NULL,NULL,5000,1,NULL,NULL,NULL,NULL,NULL),(2176,NULL,'2176',9,34,1,1,1,1,15,3,NULL,1,NULL,NULL,NULL,5000,1,NULL,NULL,NULL,NULL,NULL),(2177,NULL,'2177',9,34,1,1,1,1,15,3,NULL,1,NULL,NULL,NULL,5000,1,NULL,NULL,NULL,NULL,NULL),(2178,NULL,'2178',9,34,1,1,1,1,15,3,NULL,1,NULL,NULL,NULL,5000,1,NULL,NULL,NULL,NULL,NULL),(2179,NULL,'2179',9,34,1,1,1,1,15,3,NULL,1,NULL,NULL,NULL,5000,1,NULL,NULL,NULL,NULL,NULL),(2180,NULL,'2180',9,34,1,1,1,1,15,3,NULL,1,NULL,NULL,NULL,5000,1,NULL,NULL,NULL,NULL,NULL),(2181,NULL,'2181',9,34,1,1,1,1,15,3,NULL,1,NULL,NULL,NULL,5000,1,NULL,NULL,NULL,NULL,NULL),(2182,NULL,'2182',9,34,1,1,1,1,15,3,NULL,1,NULL,NULL,NULL,5000,1,NULL,NULL,NULL,NULL,NULL),(2183,NULL,'2183',9,34,1,1,1,1,15,3,NULL,1,NULL,NULL,NULL,5000,1,NULL,NULL,NULL,NULL,NULL),(2184,NULL,'2184',9,34,1,1,1,1,15,3,NULL,1,NULL,NULL,NULL,5000,1,NULL,NULL,NULL,NULL,NULL),(2185,NULL,'2185',9,34,1,1,1,1,15,3,NULL,1,NULL,NULL,NULL,5000,1,NULL,NULL,NULL,NULL,NULL),(2186,NULL,'2186',9,34,1,1,1,1,15,3,NULL,1,NULL,NULL,NULL,5000,1,NULL,NULL,NULL,NULL,NULL),(2187,NULL,'2187',9,34,1,1,1,1,15,3,NULL,1,NULL,NULL,NULL,5000,1,NULL,NULL,NULL,NULL,NULL),(2188,NULL,'2188',9,34,1,1,1,1,15,3,NULL,1,NULL,NULL,NULL,5000,1,NULL,NULL,NULL,NULL,NULL),(2189,NULL,'2189',9,34,1,1,1,1,15,3,NULL,1,NULL,NULL,NULL,5000,1,NULL,NULL,NULL,NULL,NULL),(2190,NULL,'2190',9,34,1,1,1,1,15,3,NULL,1,NULL,NULL,NULL,5000,1,NULL,NULL,NULL,NULL,NULL),(2191,NULL,'2191',9,34,1,1,1,1,15,3,NULL,1,NULL,NULL,NULL,5000,1,NULL,NULL,NULL,NULL,NULL),(2192,NULL,'2192',9,34,1,1,1,1,15,3,NULL,1,NULL,NULL,NULL,5000,1,NULL,NULL,NULL,NULL,NULL),(2193,NULL,'2193',9,34,1,1,1,1,15,3,NULL,1,NULL,NULL,NULL,5000,1,NULL,NULL,NULL,NULL,NULL),(2194,NULL,'2194',9,34,1,1,1,1,15,3,NULL,1,NULL,NULL,NULL,5000,1,NULL,NULL,NULL,NULL,NULL),(2195,NULL,'2195',9,34,1,1,1,1,15,3,NULL,1,NULL,NULL,NULL,5000,1,NULL,NULL,NULL,NULL,NULL),(2196,NULL,'2196',9,34,1,1,1,1,15,3,NULL,1,NULL,NULL,NULL,5000,1,NULL,NULL,NULL,NULL,NULL),(2197,NULL,'2197',9,34,1,1,1,1,15,3,NULL,1,NULL,NULL,NULL,5000,1,NULL,NULL,NULL,NULL,NULL),(2198,NULL,'2198',9,34,1,1,1,1,15,3,NULL,1,NULL,NULL,NULL,5000,1,NULL,NULL,NULL,NULL,NULL),(2199,NULL,'2199',9,34,1,1,1,1,15,3,NULL,1,NULL,NULL,NULL,5000,1,NULL,NULL,NULL,NULL,NULL),(2200,NULL,'2200',9,34,1,1,1,1,15,3,NULL,1,NULL,NULL,NULL,5000,1,NULL,NULL,NULL,NULL,NULL),(2201,NULL,'2201',9,34,1,1,1,1,15,3,NULL,1,NULL,NULL,NULL,5000,1,NULL,NULL,NULL,NULL,NULL),(2202,NULL,'2202',9,34,1,1,1,1,15,3,NULL,1,NULL,NULL,NULL,5000,1,NULL,NULL,NULL,NULL,NULL),(2203,NULL,'2203',9,34,1,1,1,1,15,3,NULL,1,NULL,NULL,NULL,5000,1,NULL,NULL,NULL,NULL,NULL),(2204,NULL,'2204',9,34,1,1,1,1,15,3,NULL,1,NULL,NULL,NULL,5000,1,NULL,NULL,NULL,NULL,NULL),(2205,NULL,'2205',9,34,1,1,1,1,15,3,NULL,1,NULL,NULL,NULL,5000,1,NULL,NULL,NULL,NULL,NULL),(2206,NULL,'2206',9,34,1,1,1,1,15,3,NULL,1,NULL,NULL,NULL,5000,1,NULL,NULL,NULL,NULL,NULL),(2207,NULL,'2207',9,34,1,1,1,1,15,3,NULL,1,NULL,NULL,NULL,5000,1,NULL,NULL,NULL,NULL,NULL),(2208,NULL,'2208',9,34,1,1,1,1,15,3,NULL,1,NULL,NULL,NULL,5000,1,NULL,NULL,NULL,NULL,NULL),(2209,NULL,'2209',9,34,1,1,1,1,15,3,NULL,1,NULL,NULL,NULL,5000,1,NULL,NULL,NULL,NULL,NULL),(2210,NULL,'2210',9,34,1,1,1,1,15,3,NULL,1,NULL,NULL,NULL,5000,1,NULL,NULL,NULL,NULL,NULL),(2211,NULL,'2211',9,34,1,1,1,1,15,3,NULL,1,NULL,NULL,NULL,5000,1,NULL,NULL,NULL,NULL,NULL),(2212,NULL,'2212',9,34,1,1,1,1,15,3,NULL,1,NULL,NULL,NULL,5000,1,NULL,NULL,NULL,NULL,NULL),(2213,NULL,'2213',9,34,1,1,1,1,15,3,NULL,1,NULL,NULL,NULL,5000,1,NULL,NULL,NULL,NULL,NULL),(2214,NULL,'2214',9,34,1,1,1,1,15,3,NULL,1,NULL,NULL,NULL,5000,1,NULL,NULL,NULL,NULL,NULL),(2215,NULL,'2215',9,34,1,1,1,1,15,3,NULL,1,NULL,NULL,NULL,5000,1,NULL,NULL,NULL,NULL,NULL),(2216,NULL,'2216',9,34,1,1,1,1,15,3,NULL,1,NULL,NULL,NULL,5000,1,NULL,NULL,NULL,NULL,NULL),(2217,NULL,'2217',9,34,1,1,1,1,15,3,NULL,1,NULL,NULL,NULL,5000,1,NULL,NULL,NULL,NULL,NULL),(2218,NULL,'2218',9,34,1,1,1,1,15,3,NULL,1,NULL,NULL,NULL,5000,1,NULL,NULL,NULL,NULL,NULL),(2219,NULL,'2219',9,34,1,1,1,1,15,3,NULL,1,NULL,NULL,NULL,5000,1,NULL,NULL,NULL,NULL,NULL),(2220,NULL,'2220',9,34,1,1,1,1,15,3,NULL,1,NULL,NULL,NULL,5000,1,NULL,NULL,NULL,NULL,NULL),(2221,NULL,'2221',9,34,1,1,1,1,15,3,NULL,1,NULL,NULL,NULL,5000,1,NULL,NULL,NULL,NULL,NULL),(2222,NULL,'2222',9,34,1,1,1,1,15,3,NULL,1,NULL,NULL,NULL,5000,1,NULL,NULL,NULL,NULL,NULL),(2223,NULL,'2223',9,34,1,1,1,1,15,3,NULL,1,NULL,NULL,NULL,5000,1,NULL,NULL,NULL,NULL,NULL),(2224,NULL,'2224',9,34,1,1,1,1,15,3,NULL,1,NULL,NULL,NULL,5000,1,NULL,NULL,NULL,NULL,NULL),(2225,NULL,'2225',9,34,1,1,1,1,15,3,NULL,1,NULL,NULL,NULL,5000,1,NULL,NULL,NULL,NULL,NULL),(2226,NULL,'2226',9,34,1,1,1,1,15,3,NULL,1,NULL,NULL,NULL,5000,1,NULL,NULL,NULL,NULL,NULL),(2227,NULL,'2227',9,34,1,1,1,1,15,3,NULL,1,NULL,NULL,NULL,5000,1,NULL,NULL,NULL,NULL,NULL),(2228,NULL,'2228',9,34,1,1,1,1,15,3,NULL,1,NULL,NULL,NULL,5000,1,NULL,NULL,NULL,NULL,NULL),(2229,NULL,'2229',9,34,1,1,1,1,15,3,NULL,1,NULL,NULL,NULL,5000,1,NULL,NULL,NULL,NULL,NULL),(2230,NULL,'2230',9,34,1,1,1,1,15,3,NULL,1,NULL,NULL,NULL,5000,1,NULL,NULL,NULL,NULL,NULL),(2231,NULL,'2231',9,34,1,1,1,1,15,3,NULL,1,NULL,NULL,NULL,5000,1,NULL,NULL,NULL,NULL,NULL),(2232,NULL,'2232',9,34,1,1,1,1,15,3,NULL,1,NULL,NULL,NULL,5000,1,NULL,NULL,NULL,NULL,NULL),(2233,NULL,'2233',9,34,1,1,1,1,15,3,NULL,1,NULL,NULL,NULL,5000,1,NULL,NULL,NULL,NULL,NULL),(2234,NULL,'2234',9,34,1,1,1,1,15,3,NULL,1,NULL,NULL,NULL,5000,1,NULL,NULL,NULL,NULL,NULL),(2235,NULL,'2235',9,34,1,1,1,1,15,3,NULL,1,NULL,NULL,NULL,5000,1,NULL,NULL,NULL,NULL,NULL),(2236,NULL,'2236',9,34,1,1,1,1,15,3,NULL,1,NULL,NULL,NULL,5000,1,NULL,NULL,NULL,NULL,NULL),(2237,NULL,'2237',9,34,1,1,1,1,15,3,NULL,1,NULL,NULL,NULL,5000,1,NULL,NULL,NULL,NULL,NULL),(2238,NULL,'2238',9,34,1,1,1,1,15,3,NULL,1,NULL,NULL,NULL,5000,1,NULL,NULL,NULL,NULL,NULL),(2239,NULL,'2239',9,34,1,1,1,1,15,3,NULL,1,NULL,NULL,NULL,5000,1,NULL,NULL,NULL,NULL,NULL),(2240,NULL,'2240',9,34,1,1,1,1,15,3,NULL,1,NULL,NULL,NULL,5000,1,NULL,NULL,NULL,NULL,NULL),(2241,NULL,'2241',9,34,1,1,1,1,15,3,NULL,1,NULL,NULL,NULL,5000,1,NULL,NULL,NULL,NULL,NULL),(2242,NULL,'2242',9,34,1,1,1,1,15,3,NULL,1,NULL,NULL,NULL,5000,1,NULL,NULL,NULL,NULL,NULL),(2243,NULL,'2243',9,34,1,1,1,1,15,3,NULL,1,NULL,NULL,NULL,5000,1,NULL,NULL,NULL,NULL,NULL),(2244,NULL,'2244',9,34,1,1,1,1,15,3,NULL,1,NULL,NULL,NULL,5000,1,NULL,NULL,NULL,NULL,NULL),(2245,NULL,'2245',9,34,1,1,1,1,15,3,NULL,1,NULL,NULL,NULL,5000,1,NULL,NULL,NULL,NULL,NULL),(2246,NULL,'2246',9,34,1,1,1,1,15,3,NULL,1,NULL,NULL,NULL,5000,1,NULL,NULL,NULL,NULL,NULL),(2247,NULL,'2247',9,34,1,1,1,1,15,3,NULL,1,NULL,NULL,NULL,5000,1,NULL,NULL,NULL,NULL,NULL),(2248,NULL,'2248',9,34,1,1,1,1,15,3,NULL,1,NULL,NULL,NULL,5000,1,NULL,NULL,NULL,NULL,NULL),(2249,NULL,'2249',9,34,1,1,1,1,15,3,NULL,1,NULL,NULL,NULL,5000,1,NULL,NULL,NULL,NULL,NULL),(2250,NULL,'2250',9,34,1,1,1,1,15,3,NULL,1,NULL,NULL,NULL,5000,1,NULL,NULL,NULL,NULL,NULL),(2251,NULL,'2251',9,34,1,1,1,1,15,3,NULL,1,NULL,NULL,NULL,5000,1,NULL,NULL,NULL,NULL,NULL),(2252,NULL,'2252',9,34,1,1,1,1,15,3,NULL,1,NULL,NULL,NULL,5000,1,NULL,NULL,NULL,NULL,NULL),(2253,NULL,'2253',9,34,1,1,1,1,15,3,NULL,1,NULL,NULL,NULL,5000,1,NULL,NULL,NULL,NULL,NULL),(2254,NULL,'2254',9,34,1,1,1,1,15,3,NULL,1,NULL,NULL,NULL,5000,1,NULL,NULL,NULL,NULL,NULL),(2255,NULL,'2255',9,34,1,1,1,1,15,3,NULL,1,NULL,NULL,NULL,5000,1,NULL,NULL,NULL,NULL,NULL),(2256,NULL,'2256',9,34,1,1,1,1,15,3,NULL,1,NULL,NULL,NULL,5000,1,NULL,NULL,NULL,NULL,NULL),(2257,NULL,'2257',9,34,1,1,1,1,15,3,NULL,1,NULL,NULL,NULL,5000,1,NULL,NULL,NULL,NULL,NULL),(2258,NULL,'2258',9,34,1,1,1,1,15,3,NULL,1,NULL,NULL,NULL,5000,1,NULL,NULL,NULL,NULL,NULL),(2259,NULL,'2259',9,34,1,1,1,1,15,3,NULL,1,NULL,NULL,NULL,5000,1,NULL,NULL,NULL,NULL,NULL),(2260,NULL,'2260',9,34,1,1,1,1,15,3,NULL,1,NULL,NULL,NULL,5000,1,NULL,NULL,NULL,NULL,NULL),(2261,NULL,'2261',9,34,1,1,1,1,15,3,NULL,1,NULL,NULL,NULL,5000,1,NULL,NULL,NULL,NULL,NULL),(2262,NULL,'2262',9,34,1,1,1,1,15,3,NULL,1,NULL,NULL,NULL,5000,1,NULL,NULL,NULL,NULL,NULL),(2263,NULL,'2263',9,34,1,1,1,1,15,3,NULL,1,NULL,NULL,NULL,5000,1,NULL,NULL,NULL,NULL,NULL),(2264,NULL,'2264',9,34,1,1,1,1,15,3,NULL,1,NULL,NULL,NULL,5000,1,NULL,NULL,NULL,NULL,NULL),(2265,NULL,'2265',9,34,1,1,1,1,15,3,NULL,1,NULL,NULL,NULL,5000,1,NULL,NULL,NULL,NULL,NULL),(2266,NULL,'2266',9,34,1,1,1,1,15,3,NULL,1,NULL,NULL,NULL,5000,1,NULL,NULL,NULL,NULL,NULL),(2267,NULL,'2267',9,34,1,1,1,1,15,3,NULL,1,NULL,NULL,NULL,5000,1,NULL,NULL,NULL,NULL,NULL),(2268,NULL,'2268',9,34,1,1,1,1,15,3,NULL,1,NULL,NULL,NULL,5000,1,NULL,NULL,NULL,NULL,NULL),(2269,NULL,'2269',9,34,1,1,1,1,15,3,NULL,1,NULL,NULL,NULL,5000,1,NULL,NULL,NULL,NULL,NULL),(2270,NULL,'2270',9,34,1,1,1,1,15,3,NULL,1,NULL,NULL,NULL,5000,1,NULL,NULL,NULL,NULL,NULL),(2271,NULL,'2271',9,34,1,1,1,1,15,3,NULL,1,NULL,NULL,NULL,5000,1,NULL,NULL,NULL,NULL,NULL),(2272,NULL,'2272',9,34,1,1,1,1,15,3,NULL,1,NULL,NULL,NULL,5000,1,NULL,NULL,NULL,NULL,NULL),(2273,NULL,'2273',9,34,1,1,1,1,15,3,NULL,1,NULL,NULL,NULL,5000,1,NULL,NULL,NULL,NULL,NULL),(2274,NULL,'2274',9,34,1,1,1,1,15,3,NULL,1,NULL,NULL,NULL,5000,1,NULL,NULL,NULL,NULL,NULL),(2275,NULL,'2275',9,34,1,1,1,1,15,3,NULL,1,NULL,NULL,NULL,5000,1,NULL,NULL,NULL,NULL,NULL),(2276,NULL,'2276',9,34,1,1,1,1,15,3,NULL,1,NULL,NULL,NULL,5000,1,NULL,NULL,NULL,NULL,NULL),(2277,NULL,'2277',9,34,1,1,1,1,15,3,NULL,1,NULL,NULL,NULL,5000,1,NULL,NULL,NULL,NULL,NULL),(2278,NULL,'2278',9,34,1,1,1,1,15,3,NULL,1,NULL,NULL,NULL,5000,1,NULL,NULL,NULL,NULL,NULL),(2279,NULL,'2279',9,34,1,1,1,1,15,3,NULL,1,NULL,NULL,NULL,5000,1,NULL,NULL,NULL,NULL,NULL),(2280,NULL,'2280',9,34,1,1,1,1,15,3,NULL,1,NULL,NULL,NULL,5000,1,NULL,NULL,NULL,NULL,NULL),(2281,NULL,'2281',9,34,1,1,1,1,15,3,NULL,1,NULL,NULL,NULL,5000,1,NULL,NULL,NULL,NULL,NULL),(2282,NULL,'2282',9,34,1,1,1,1,15,3,NULL,1,NULL,NULL,NULL,5000,1,NULL,NULL,NULL,NULL,NULL),(2283,NULL,'2283',9,34,1,1,1,1,15,3,NULL,1,NULL,NULL,NULL,5000,1,NULL,NULL,NULL,NULL,NULL),(2284,NULL,'2284',9,34,1,1,1,1,15,3,NULL,1,NULL,NULL,NULL,5000,1,NULL,NULL,NULL,NULL,NULL),(2285,NULL,'2285',9,34,1,1,1,1,15,3,NULL,1,NULL,NULL,NULL,5000,1,NULL,NULL,NULL,NULL,NULL),(2286,NULL,'2286',9,34,1,1,1,1,15,3,NULL,1,NULL,NULL,NULL,5000,1,NULL,NULL,NULL,NULL,NULL),(2287,NULL,'2287',9,34,1,1,1,1,15,3,NULL,1,NULL,NULL,NULL,5000,1,NULL,NULL,NULL,NULL,NULL),(2288,NULL,'2288',9,34,1,1,1,1,15,3,NULL,1,NULL,NULL,NULL,5000,1,NULL,NULL,NULL,NULL,NULL),(2289,NULL,'2289',9,34,1,1,1,1,15,3,NULL,1,NULL,NULL,NULL,5000,1,NULL,NULL,NULL,NULL,NULL),(2290,NULL,'2290',9,34,1,1,1,1,15,3,NULL,1,NULL,NULL,NULL,5000,1,NULL,NULL,NULL,NULL,NULL),(2291,NULL,'2291',9,34,1,1,1,1,15,3,NULL,1,NULL,NULL,NULL,5000,1,NULL,NULL,NULL,NULL,NULL),(2292,NULL,'2292',9,34,1,1,1,1,15,3,NULL,1,NULL,NULL,NULL,5000,1,NULL,NULL,NULL,NULL,NULL),(2293,NULL,'2293',9,34,1,1,1,1,15,3,NULL,1,NULL,NULL,NULL,5000,1,NULL,NULL,NULL,NULL,NULL),(2294,NULL,'2294',9,34,1,1,1,1,15,3,NULL,1,NULL,NULL,NULL,5000,1,NULL,NULL,NULL,NULL,NULL),(2295,NULL,'2295',9,34,1,1,1,1,15,3,NULL,1,NULL,NULL,NULL,5000,1,NULL,NULL,NULL,NULL,NULL),(2296,NULL,'2296',9,34,1,1,1,1,15,3,NULL,1,NULL,NULL,NULL,5000,1,NULL,NULL,NULL,NULL,NULL),(2297,NULL,'2297',9,34,1,1,1,1,15,3,NULL,1,NULL,NULL,NULL,5000,1,NULL,NULL,NULL,NULL,NULL),(2298,NULL,'2298',9,34,1,1,1,1,15,3,NULL,1,NULL,NULL,NULL,5000,1,NULL,NULL,NULL,NULL,NULL),(2299,NULL,'2299',9,34,1,1,1,1,15,3,NULL,1,NULL,NULL,NULL,5000,1,NULL,NULL,NULL,NULL,NULL),(2300,NULL,'2300',9,34,1,1,1,1,15,3,NULL,1,NULL,NULL,NULL,5000,1,NULL,NULL,NULL,NULL,NULL),(2301,NULL,'2301',9,34,1,1,1,1,15,3,NULL,1,NULL,NULL,NULL,5000,1,NULL,NULL,NULL,NULL,NULL),(2302,NULL,'2302',9,34,1,1,1,1,15,3,NULL,1,NULL,NULL,NULL,5000,1,NULL,NULL,NULL,NULL,NULL),(2303,NULL,'2303',9,34,1,1,1,1,15,3,NULL,1,NULL,NULL,NULL,5000,1,NULL,NULL,NULL,NULL,NULL),(2304,NULL,'2304',9,34,1,1,1,1,15,3,NULL,1,NULL,NULL,NULL,5000,1,NULL,NULL,NULL,NULL,NULL),(2305,NULL,'2305',9,34,1,1,1,1,15,3,NULL,1,NULL,NULL,NULL,5000,1,NULL,NULL,NULL,NULL,NULL),(2306,NULL,'2306',9,34,1,1,1,1,15,3,NULL,1,NULL,NULL,NULL,5000,1,NULL,NULL,NULL,NULL,NULL),(2307,NULL,'2307',9,34,1,1,1,1,15,3,NULL,1,NULL,NULL,NULL,5000,1,NULL,NULL,NULL,NULL,NULL),(2308,NULL,'2308',9,34,1,1,1,1,15,3,NULL,1,NULL,NULL,NULL,5000,1,NULL,NULL,NULL,NULL,NULL),(2309,NULL,'2309',9,34,1,1,1,1,15,3,NULL,1,NULL,NULL,NULL,5000,1,NULL,NULL,NULL,NULL,NULL),(2310,NULL,'2310',9,34,1,1,1,1,15,3,NULL,1,NULL,NULL,NULL,5000,1,NULL,NULL,NULL,NULL,NULL),(2311,NULL,'2311',9,34,1,1,1,1,15,3,NULL,1,NULL,NULL,NULL,5000,1,NULL,NULL,NULL,NULL,NULL),(2312,NULL,'2312',9,34,1,1,1,1,15,3,NULL,1,NULL,NULL,NULL,5000,1,NULL,NULL,NULL,NULL,NULL),(2313,NULL,'2313',9,34,1,1,1,1,15,3,NULL,1,NULL,NULL,NULL,5000,1,NULL,NULL,NULL,NULL,NULL),(2314,NULL,'2314',9,34,1,1,1,1,15,3,NULL,1,NULL,NULL,NULL,5000,1,NULL,NULL,NULL,NULL,NULL),(2315,NULL,'2315',9,34,1,1,1,1,15,3,NULL,1,NULL,NULL,NULL,5000,1,NULL,NULL,NULL,NULL,NULL),(2316,NULL,'2316',9,34,1,1,1,1,15,3,NULL,1,NULL,NULL,NULL,5000,1,NULL,NULL,NULL,NULL,NULL),(2317,NULL,'2317',9,34,1,1,1,1,15,3,NULL,1,NULL,NULL,NULL,5000,1,NULL,NULL,NULL,NULL,NULL),(2318,NULL,'2318',9,34,1,1,1,1,15,3,NULL,1,NULL,NULL,NULL,5000,1,NULL,NULL,NULL,NULL,NULL),(2319,NULL,'2319',9,34,1,1,1,1,15,3,NULL,1,NULL,NULL,NULL,5000,1,NULL,NULL,NULL,NULL,NULL),(2320,NULL,'2320',9,34,1,1,1,1,15,3,NULL,1,NULL,NULL,NULL,5000,1,NULL,NULL,NULL,NULL,NULL),(2321,NULL,'2321',9,34,1,1,1,1,15,3,NULL,1,NULL,NULL,NULL,5000,1,NULL,NULL,NULL,NULL,NULL),(2322,NULL,'2322',9,34,1,1,1,1,15,3,NULL,1,NULL,NULL,NULL,5000,1,NULL,NULL,NULL,NULL,NULL),(2323,NULL,'2323',9,34,1,1,1,1,15,3,NULL,1,NULL,NULL,NULL,5000,1,NULL,NULL,NULL,NULL,NULL),(2324,NULL,'2324',9,34,1,1,1,1,15,3,NULL,1,NULL,NULL,NULL,5000,1,NULL,NULL,NULL,NULL,NULL),(2325,NULL,'2325',9,34,1,1,1,1,15,3,NULL,1,NULL,NULL,NULL,5000,1,NULL,NULL,NULL,NULL,NULL),(2326,NULL,'2326',9,34,1,1,1,1,15,3,NULL,1,NULL,NULL,NULL,5000,1,NULL,NULL,NULL,NULL,NULL),(2327,NULL,'2327',9,34,1,1,1,1,15,3,NULL,1,NULL,NULL,NULL,5000,1,NULL,NULL,NULL,NULL,NULL),(2328,NULL,'2328',9,34,1,1,1,1,15,3,NULL,1,NULL,NULL,NULL,5000,1,NULL,NULL,NULL,NULL,NULL),(2329,NULL,'2329',9,34,1,1,1,1,15,3,NULL,1,NULL,NULL,NULL,5000,1,NULL,NULL,NULL,NULL,NULL),(2330,NULL,'2330',9,34,1,1,1,1,15,3,NULL,1,NULL,NULL,NULL,5000,1,NULL,NULL,NULL,NULL,NULL),(2331,NULL,'2331',9,34,1,1,1,1,15,3,NULL,1,NULL,NULL,NULL,5000,1,NULL,NULL,NULL,NULL,NULL),(2332,NULL,'2332',9,34,1,1,1,1,15,3,NULL,1,NULL,NULL,NULL,5000,1,NULL,NULL,NULL,NULL,NULL),(2333,NULL,'2333',9,34,1,1,1,1,15,3,NULL,1,NULL,NULL,NULL,5000,1,NULL,NULL,NULL,NULL,NULL),(2334,NULL,'2334',9,34,1,1,1,1,15,3,NULL,1,NULL,NULL,NULL,5000,1,NULL,NULL,NULL,NULL,NULL),(2335,NULL,'2335',9,34,1,1,1,1,15,3,NULL,1,NULL,NULL,NULL,5000,1,NULL,NULL,NULL,NULL,NULL),(2336,NULL,'2336',9,34,1,1,1,1,15,3,NULL,1,NULL,NULL,NULL,5000,1,NULL,NULL,NULL,NULL,NULL),(2337,NULL,'2337',9,34,1,1,1,1,15,3,NULL,1,NULL,NULL,NULL,5000,1,NULL,NULL,NULL,NULL,NULL),(2338,NULL,'2338',9,34,1,1,1,1,15,3,NULL,1,NULL,NULL,NULL,5000,1,NULL,NULL,NULL,NULL,NULL),(2339,NULL,'2339',9,34,1,1,1,1,15,3,NULL,1,NULL,NULL,NULL,5000,1,NULL,NULL,NULL,NULL,NULL),(2340,NULL,'2340',9,34,1,1,1,1,15,3,NULL,1,NULL,NULL,NULL,5000,1,NULL,NULL,NULL,NULL,NULL),(2341,NULL,'2341',9,34,1,1,1,1,15,3,NULL,1,NULL,NULL,NULL,5000,1,NULL,NULL,NULL,NULL,NULL),(2342,NULL,'2342',9,34,1,1,1,1,15,3,NULL,1,NULL,NULL,NULL,5000,1,NULL,NULL,NULL,NULL,NULL),(2343,NULL,'2343',9,34,1,1,1,1,15,3,NULL,1,NULL,NULL,NULL,5000,1,NULL,NULL,NULL,NULL,NULL),(2344,NULL,'2344',9,34,1,1,1,1,15,3,NULL,1,NULL,NULL,NULL,5000,1,NULL,NULL,NULL,NULL,NULL),(2345,NULL,'2345',9,34,1,1,1,1,15,3,NULL,1,NULL,NULL,NULL,5000,1,NULL,NULL,NULL,NULL,NULL),(2346,NULL,'2346',9,34,1,1,1,1,15,3,NULL,1,NULL,NULL,NULL,5000,1,NULL,NULL,NULL,NULL,NULL),(2347,NULL,'2347',9,34,1,1,1,1,15,3,NULL,1,NULL,NULL,NULL,5000,1,NULL,NULL,NULL,NULL,NULL),(2348,NULL,'2348',9,34,1,1,1,1,15,3,NULL,1,NULL,NULL,NULL,5000,1,NULL,NULL,NULL,NULL,NULL),(2349,NULL,'2349',9,34,1,1,1,1,15,3,NULL,1,NULL,NULL,NULL,5000,1,NULL,NULL,NULL,NULL,NULL),(2350,NULL,'2350',9,34,1,1,1,1,15,3,NULL,1,NULL,NULL,NULL,5000,1,NULL,NULL,NULL,NULL,NULL),(2351,NULL,'2351',9,34,1,1,1,1,15,3,NULL,1,NULL,NULL,NULL,5000,1,NULL,NULL,NULL,NULL,NULL),(2352,NULL,'2352',9,34,1,1,1,1,15,3,NULL,1,NULL,NULL,NULL,5000,1,NULL,NULL,NULL,NULL,NULL),(2353,NULL,'2353',9,34,1,1,1,1,15,3,NULL,1,NULL,NULL,NULL,5000,1,NULL,NULL,NULL,NULL,NULL),(2354,NULL,'2354',9,34,1,1,1,1,15,3,NULL,1,NULL,NULL,NULL,5000,1,NULL,NULL,NULL,NULL,NULL),(2355,NULL,'2355',9,34,1,1,1,1,15,3,NULL,1,NULL,NULL,NULL,5000,1,NULL,NULL,NULL,NULL,NULL),(2356,NULL,'2356',9,34,1,1,1,1,15,3,NULL,1,NULL,NULL,NULL,5000,1,NULL,NULL,NULL,NULL,NULL),(2357,NULL,'2357',9,34,1,1,1,1,15,3,NULL,1,NULL,NULL,NULL,5000,1,NULL,NULL,NULL,NULL,NULL),(2358,NULL,'2358',9,34,1,1,1,1,15,3,NULL,1,NULL,NULL,NULL,5000,1,NULL,NULL,NULL,NULL,NULL),(2359,NULL,'2359',9,34,1,1,1,1,15,3,NULL,1,NULL,NULL,NULL,5000,1,NULL,NULL,NULL,NULL,NULL),(2360,NULL,'2360',9,34,1,1,1,1,15,3,NULL,1,NULL,NULL,NULL,5000,1,NULL,NULL,NULL,NULL,NULL),(2361,NULL,'2361',9,34,1,1,1,1,15,3,NULL,1,NULL,NULL,NULL,5000,1,NULL,NULL,NULL,NULL,NULL),(2362,NULL,'2362',9,34,1,1,1,1,15,3,NULL,1,NULL,NULL,NULL,5000,1,NULL,NULL,NULL,NULL,NULL),(2363,NULL,'2363',9,34,1,1,1,1,15,3,NULL,1,NULL,NULL,NULL,5000,1,NULL,NULL,NULL,NULL,NULL),(2364,NULL,'2364',9,34,1,1,1,1,15,3,NULL,1,NULL,NULL,NULL,5000,1,NULL,NULL,NULL,NULL,NULL),(2365,NULL,'2365',9,34,1,1,1,1,15,3,NULL,1,NULL,NULL,NULL,5000,1,NULL,NULL,NULL,NULL,NULL),(2366,NULL,'2366',9,34,1,1,1,1,15,3,NULL,1,NULL,NULL,NULL,5000,1,NULL,NULL,NULL,NULL,NULL),(2367,NULL,'2367',9,34,1,1,1,1,15,3,NULL,1,NULL,NULL,NULL,5000,1,NULL,NULL,NULL,NULL,NULL),(2368,NULL,'2368',9,34,1,1,1,1,15,3,NULL,1,NULL,NULL,NULL,5000,1,NULL,NULL,NULL,NULL,NULL),(2369,NULL,'2369',9,34,1,1,1,1,15,3,NULL,1,NULL,NULL,NULL,5000,1,NULL,NULL,NULL,NULL,NULL),(2370,NULL,'2370',9,34,1,1,1,1,15,3,NULL,1,NULL,NULL,NULL,5000,1,NULL,NULL,NULL,NULL,NULL),(2371,NULL,'2371',9,34,1,1,1,1,15,3,NULL,1,NULL,NULL,NULL,5000,1,NULL,NULL,NULL,NULL,NULL),(2372,NULL,'2372',9,34,1,1,1,1,15,3,NULL,1,NULL,NULL,NULL,5000,1,NULL,NULL,NULL,NULL,NULL),(2373,NULL,'2373',9,34,1,1,1,1,15,3,NULL,1,NULL,NULL,NULL,5000,1,NULL,NULL,NULL,NULL,NULL),(2374,NULL,'2374',9,34,1,1,1,1,15,3,NULL,1,NULL,NULL,NULL,5000,1,NULL,NULL,NULL,NULL,NULL),(2375,NULL,'2375',9,34,1,1,1,1,15,3,NULL,1,NULL,NULL,NULL,5000,1,NULL,NULL,NULL,NULL,NULL),(2376,NULL,'2376',9,34,1,1,1,1,15,3,NULL,1,NULL,NULL,NULL,5000,1,NULL,NULL,NULL,NULL,NULL),(2377,NULL,'2377',9,34,1,1,1,1,15,3,NULL,1,NULL,NULL,NULL,5000,1,NULL,NULL,NULL,NULL,NULL),(2378,NULL,'2378',9,34,1,1,1,1,15,3,NULL,1,NULL,NULL,NULL,5000,1,NULL,NULL,NULL,NULL,NULL),(2379,NULL,'2379',9,34,1,1,1,1,15,3,NULL,1,NULL,NULL,NULL,5000,1,NULL,NULL,NULL,NULL,NULL),(2380,NULL,'2380',9,34,1,1,1,1,15,3,NULL,1,NULL,NULL,NULL,5000,1,NULL,NULL,NULL,NULL,NULL),(2381,NULL,'2381',9,34,1,1,1,1,15,3,NULL,1,NULL,NULL,NULL,5000,1,NULL,NULL,NULL,NULL,NULL),(2382,NULL,'2382',9,34,1,1,1,1,15,3,NULL,1,NULL,NULL,NULL,5000,1,NULL,NULL,NULL,NULL,NULL),(2383,NULL,'2383',9,34,1,1,1,1,15,3,NULL,1,NULL,NULL,NULL,5000,1,NULL,NULL,NULL,NULL,NULL),(2384,NULL,'2384',9,34,1,1,1,1,15,3,NULL,1,NULL,NULL,NULL,5000,1,NULL,NULL,NULL,NULL,NULL),(2385,NULL,'2385',9,34,1,1,1,1,15,3,NULL,1,NULL,NULL,NULL,5000,1,NULL,NULL,NULL,NULL,NULL),(2386,NULL,'2386',9,34,1,1,1,1,15,3,NULL,1,NULL,NULL,NULL,5000,1,NULL,NULL,NULL,NULL,NULL),(2387,NULL,'2387',9,34,1,1,1,1,15,3,NULL,1,NULL,NULL,NULL,5000,1,NULL,NULL,NULL,NULL,NULL),(2388,NULL,'2388',9,34,1,1,1,1,15,3,NULL,1,NULL,NULL,NULL,5000,1,NULL,NULL,NULL,NULL,NULL),(2389,NULL,'2389',9,34,1,1,1,1,15,3,NULL,1,NULL,NULL,NULL,5000,1,NULL,NULL,NULL,NULL,NULL),(2390,NULL,'2390',9,34,1,1,1,1,15,3,NULL,1,NULL,NULL,NULL,5000,1,NULL,NULL,NULL,NULL,NULL),(2391,NULL,'2391',9,34,1,1,1,1,15,3,NULL,1,NULL,NULL,NULL,5000,1,NULL,NULL,NULL,NULL,NULL),(2392,NULL,'2392',9,34,1,1,1,1,15,3,NULL,1,NULL,NULL,NULL,5000,1,NULL,NULL,NULL,NULL,NULL),(2393,NULL,'2393',9,34,1,1,1,1,15,3,NULL,1,NULL,NULL,NULL,5000,1,NULL,NULL,NULL,NULL,NULL),(2394,NULL,'2394',9,34,1,1,1,1,15,3,NULL,1,NULL,NULL,NULL,5000,1,NULL,NULL,NULL,NULL,NULL),(2395,NULL,'2395',9,34,1,1,1,1,15,3,NULL,1,NULL,NULL,NULL,5000,1,NULL,NULL,NULL,NULL,NULL),(2396,NULL,'2396',9,34,1,1,1,1,15,3,NULL,1,NULL,NULL,NULL,5000,1,NULL,NULL,NULL,NULL,NULL),(2397,NULL,'2397',9,34,1,1,1,1,15,3,NULL,1,NULL,NULL,NULL,5000,1,NULL,NULL,NULL,NULL,NULL),(2398,NULL,'2398',9,34,1,1,1,1,15,3,NULL,1,NULL,NULL,NULL,5000,1,NULL,NULL,NULL,NULL,NULL),(2399,NULL,'2399',9,34,1,1,1,1,15,3,NULL,1,NULL,NULL,NULL,5000,1,NULL,NULL,NULL,NULL,NULL),(2400,NULL,'2400',9,34,1,1,1,1,15,3,NULL,1,NULL,NULL,NULL,5000,1,NULL,NULL,NULL,NULL,NULL),(2401,NULL,'2401',9,34,1,1,1,1,15,3,NULL,1,NULL,NULL,NULL,5000,1,NULL,NULL,NULL,NULL,NULL),(2402,NULL,'2402',9,34,1,1,1,1,15,3,NULL,1,NULL,NULL,NULL,5000,1,NULL,NULL,NULL,NULL,NULL),(2403,NULL,'2403',9,34,1,1,1,1,15,3,NULL,1,NULL,NULL,NULL,5000,1,NULL,NULL,NULL,NULL,NULL),(2404,NULL,'2404',9,34,1,1,1,1,15,3,NULL,1,NULL,NULL,NULL,5000,1,NULL,NULL,NULL,NULL,NULL),(2405,NULL,'2405',9,34,1,1,1,1,15,3,NULL,1,NULL,NULL,NULL,5000,1,NULL,NULL,NULL,NULL,NULL),(2406,NULL,'2406',9,34,1,1,1,1,15,3,NULL,1,NULL,NULL,NULL,5000,1,NULL,NULL,NULL,NULL,NULL),(2407,NULL,'2407',9,34,1,1,1,1,15,3,NULL,1,NULL,NULL,NULL,5000,1,NULL,NULL,NULL,NULL,NULL),(2408,NULL,'2408',9,34,1,1,1,1,15,3,NULL,1,NULL,NULL,NULL,5000,1,NULL,NULL,NULL,NULL,NULL),(2409,NULL,'2409',9,34,1,1,1,1,15,3,NULL,1,NULL,NULL,NULL,5000,1,NULL,NULL,NULL,NULL,NULL),(2410,NULL,'2410',9,34,1,1,1,1,15,3,NULL,1,NULL,NULL,NULL,5000,1,NULL,NULL,NULL,NULL,NULL),(2411,NULL,'2411',9,34,1,1,1,1,15,3,NULL,1,NULL,NULL,NULL,5000,1,NULL,NULL,NULL,NULL,NULL),(2412,NULL,'2412',9,34,1,1,1,1,15,3,NULL,1,NULL,NULL,NULL,5000,1,NULL,NULL,NULL,NULL,NULL),(2413,NULL,'2413',9,34,1,1,1,1,15,3,NULL,1,NULL,NULL,NULL,5000,1,NULL,NULL,NULL,NULL,NULL),(2414,NULL,'2414',9,34,1,1,1,1,15,3,NULL,1,NULL,NULL,NULL,5000,1,NULL,NULL,NULL,NULL,NULL),(2415,NULL,'2415',9,34,1,1,1,1,15,3,NULL,1,NULL,NULL,NULL,5000,1,NULL,NULL,NULL,NULL,NULL),(2416,NULL,'2416',9,34,1,1,1,1,15,3,NULL,1,NULL,NULL,NULL,5000,1,NULL,NULL,NULL,NULL,NULL),(2417,NULL,'2417',9,34,1,1,1,1,15,3,NULL,1,NULL,NULL,NULL,5000,1,NULL,NULL,NULL,NULL,NULL),(2418,NULL,'2418',9,34,1,1,1,1,15,3,NULL,1,NULL,NULL,NULL,5000,1,NULL,NULL,NULL,NULL,NULL),(2419,NULL,'2419',9,34,1,1,1,1,15,3,NULL,1,NULL,NULL,NULL,5000,1,NULL,NULL,NULL,NULL,NULL),(2420,NULL,'2420',9,34,1,1,1,1,15,3,NULL,1,NULL,NULL,NULL,5000,1,NULL,NULL,NULL,NULL,NULL),(2421,NULL,'2421',9,34,1,1,1,1,15,3,NULL,1,NULL,NULL,NULL,5000,1,NULL,NULL,NULL,NULL,NULL),(2422,NULL,'2422',9,34,1,1,1,1,15,3,NULL,1,NULL,NULL,NULL,5000,1,NULL,NULL,NULL,NULL,NULL),(2423,NULL,'2423',9,34,1,1,1,1,15,3,NULL,1,NULL,NULL,NULL,5000,1,NULL,NULL,NULL,NULL,NULL),(2424,NULL,'2424',9,34,1,1,1,1,15,3,NULL,1,NULL,NULL,NULL,5000,1,NULL,NULL,NULL,NULL,NULL),(2425,NULL,'2425',9,34,1,1,1,1,15,3,NULL,1,NULL,NULL,NULL,5000,1,NULL,NULL,NULL,NULL,NULL),(2426,NULL,'2426',9,34,1,1,1,1,15,3,NULL,1,NULL,NULL,NULL,5000,1,NULL,NULL,NULL,NULL,NULL),(2427,NULL,'2427',9,34,1,1,1,1,15,3,NULL,1,NULL,NULL,NULL,5000,1,NULL,NULL,NULL,NULL,NULL),(2428,NULL,'2428',9,34,1,1,1,1,15,3,NULL,1,NULL,NULL,NULL,5000,1,NULL,NULL,NULL,NULL,NULL),(2429,NULL,'2429',9,34,1,1,1,1,15,3,NULL,1,NULL,NULL,NULL,5000,1,NULL,NULL,NULL,NULL,NULL),(2430,NULL,'2430',9,34,1,1,1,1,15,3,NULL,1,NULL,NULL,NULL,5000,1,NULL,NULL,NULL,NULL,NULL),(2431,NULL,'2431',9,34,1,1,1,1,15,3,NULL,1,NULL,NULL,NULL,5000,1,NULL,NULL,NULL,NULL,NULL),(2432,NULL,'2432',9,34,1,1,1,1,15,3,NULL,1,NULL,NULL,NULL,5000,1,NULL,NULL,NULL,NULL,NULL),(2433,NULL,'2433',9,34,1,1,1,1,15,3,NULL,1,NULL,NULL,NULL,5000,1,NULL,NULL,NULL,NULL,NULL),(2434,NULL,'2434',9,34,1,1,1,1,15,3,NULL,1,NULL,NULL,NULL,5000,1,NULL,NULL,NULL,NULL,NULL),(2435,NULL,'2435',9,34,1,1,1,1,15,3,NULL,1,NULL,NULL,NULL,5000,1,NULL,NULL,NULL,NULL,NULL),(2436,NULL,'2436',9,34,1,1,1,1,15,3,NULL,1,NULL,NULL,NULL,5000,1,NULL,NULL,NULL,NULL,NULL),(2437,NULL,'2437',9,34,1,1,1,1,15,3,NULL,1,NULL,NULL,NULL,5000,1,NULL,NULL,NULL,NULL,NULL),(2438,NULL,'2438',9,34,1,1,1,1,15,3,NULL,1,NULL,NULL,NULL,5000,1,NULL,NULL,NULL,NULL,NULL),(2439,NULL,'2439',9,34,1,1,1,1,15,3,NULL,1,NULL,NULL,NULL,5000,1,NULL,NULL,NULL,NULL,NULL),(2440,NULL,'2440',9,34,1,1,1,1,15,3,NULL,1,NULL,NULL,NULL,5000,1,NULL,NULL,NULL,NULL,NULL),(2441,NULL,'2441',9,34,1,1,1,1,15,3,NULL,1,NULL,NULL,NULL,5000,1,NULL,NULL,NULL,NULL,NULL),(2442,NULL,'2442',9,34,1,1,1,1,15,3,NULL,1,NULL,NULL,NULL,5000,1,NULL,NULL,NULL,NULL,NULL),(2443,NULL,'2443',9,34,1,1,1,1,15,3,NULL,1,NULL,NULL,NULL,5000,1,NULL,NULL,NULL,NULL,NULL),(2444,NULL,'2444',9,34,1,1,1,1,15,3,NULL,1,NULL,NULL,NULL,5000,1,NULL,NULL,NULL,NULL,NULL),(2445,NULL,'2445',9,34,1,1,1,1,15,3,NULL,1,NULL,NULL,NULL,5000,1,NULL,NULL,NULL,NULL,NULL),(2446,NULL,'2446',9,34,1,1,1,1,15,3,NULL,1,NULL,NULL,NULL,5000,1,NULL,NULL,NULL,NULL,NULL),(2447,NULL,'2447',9,34,1,1,1,1,15,3,NULL,1,NULL,NULL,NULL,5000,1,NULL,NULL,NULL,NULL,NULL),(2448,NULL,'2448',9,34,1,1,1,1,15,3,NULL,1,NULL,NULL,NULL,5000,1,NULL,NULL,NULL,NULL,NULL),(2449,NULL,'2449',9,34,1,1,1,1,15,3,NULL,1,NULL,NULL,NULL,5000,1,NULL,NULL,NULL,NULL,NULL),(2450,NULL,'2450',9,34,1,1,1,1,15,3,NULL,1,NULL,NULL,NULL,5000,1,NULL,NULL,NULL,NULL,NULL),(2451,NULL,'2451',9,34,1,1,1,1,15,3,NULL,1,NULL,NULL,NULL,5000,1,NULL,NULL,NULL,NULL,NULL),(2452,NULL,'2452',9,34,1,1,1,1,15,3,NULL,1,NULL,NULL,NULL,5000,1,NULL,NULL,NULL,NULL,NULL),(2453,NULL,'2453',9,34,1,1,1,1,15,3,NULL,1,NULL,NULL,NULL,5000,1,NULL,NULL,NULL,NULL,NULL),(2454,NULL,'2454',9,34,1,1,1,1,15,3,NULL,1,NULL,NULL,NULL,5000,1,NULL,NULL,NULL,NULL,NULL),(2455,NULL,'2455',9,34,1,1,1,1,15,3,NULL,1,NULL,NULL,NULL,5000,1,NULL,NULL,NULL,NULL,NULL),(2456,NULL,'2456',9,34,1,1,1,1,15,3,NULL,1,NULL,NULL,NULL,5000,1,NULL,NULL,NULL,NULL,NULL),(2457,NULL,'2457',9,34,1,1,1,1,15,3,NULL,1,NULL,NULL,NULL,5000,1,NULL,NULL,NULL,NULL,NULL),(2458,NULL,'2458',9,34,1,1,1,1,15,3,NULL,1,NULL,NULL,NULL,5000,1,NULL,NULL,NULL,NULL,NULL),(2459,NULL,'2459',9,34,1,1,1,1,15,3,NULL,1,NULL,NULL,NULL,5000,1,NULL,NULL,NULL,NULL,NULL),(2460,NULL,'2460',9,34,1,1,1,1,15,3,NULL,1,NULL,NULL,NULL,5000,1,NULL,NULL,NULL,NULL,NULL),(2461,NULL,'2461',9,34,1,1,1,1,15,3,NULL,1,NULL,NULL,NULL,5000,1,NULL,NULL,NULL,NULL,NULL),(2462,NULL,'2462',9,34,1,1,1,1,15,3,NULL,1,NULL,NULL,NULL,5000,1,NULL,NULL,NULL,NULL,NULL),(2463,NULL,'2463',9,34,1,1,1,1,15,3,NULL,1,NULL,NULL,NULL,5000,1,NULL,NULL,NULL,NULL,NULL),(2464,NULL,'2464',9,34,1,1,1,1,15,3,NULL,1,NULL,NULL,NULL,5000,1,NULL,NULL,NULL,NULL,NULL),(2465,NULL,'2465',9,34,1,1,1,1,15,3,NULL,1,NULL,NULL,NULL,5000,1,NULL,NULL,NULL,NULL,NULL),(2466,NULL,'2466',9,34,1,1,1,1,15,3,NULL,1,NULL,NULL,NULL,5000,1,NULL,NULL,NULL,NULL,NULL),(2467,NULL,'2467',9,34,1,1,1,1,15,3,NULL,1,NULL,NULL,NULL,5000,1,NULL,NULL,NULL,NULL,NULL),(2468,NULL,'2468',9,34,1,1,1,1,15,3,NULL,1,NULL,NULL,NULL,5000,1,NULL,NULL,NULL,NULL,NULL),(2469,NULL,'2469',9,34,1,1,1,1,15,3,NULL,1,NULL,NULL,NULL,5000,1,NULL,NULL,NULL,NULL,NULL),(2470,NULL,'2470',9,34,1,1,1,1,15,3,NULL,1,NULL,NULL,NULL,5000,1,NULL,NULL,NULL,NULL,NULL),(2471,NULL,'2471',9,34,1,1,1,1,15,3,NULL,1,NULL,NULL,NULL,5000,1,NULL,NULL,NULL,NULL,NULL),(2472,NULL,'2472',9,34,1,1,1,1,15,3,NULL,1,NULL,NULL,NULL,5000,1,NULL,NULL,NULL,NULL,NULL),(2473,NULL,'2473',9,34,1,1,1,1,15,3,NULL,1,NULL,NULL,NULL,5000,1,NULL,NULL,NULL,NULL,NULL),(2474,NULL,'2474',9,34,1,1,1,1,15,3,NULL,1,NULL,NULL,NULL,5000,1,NULL,NULL,NULL,NULL,NULL),(2475,NULL,'2475',9,34,1,1,1,1,15,3,NULL,1,NULL,NULL,NULL,5000,1,NULL,NULL,NULL,NULL,NULL),(2476,NULL,'2476',9,34,1,1,1,1,15,3,NULL,1,NULL,NULL,NULL,5000,1,NULL,NULL,NULL,NULL,NULL),(2477,NULL,'2477',9,34,1,1,1,1,15,3,NULL,1,NULL,NULL,NULL,5000,1,NULL,NULL,NULL,NULL,NULL),(2478,NULL,'2478',9,34,1,1,1,1,15,3,NULL,1,NULL,NULL,NULL,5000,1,NULL,NULL,NULL,NULL,NULL),(2479,NULL,'2479',9,34,1,1,1,1,15,3,NULL,1,NULL,NULL,NULL,5000,1,NULL,NULL,NULL,NULL,NULL),(2480,NULL,'2480',9,34,1,1,1,1,15,3,NULL,1,NULL,NULL,NULL,5000,1,NULL,NULL,NULL,NULL,NULL),(2481,NULL,'2481',9,34,1,1,1,1,15,3,NULL,1,NULL,NULL,NULL,5000,1,NULL,NULL,NULL,NULL,NULL),(2482,NULL,'2482',9,34,1,1,1,1,15,3,NULL,1,NULL,NULL,NULL,5000,1,NULL,NULL,NULL,NULL,NULL),(2483,NULL,'2483',9,34,1,1,1,1,15,3,NULL,1,NULL,NULL,NULL,5000,1,NULL,NULL,NULL,NULL,NULL),(2484,NULL,'2484',9,34,1,1,1,1,15,3,NULL,1,NULL,NULL,NULL,5000,1,NULL,NULL,NULL,NULL,NULL),(2485,NULL,'2485',9,34,1,1,1,1,15,3,NULL,1,NULL,NULL,NULL,5000,1,NULL,NULL,NULL,NULL,NULL),(2486,NULL,'2486',9,34,1,1,1,1,15,3,NULL,1,NULL,NULL,NULL,5000,1,NULL,NULL,NULL,NULL,NULL),(2487,NULL,'2487',9,34,1,1,1,1,15,3,NULL,1,NULL,NULL,NULL,5000,1,NULL,NULL,NULL,NULL,NULL),(2488,NULL,'2488',9,34,1,1,1,1,15,3,NULL,1,NULL,NULL,NULL,5000,1,NULL,NULL,NULL,NULL,NULL),(2489,NULL,'2489',9,34,1,1,1,1,15,3,NULL,1,NULL,NULL,NULL,5000,1,NULL,NULL,NULL,NULL,NULL),(2490,NULL,'2490',9,34,1,1,1,1,15,3,NULL,1,NULL,NULL,NULL,5000,1,NULL,NULL,NULL,NULL,NULL),(2491,NULL,'2491',9,34,1,1,1,1,15,3,NULL,1,NULL,NULL,NULL,5000,1,NULL,NULL,NULL,NULL,NULL),(2492,NULL,'2492',9,34,1,1,1,1,15,3,NULL,1,NULL,NULL,NULL,5000,1,NULL,NULL,NULL,NULL,NULL),(2493,NULL,'2493',9,34,1,1,1,1,15,3,NULL,1,NULL,NULL,NULL,5000,1,NULL,NULL,NULL,NULL,NULL),(2494,NULL,'2494',9,34,1,1,1,1,15,3,NULL,1,NULL,NULL,NULL,5000,1,NULL,NULL,NULL,NULL,NULL),(2495,NULL,'2495',9,34,1,1,1,1,15,3,NULL,1,NULL,NULL,NULL,5000,1,NULL,NULL,NULL,NULL,NULL),(2496,NULL,'2496',9,34,1,1,1,1,15,3,NULL,1,NULL,NULL,NULL,5000,1,NULL,NULL,NULL,NULL,NULL),(2497,NULL,'2497',9,34,1,1,1,1,15,3,NULL,1,NULL,NULL,NULL,5000,1,NULL,NULL,NULL,NULL,NULL),(2498,NULL,'2498',9,34,1,1,1,1,15,3,NULL,1,NULL,NULL,NULL,5000,1,NULL,NULL,NULL,NULL,NULL),(2499,NULL,'2499',9,34,1,1,1,1,15,3,NULL,1,NULL,NULL,NULL,5000,1,NULL,NULL,NULL,NULL,NULL),(2500,NULL,'2500',9,34,1,1,1,1,15,3,NULL,1,NULL,NULL,NULL,5000,1,NULL,NULL,NULL,NULL,NULL),(2501,NULL,'2501',9,34,1,1,1,1,15,3,NULL,1,NULL,NULL,NULL,5000,1,NULL,NULL,NULL,NULL,NULL),(2502,NULL,'2502',9,34,1,1,1,1,15,3,NULL,1,NULL,NULL,NULL,5000,1,NULL,NULL,NULL,NULL,NULL),(2503,NULL,'2503',9,34,1,1,1,1,15,3,NULL,1,NULL,NULL,NULL,5000,1,NULL,NULL,NULL,NULL,NULL),(2504,NULL,'2504',9,34,1,1,1,1,15,3,NULL,1,NULL,NULL,NULL,5000,1,NULL,NULL,NULL,NULL,NULL),(2505,NULL,'2505',9,34,1,1,1,1,15,3,NULL,1,NULL,NULL,NULL,5000,1,NULL,NULL,NULL,NULL,NULL),(2506,NULL,'2506',9,34,1,1,1,1,15,3,NULL,1,NULL,NULL,NULL,5000,1,NULL,NULL,NULL,NULL,NULL),(2507,NULL,'2507',9,34,1,1,1,1,15,3,NULL,1,NULL,NULL,NULL,5000,1,NULL,NULL,NULL,NULL,NULL),(2508,NULL,'2508',9,34,1,1,1,1,15,3,NULL,1,NULL,NULL,NULL,5000,1,NULL,NULL,NULL,NULL,NULL),(2509,NULL,'2509',9,34,1,1,1,1,15,3,NULL,1,NULL,NULL,NULL,5000,1,NULL,NULL,NULL,NULL,NULL),(2510,NULL,'2510',9,34,1,1,1,1,15,3,NULL,1,NULL,NULL,NULL,5000,1,NULL,NULL,NULL,NULL,NULL),(2511,NULL,'2511',9,34,1,1,1,1,15,3,NULL,1,NULL,NULL,NULL,5000,1,NULL,NULL,NULL,NULL,NULL),(2512,NULL,'2512',9,34,1,1,1,1,15,3,NULL,1,NULL,NULL,NULL,5000,1,NULL,NULL,NULL,NULL,NULL),(2513,NULL,'2513',9,34,1,1,1,1,15,3,NULL,1,NULL,NULL,NULL,5000,1,NULL,NULL,NULL,NULL,NULL),(2514,NULL,'2514',9,34,1,1,1,1,15,3,NULL,1,NULL,NULL,NULL,5000,1,NULL,NULL,NULL,NULL,NULL),(2515,NULL,'2515',9,34,1,1,1,1,15,3,NULL,1,NULL,NULL,NULL,5000,1,NULL,NULL,NULL,NULL,NULL),(2516,NULL,'2516',9,34,1,1,1,1,15,3,NULL,1,NULL,NULL,NULL,5000,1,NULL,NULL,NULL,NULL,NULL),(2517,NULL,'2517',9,34,1,1,1,1,15,3,NULL,1,NULL,NULL,NULL,5000,1,NULL,NULL,NULL,NULL,NULL),(2518,NULL,'2518',9,34,1,1,1,1,15,3,NULL,1,NULL,NULL,NULL,5000,1,NULL,NULL,NULL,NULL,NULL),(2519,NULL,'2519',9,34,1,1,1,1,15,3,NULL,1,NULL,NULL,NULL,5000,1,NULL,NULL,NULL,NULL,NULL),(2520,NULL,'2520',9,34,1,1,1,1,15,3,NULL,1,NULL,NULL,NULL,5000,1,NULL,NULL,NULL,NULL,NULL),(2521,NULL,'2521',9,34,1,1,1,1,15,3,NULL,1,NULL,NULL,NULL,5000,1,NULL,NULL,NULL,NULL,NULL),(2522,NULL,'2522',9,34,1,1,1,1,15,3,NULL,1,NULL,NULL,NULL,5000,1,NULL,NULL,NULL,NULL,NULL),(2523,NULL,'2523',9,34,1,1,1,1,15,3,NULL,1,NULL,NULL,NULL,5000,1,NULL,NULL,NULL,NULL,NULL),(2524,NULL,'2524',9,34,1,1,1,1,15,3,NULL,1,NULL,NULL,NULL,5000,1,NULL,NULL,NULL,NULL,NULL),(2525,NULL,'2525',9,34,1,1,1,1,15,3,NULL,1,NULL,NULL,NULL,5000,1,NULL,NULL,NULL,NULL,NULL),(2526,NULL,'2526',9,34,1,1,1,1,15,3,NULL,1,NULL,NULL,NULL,5000,1,NULL,NULL,NULL,NULL,NULL),(2527,NULL,'2527',9,34,1,1,1,1,15,3,NULL,1,NULL,NULL,NULL,5000,1,NULL,NULL,NULL,NULL,NULL),(2528,NULL,'2528',9,34,1,1,1,1,15,3,NULL,1,NULL,NULL,NULL,5000,1,NULL,NULL,NULL,NULL,NULL),(2529,NULL,'2529',9,34,1,1,1,1,15,3,NULL,1,NULL,NULL,NULL,5000,1,NULL,NULL,NULL,NULL,NULL),(2530,NULL,'2530',9,34,1,1,1,1,15,3,NULL,1,NULL,NULL,NULL,5000,1,NULL,NULL,NULL,NULL,NULL),(2531,NULL,'2531',9,34,1,1,1,1,15,3,NULL,1,NULL,NULL,NULL,5000,1,NULL,NULL,NULL,NULL,NULL),(2532,NULL,'2532',9,34,1,1,1,1,15,3,NULL,1,NULL,NULL,NULL,5000,1,NULL,NULL,NULL,NULL,NULL),(2533,NULL,'2533',9,34,1,1,1,1,15,3,NULL,1,NULL,NULL,NULL,5000,1,NULL,NULL,NULL,NULL,NULL),(2534,NULL,'2534',9,34,1,1,1,1,15,3,NULL,1,NULL,NULL,NULL,5000,1,NULL,NULL,NULL,NULL,NULL),(2535,NULL,'2535',9,34,1,1,1,1,15,3,NULL,1,NULL,NULL,NULL,5000,1,NULL,NULL,NULL,NULL,NULL),(2536,NULL,'2536',9,34,1,1,1,1,15,3,NULL,1,NULL,NULL,NULL,5000,1,NULL,NULL,NULL,NULL,NULL),(2537,NULL,'2537',9,34,1,1,1,1,15,3,NULL,1,NULL,NULL,NULL,5000,1,NULL,NULL,NULL,NULL,NULL),(2538,NULL,'2538',9,34,1,1,1,1,15,3,NULL,1,NULL,NULL,NULL,5000,1,NULL,NULL,NULL,NULL,NULL),(2539,NULL,'2539',9,34,1,1,1,1,15,3,NULL,1,NULL,NULL,NULL,5000,1,NULL,NULL,NULL,NULL,NULL),(2540,NULL,'2540',9,34,1,1,1,1,15,3,NULL,1,NULL,NULL,NULL,5000,1,NULL,NULL,NULL,NULL,NULL),(2541,NULL,'2541',9,34,1,1,1,1,15,3,NULL,1,NULL,NULL,NULL,5000,1,NULL,NULL,NULL,NULL,NULL),(2542,NULL,'2542',9,34,1,1,1,1,15,3,NULL,1,NULL,NULL,NULL,5000,1,NULL,NULL,NULL,NULL,NULL),(2543,NULL,'2543',9,34,1,1,1,1,15,3,NULL,1,NULL,NULL,NULL,5000,1,NULL,NULL,NULL,NULL,NULL),(2544,NULL,'2544',9,34,1,1,1,1,15,3,NULL,1,NULL,NULL,NULL,5000,1,NULL,NULL,NULL,NULL,NULL),(2545,NULL,'2545',9,34,1,1,1,1,15,3,NULL,1,NULL,NULL,NULL,5000,1,NULL,NULL,NULL,NULL,NULL),(2546,NULL,'2546',9,34,1,1,1,1,15,3,NULL,1,NULL,NULL,NULL,5000,1,NULL,NULL,NULL,NULL,NULL),(2547,NULL,'2547',9,34,1,1,1,1,15,3,NULL,1,NULL,NULL,NULL,5000,1,NULL,NULL,NULL,NULL,NULL),(2548,NULL,'2548',9,34,1,1,1,1,15,3,NULL,1,NULL,NULL,NULL,5000,1,NULL,NULL,NULL,NULL,NULL),(2549,NULL,'2549',9,34,1,1,1,1,15,3,NULL,1,NULL,NULL,NULL,5000,1,NULL,NULL,NULL,NULL,NULL),(2550,NULL,'2550',9,34,1,1,1,1,15,3,NULL,1,NULL,NULL,NULL,5000,1,NULL,NULL,NULL,NULL,NULL),(2551,NULL,'2551',9,34,1,1,1,1,15,3,NULL,1,NULL,NULL,NULL,5000,1,NULL,NULL,NULL,NULL,NULL),(2552,NULL,'2552',9,34,1,1,1,1,15,3,NULL,1,NULL,NULL,NULL,5000,1,NULL,NULL,NULL,NULL,NULL),(2553,NULL,'2553',9,34,1,1,1,1,15,3,NULL,1,NULL,NULL,NULL,5000,1,NULL,NULL,NULL,NULL,NULL),(2554,NULL,'2554',9,34,1,1,1,1,15,3,NULL,1,NULL,NULL,NULL,5000,1,NULL,NULL,NULL,NULL,NULL),(2555,NULL,'2555',9,34,1,1,1,1,15,3,NULL,1,NULL,NULL,NULL,5000,1,NULL,NULL,NULL,NULL,NULL),(2556,NULL,'2556',9,34,1,1,1,1,15,3,NULL,1,NULL,NULL,NULL,5000,1,NULL,NULL,NULL,NULL,NULL),(2557,NULL,'2557',9,34,1,1,1,1,15,3,NULL,1,NULL,NULL,NULL,5000,1,NULL,NULL,NULL,NULL,NULL),(2558,NULL,'2558',9,34,1,1,1,1,15,3,NULL,1,NULL,NULL,NULL,5000,1,NULL,NULL,NULL,NULL,NULL),(2559,NULL,'2559',9,34,1,1,1,1,15,3,NULL,1,NULL,NULL,NULL,5000,1,NULL,NULL,NULL,NULL,NULL),(2560,NULL,'2560',9,34,1,1,1,1,15,3,NULL,1,NULL,NULL,NULL,5000,1,NULL,NULL,NULL,NULL,NULL),(2561,NULL,'2561',9,34,1,1,1,1,15,3,NULL,1,NULL,NULL,NULL,5000,1,NULL,NULL,NULL,NULL,NULL),(2562,NULL,'2562',9,34,1,1,1,1,15,3,NULL,1,NULL,NULL,NULL,5000,1,NULL,NULL,NULL,NULL,NULL),(2563,NULL,'2563',9,34,1,1,1,1,15,3,NULL,1,NULL,NULL,NULL,5000,1,NULL,NULL,NULL,NULL,NULL),(2564,NULL,'2564',9,34,1,1,1,1,15,3,NULL,1,NULL,NULL,NULL,5000,1,NULL,NULL,NULL,NULL,NULL),(2565,NULL,'2565',9,34,1,1,1,1,15,3,NULL,1,NULL,NULL,NULL,5000,1,NULL,NULL,NULL,NULL,NULL),(2566,NULL,'2566',9,34,1,1,1,1,15,3,NULL,1,NULL,NULL,NULL,5000,1,NULL,NULL,NULL,NULL,NULL),(2567,NULL,'2567',9,34,1,1,1,1,15,3,NULL,1,NULL,NULL,NULL,5000,1,NULL,NULL,NULL,NULL,NULL),(2568,NULL,'2568',9,34,1,1,1,1,15,3,NULL,1,NULL,NULL,NULL,5000,1,NULL,NULL,NULL,NULL,NULL),(2569,NULL,'2569',9,34,1,1,1,1,15,3,NULL,1,NULL,NULL,NULL,5000,1,NULL,NULL,NULL,NULL,NULL),(2570,NULL,'2570',9,34,1,1,1,1,15,3,NULL,1,NULL,NULL,NULL,5000,1,NULL,NULL,NULL,NULL,NULL),(2571,NULL,'2571',9,34,1,1,1,1,15,3,NULL,1,NULL,NULL,NULL,5000,1,NULL,NULL,NULL,NULL,NULL),(2572,NULL,'2572',9,34,1,1,1,1,15,3,NULL,1,NULL,NULL,NULL,5000,1,NULL,NULL,NULL,NULL,NULL),(2573,NULL,'2573',9,34,1,1,1,1,15,3,NULL,1,NULL,NULL,NULL,5000,1,NULL,NULL,NULL,NULL,NULL),(2574,NULL,'2574',9,34,1,1,1,1,15,3,NULL,1,NULL,NULL,NULL,5000,1,NULL,NULL,NULL,NULL,NULL),(2575,NULL,'2575',9,34,1,1,1,1,15,3,NULL,1,NULL,NULL,NULL,5000,1,NULL,NULL,NULL,NULL,NULL),(2576,NULL,'2576',9,34,1,1,1,1,15,3,NULL,1,NULL,NULL,NULL,5000,1,NULL,NULL,NULL,NULL,NULL),(2577,NULL,'2577',9,34,1,1,1,1,15,3,NULL,1,NULL,NULL,NULL,5000,1,NULL,NULL,NULL,NULL,NULL),(2578,NULL,'2578',9,34,1,1,1,1,15,3,NULL,1,NULL,NULL,NULL,5000,1,NULL,NULL,NULL,NULL,NULL),(2579,NULL,'2579',9,34,1,1,1,1,15,3,NULL,1,NULL,NULL,NULL,5000,1,NULL,NULL,NULL,NULL,NULL),(2580,NULL,'2580',9,34,1,1,1,1,15,3,NULL,1,NULL,NULL,NULL,5000,1,NULL,NULL,NULL,NULL,NULL),(2581,NULL,'2581',9,34,1,1,1,1,15,3,NULL,1,NULL,NULL,NULL,5000,1,NULL,NULL,NULL,NULL,NULL),(2582,NULL,'2582',9,34,1,1,1,1,15,3,NULL,1,NULL,NULL,NULL,5000,1,NULL,NULL,NULL,NULL,NULL),(2583,NULL,'2583',9,34,1,1,1,1,15,3,NULL,1,NULL,NULL,NULL,5000,1,NULL,NULL,NULL,NULL,NULL),(2584,NULL,'2584',9,34,1,1,1,1,15,3,NULL,1,NULL,NULL,NULL,5000,1,NULL,NULL,NULL,NULL,NULL),(2585,NULL,'2585',9,34,1,1,1,1,15,3,NULL,1,NULL,NULL,NULL,5000,1,NULL,NULL,NULL,NULL,NULL),(2586,NULL,'2586',9,34,1,1,1,1,15,3,NULL,1,NULL,NULL,NULL,5000,1,NULL,NULL,NULL,NULL,NULL),(2587,NULL,'2587',9,34,1,1,1,1,15,3,NULL,1,NULL,NULL,NULL,5000,1,NULL,NULL,NULL,NULL,NULL),(2588,NULL,'2588',9,34,1,1,1,1,15,3,NULL,1,NULL,NULL,NULL,5000,1,NULL,NULL,NULL,NULL,NULL),(2589,NULL,'2589',9,34,1,1,1,1,15,3,NULL,1,NULL,NULL,NULL,5000,1,NULL,NULL,NULL,NULL,NULL),(2590,NULL,'2590',9,34,1,1,1,1,15,3,NULL,1,NULL,NULL,NULL,5000,1,NULL,NULL,NULL,NULL,NULL),(2591,NULL,'2591',9,34,1,1,1,1,15,3,NULL,1,NULL,NULL,NULL,5000,1,NULL,NULL,NULL,NULL,NULL),(2592,NULL,'2592',9,34,1,1,1,1,15,3,NULL,1,NULL,NULL,NULL,5000,1,NULL,NULL,NULL,NULL,NULL),(2593,NULL,'2593',9,34,1,1,1,1,15,3,NULL,1,NULL,NULL,NULL,5000,1,NULL,NULL,NULL,NULL,NULL),(2594,NULL,'2594',9,34,1,1,1,1,15,3,NULL,1,NULL,NULL,NULL,5000,1,NULL,NULL,NULL,NULL,NULL),(2595,NULL,'2595',9,34,1,1,1,1,15,3,NULL,1,NULL,NULL,NULL,5000,1,NULL,NULL,NULL,NULL,NULL),(2596,NULL,'2596',9,34,1,1,1,1,15,3,NULL,1,NULL,NULL,NULL,5000,1,NULL,NULL,NULL,NULL,NULL),(2597,NULL,'2597',9,34,1,1,1,1,15,3,NULL,1,NULL,NULL,NULL,5000,1,NULL,NULL,NULL,NULL,NULL),(2598,NULL,'2598',9,34,1,1,1,1,15,3,NULL,1,NULL,NULL,NULL,5000,1,NULL,NULL,NULL,NULL,NULL),(2599,NULL,'2599',9,34,1,1,1,1,15,3,NULL,1,NULL,NULL,NULL,5000,1,NULL,NULL,NULL,NULL,NULL),(2600,NULL,'2600',9,34,1,1,1,1,15,3,NULL,1,NULL,NULL,NULL,5000,1,NULL,NULL,NULL,NULL,NULL),(2601,NULL,'2601',9,34,1,1,1,1,15,3,NULL,1,NULL,NULL,NULL,5000,1,NULL,NULL,NULL,NULL,NULL),(2602,NULL,'2602',9,34,1,1,1,1,15,3,NULL,1,NULL,NULL,NULL,5000,1,NULL,NULL,NULL,NULL,NULL),(2603,NULL,'2603',9,34,1,1,1,1,15,3,NULL,1,NULL,NULL,NULL,5000,1,NULL,NULL,NULL,NULL,NULL),(2604,NULL,'2604',9,34,1,1,1,1,15,3,NULL,1,NULL,NULL,NULL,5000,1,NULL,NULL,NULL,NULL,NULL),(2605,NULL,'2605',9,34,1,1,1,1,15,3,NULL,1,NULL,NULL,NULL,5000,1,NULL,NULL,NULL,NULL,NULL),(2606,NULL,'2606',9,34,1,1,1,1,15,3,NULL,1,NULL,NULL,NULL,5000,1,NULL,NULL,NULL,NULL,NULL),(2607,NULL,'2607',9,34,1,1,1,1,15,3,NULL,1,NULL,NULL,NULL,5000,1,NULL,NULL,NULL,NULL,NULL),(2608,NULL,'2608',9,34,1,1,1,1,15,3,NULL,1,NULL,NULL,NULL,5000,1,NULL,NULL,NULL,NULL,NULL),(2609,NULL,'2609',9,34,1,1,1,1,15,3,NULL,1,NULL,NULL,NULL,5000,1,NULL,NULL,NULL,NULL,NULL),(2610,NULL,'2610',9,34,1,1,1,1,15,3,NULL,1,NULL,NULL,NULL,5000,1,NULL,NULL,NULL,NULL,NULL),(2611,NULL,'2611',9,34,1,1,1,1,15,3,NULL,1,NULL,NULL,NULL,5000,1,NULL,NULL,NULL,NULL,NULL),(2612,NULL,'2612',9,34,1,1,1,1,15,3,NULL,1,NULL,NULL,NULL,5000,1,NULL,NULL,NULL,NULL,NULL),(2613,NULL,'2613',9,34,1,1,1,1,15,3,NULL,1,NULL,NULL,NULL,5000,1,NULL,NULL,NULL,NULL,NULL),(2614,NULL,'2614',9,34,1,1,1,1,15,3,NULL,1,NULL,NULL,NULL,5000,1,NULL,NULL,NULL,NULL,NULL),(2615,NULL,'2615',9,34,1,1,1,1,15,3,NULL,1,NULL,NULL,NULL,5000,1,NULL,NULL,NULL,NULL,NULL),(2616,NULL,'2616',9,34,1,1,1,1,15,3,NULL,1,NULL,NULL,NULL,5000,1,NULL,NULL,NULL,NULL,NULL),(2617,NULL,'2617',9,34,1,1,1,1,15,3,NULL,1,NULL,NULL,NULL,5000,1,NULL,NULL,NULL,NULL,NULL),(2618,NULL,'2618',9,34,1,1,1,1,15,3,NULL,1,NULL,NULL,NULL,5000,1,NULL,NULL,NULL,NULL,NULL),(2619,NULL,'2619',9,34,1,1,1,1,15,3,NULL,1,NULL,NULL,NULL,5000,1,NULL,NULL,NULL,NULL,NULL),(2620,NULL,'2620',9,34,1,1,1,1,15,3,NULL,1,NULL,NULL,NULL,5000,1,NULL,NULL,NULL,NULL,NULL),(2621,NULL,'2621',9,34,1,1,1,1,15,3,NULL,1,NULL,NULL,NULL,5000,1,NULL,NULL,NULL,NULL,NULL),(2622,NULL,'2622',9,34,1,1,1,1,15,3,NULL,1,NULL,NULL,NULL,5000,1,NULL,NULL,NULL,NULL,NULL),(2623,NULL,'2623',9,34,1,1,1,1,15,3,NULL,1,NULL,NULL,NULL,5000,1,NULL,NULL,NULL,NULL,NULL),(2624,NULL,'2624',9,34,1,1,1,1,15,3,NULL,1,NULL,NULL,NULL,5000,1,NULL,NULL,NULL,NULL,NULL),(2625,NULL,'2625',9,34,1,1,1,1,15,3,NULL,1,NULL,NULL,NULL,5000,1,NULL,NULL,NULL,NULL,NULL),(2626,NULL,'2626',9,34,1,1,1,1,15,3,NULL,1,NULL,NULL,NULL,5000,1,NULL,NULL,NULL,NULL,NULL),(2627,NULL,'2627',9,34,1,1,1,1,15,3,NULL,1,NULL,NULL,NULL,5000,1,NULL,NULL,NULL,NULL,NULL),(2628,NULL,'2628',9,34,1,1,1,1,15,3,NULL,1,NULL,NULL,NULL,5000,1,NULL,NULL,NULL,NULL,NULL),(2629,NULL,'2629',9,34,1,1,1,1,15,3,NULL,1,NULL,NULL,NULL,5000,1,NULL,NULL,NULL,NULL,NULL),(2630,NULL,'2630',9,34,1,1,1,1,15,3,NULL,1,NULL,NULL,NULL,5000,1,NULL,NULL,NULL,NULL,NULL),(2631,NULL,'2631',9,34,1,1,1,1,15,3,NULL,1,NULL,NULL,NULL,5000,1,NULL,NULL,NULL,NULL,NULL),(2632,NULL,'2632',9,34,1,1,1,1,15,3,NULL,1,NULL,NULL,NULL,5000,1,NULL,NULL,NULL,NULL,NULL),(2633,NULL,'2633',9,34,1,1,1,1,15,3,NULL,1,NULL,NULL,NULL,5000,1,NULL,NULL,NULL,NULL,NULL),(2634,NULL,'2634',9,34,1,1,1,1,15,3,NULL,1,NULL,NULL,NULL,5000,1,NULL,NULL,NULL,NULL,NULL),(2635,NULL,'2635',9,34,1,1,1,1,15,3,NULL,1,NULL,NULL,NULL,5000,1,NULL,NULL,NULL,NULL,NULL),(2636,NULL,'2636',9,34,1,1,1,1,15,3,NULL,1,NULL,NULL,NULL,5000,1,NULL,NULL,NULL,NULL,NULL),(2637,NULL,'2637',9,34,1,1,1,1,15,3,NULL,1,NULL,NULL,NULL,5000,1,NULL,NULL,NULL,NULL,NULL),(2638,NULL,'2638',9,34,1,1,1,1,15,3,NULL,1,NULL,NULL,NULL,5000,1,NULL,NULL,NULL,NULL,NULL),(2639,NULL,'2639',9,34,1,1,1,1,15,3,NULL,1,NULL,NULL,NULL,5000,1,NULL,NULL,NULL,NULL,NULL),(2640,NULL,'2640',9,34,1,1,1,1,15,3,NULL,1,NULL,NULL,NULL,5000,1,NULL,NULL,NULL,NULL,NULL),(2641,NULL,'2641',9,34,1,1,1,1,15,3,NULL,1,NULL,NULL,NULL,5000,1,NULL,NULL,NULL,NULL,NULL),(2642,NULL,'2642',9,34,1,1,1,1,15,3,NULL,1,NULL,NULL,NULL,5000,1,NULL,NULL,NULL,NULL,NULL),(2643,NULL,'2643',9,34,1,1,1,1,15,3,NULL,1,NULL,NULL,NULL,5000,1,NULL,NULL,NULL,NULL,NULL),(2644,NULL,'2644',9,34,1,1,1,1,15,3,NULL,1,NULL,NULL,NULL,5000,1,NULL,NULL,NULL,NULL,NULL),(2645,NULL,'2645',9,34,1,1,1,1,15,3,NULL,1,NULL,NULL,NULL,5000,1,NULL,NULL,NULL,NULL,NULL),(2646,NULL,'2646',9,34,1,1,1,1,15,3,NULL,1,NULL,NULL,NULL,5000,1,NULL,NULL,NULL,NULL,NULL),(2647,NULL,'2647',9,34,1,1,1,1,15,3,NULL,1,NULL,NULL,NULL,5000,1,NULL,NULL,NULL,NULL,NULL),(2648,NULL,'2648',9,34,1,1,1,1,15,3,NULL,1,NULL,NULL,NULL,5000,1,NULL,NULL,NULL,NULL,NULL),(2649,NULL,'2649',9,34,1,1,1,1,15,3,NULL,1,NULL,NULL,NULL,5000,1,NULL,NULL,NULL,NULL,NULL),(2650,NULL,'2650',9,34,1,1,1,1,15,3,NULL,1,NULL,NULL,NULL,5000,1,NULL,NULL,NULL,NULL,NULL),(2651,NULL,'2651',9,34,1,1,1,1,15,3,NULL,1,NULL,NULL,NULL,5000,1,NULL,NULL,NULL,NULL,NULL),(2652,NULL,'2652',9,34,1,1,1,1,15,3,NULL,1,NULL,NULL,NULL,5000,1,NULL,NULL,NULL,NULL,NULL),(2653,NULL,'2653',9,34,1,1,1,1,15,3,NULL,1,NULL,NULL,NULL,5000,1,NULL,NULL,NULL,NULL,NULL),(2654,NULL,'2654',9,34,1,1,1,1,15,3,NULL,1,NULL,NULL,NULL,5000,1,NULL,NULL,NULL,NULL,NULL),(2655,NULL,'2655',9,34,1,1,1,1,15,3,NULL,1,NULL,NULL,NULL,5000,1,NULL,NULL,NULL,NULL,NULL),(2656,NULL,'2656',9,34,1,1,1,1,15,3,NULL,1,NULL,NULL,NULL,5000,1,NULL,NULL,NULL,NULL,NULL),(2657,NULL,'2657',9,34,1,1,1,1,15,3,NULL,1,NULL,NULL,NULL,5000,1,NULL,NULL,NULL,NULL,NULL),(2658,NULL,'2658',9,34,1,1,1,1,15,3,NULL,1,NULL,NULL,NULL,5000,1,NULL,NULL,NULL,NULL,NULL),(2659,NULL,'2659',9,34,1,1,1,1,15,3,NULL,1,NULL,NULL,NULL,5000,1,NULL,NULL,NULL,NULL,NULL),(2660,NULL,'2660',9,34,1,1,1,1,15,3,NULL,1,NULL,NULL,NULL,5000,1,NULL,NULL,NULL,NULL,NULL),(2661,NULL,'2661',9,34,1,1,1,1,15,3,NULL,1,NULL,NULL,NULL,5000,1,NULL,NULL,NULL,NULL,NULL),(2662,NULL,'2662',9,34,1,1,1,1,15,3,NULL,1,NULL,NULL,NULL,5000,1,NULL,NULL,NULL,NULL,NULL),(2663,NULL,'2663',9,34,1,1,1,1,15,3,NULL,1,NULL,NULL,NULL,5000,1,NULL,NULL,NULL,NULL,NULL),(2664,NULL,'2664',9,34,1,1,1,1,15,3,NULL,1,NULL,NULL,NULL,5000,1,NULL,NULL,NULL,NULL,NULL),(2665,NULL,'2665',9,34,1,1,1,1,15,3,NULL,1,NULL,NULL,NULL,5000,1,NULL,NULL,NULL,NULL,NULL),(2666,NULL,'2666',9,34,1,1,1,1,15,3,NULL,1,NULL,NULL,NULL,5000,1,NULL,NULL,NULL,NULL,NULL),(2667,NULL,'2667',9,34,1,1,1,1,15,3,NULL,1,NULL,NULL,NULL,5000,1,NULL,NULL,NULL,NULL,NULL),(2668,NULL,'2668',9,34,1,1,1,1,15,3,NULL,1,NULL,NULL,NULL,5000,1,NULL,NULL,NULL,NULL,NULL),(2669,NULL,'2669',9,34,1,1,1,1,15,3,NULL,1,NULL,NULL,NULL,5000,1,NULL,NULL,NULL,NULL,NULL),(2670,NULL,'2670',9,34,1,1,1,1,15,3,NULL,1,NULL,NULL,NULL,5000,1,NULL,NULL,NULL,NULL,NULL),(2671,NULL,'2671',9,34,1,1,1,1,15,3,NULL,1,NULL,NULL,NULL,5000,1,NULL,NULL,NULL,NULL,NULL),(2672,NULL,'2672',9,34,1,1,1,1,15,3,NULL,1,NULL,NULL,NULL,5000,1,NULL,NULL,NULL,NULL,NULL),(2673,NULL,'2673',9,34,1,1,1,1,15,3,NULL,1,NULL,NULL,NULL,5000,1,NULL,NULL,NULL,NULL,NULL),(2674,NULL,'2674',9,34,1,1,1,1,15,3,NULL,1,NULL,NULL,NULL,5000,1,NULL,NULL,NULL,NULL,NULL),(2675,NULL,'2675',9,34,1,1,1,1,15,3,NULL,1,NULL,NULL,NULL,5000,1,NULL,NULL,NULL,NULL,NULL),(2676,NULL,'2676',9,34,1,1,1,1,15,3,NULL,1,NULL,NULL,NULL,5000,1,NULL,NULL,NULL,NULL,NULL),(2677,NULL,'2677',9,34,1,1,1,1,15,3,NULL,1,NULL,NULL,NULL,5000,1,NULL,NULL,NULL,NULL,NULL),(2678,NULL,'2678',9,34,1,1,1,1,15,3,NULL,1,NULL,NULL,NULL,5000,1,NULL,NULL,NULL,NULL,NULL),(2679,NULL,'2679',9,34,1,1,1,1,15,3,NULL,1,NULL,NULL,NULL,5000,1,NULL,NULL,NULL,NULL,NULL),(2680,NULL,'2680',9,34,1,1,1,1,15,3,NULL,1,NULL,NULL,NULL,5000,1,NULL,NULL,NULL,NULL,NULL),(2681,NULL,'2681',9,34,1,1,1,1,15,3,NULL,1,NULL,NULL,NULL,5000,1,NULL,NULL,NULL,NULL,NULL),(2682,NULL,'2682',9,34,1,1,1,1,15,3,NULL,1,NULL,NULL,NULL,5000,1,NULL,NULL,NULL,NULL,NULL),(2683,NULL,'2683',9,34,1,1,1,1,15,3,NULL,1,NULL,NULL,NULL,5000,1,NULL,NULL,NULL,NULL,NULL),(2684,NULL,'2684',9,34,1,1,1,1,15,3,NULL,1,NULL,NULL,NULL,5000,1,NULL,NULL,NULL,NULL,NULL),(2685,NULL,'2685',9,34,1,1,1,1,15,3,NULL,1,NULL,NULL,NULL,5000,1,NULL,NULL,NULL,NULL,NULL),(2686,NULL,'2686',9,34,1,1,1,1,15,3,NULL,1,NULL,NULL,NULL,5000,1,NULL,NULL,NULL,NULL,NULL),(2687,NULL,'2687',9,34,1,1,1,1,15,3,NULL,1,NULL,NULL,NULL,5000,1,NULL,NULL,NULL,NULL,NULL),(2688,NULL,'2688',9,34,1,1,1,1,15,3,NULL,1,NULL,NULL,NULL,5000,1,NULL,NULL,NULL,NULL,NULL),(2689,NULL,'2689',9,34,1,1,1,1,15,3,NULL,1,NULL,NULL,NULL,5000,1,NULL,NULL,NULL,NULL,NULL),(2690,NULL,'2690',9,34,1,1,1,1,15,3,NULL,1,NULL,NULL,NULL,5000,1,NULL,NULL,NULL,NULL,NULL),(2691,NULL,'2691',9,34,1,1,1,1,15,3,NULL,1,NULL,NULL,NULL,5000,1,NULL,NULL,NULL,NULL,NULL),(2692,NULL,'2692',9,34,1,1,1,1,15,3,NULL,1,NULL,NULL,NULL,5000,1,NULL,NULL,NULL,NULL,NULL),(2693,NULL,'2693',9,34,1,1,1,1,15,3,NULL,1,NULL,NULL,NULL,5000,1,NULL,NULL,NULL,NULL,NULL),(2694,NULL,'2694',9,34,1,1,1,1,15,3,NULL,1,NULL,NULL,NULL,5000,1,NULL,NULL,NULL,NULL,NULL),(2695,NULL,'2695',9,34,1,1,1,1,15,3,NULL,1,NULL,NULL,NULL,5000,1,NULL,NULL,NULL,NULL,NULL),(2696,NULL,'2696',9,34,1,1,1,1,15,3,NULL,1,NULL,NULL,NULL,5000,1,NULL,NULL,NULL,NULL,NULL),(2697,NULL,'2697',9,34,1,1,1,1,15,3,NULL,1,NULL,NULL,NULL,5000,1,NULL,NULL,NULL,NULL,NULL),(2698,NULL,'2698',9,34,1,1,1,1,15,3,NULL,1,NULL,NULL,NULL,5000,1,NULL,NULL,NULL,NULL,NULL),(2699,NULL,'2699',9,34,1,1,1,1,15,3,NULL,1,NULL,NULL,NULL,5000,1,NULL,NULL,NULL,NULL,NULL),(2700,NULL,'2700',9,34,1,1,1,1,15,3,NULL,1,NULL,NULL,NULL,5000,1,NULL,NULL,NULL,NULL,NULL),(2701,NULL,'2701',9,34,1,1,1,1,15,3,NULL,1,NULL,NULL,NULL,5000,1,NULL,NULL,NULL,NULL,NULL),(2702,NULL,'2702',9,34,1,1,1,1,15,3,NULL,1,NULL,NULL,NULL,5000,1,NULL,NULL,NULL,NULL,NULL),(2703,NULL,'2703',9,34,1,1,1,1,15,3,NULL,1,NULL,NULL,NULL,5000,1,NULL,NULL,NULL,NULL,NULL),(2704,NULL,'2704',9,34,1,1,1,1,15,3,NULL,1,NULL,NULL,NULL,5000,1,NULL,NULL,NULL,NULL,NULL),(2705,NULL,'2705',9,34,1,1,1,1,15,3,NULL,1,NULL,NULL,NULL,5000,1,NULL,NULL,NULL,NULL,NULL),(2706,NULL,'2706',9,34,1,1,1,1,15,3,NULL,1,NULL,NULL,NULL,5000,1,NULL,NULL,NULL,NULL,NULL),(2707,NULL,'2707',9,34,1,1,1,1,15,3,NULL,1,NULL,NULL,NULL,5000,1,NULL,NULL,NULL,NULL,NULL),(2708,NULL,'2708',9,34,1,1,1,1,15,3,NULL,1,NULL,NULL,NULL,5000,1,NULL,NULL,NULL,NULL,NULL),(2709,NULL,'2709',9,34,1,1,1,1,15,3,NULL,1,NULL,NULL,NULL,5000,1,NULL,NULL,NULL,NULL,NULL),(2710,NULL,'2710',9,34,1,1,1,1,15,3,NULL,1,NULL,NULL,NULL,5000,1,NULL,NULL,NULL,NULL,NULL),(2711,NULL,'2711',9,34,1,1,1,1,15,3,NULL,1,NULL,NULL,NULL,5000,1,NULL,NULL,NULL,NULL,NULL),(2712,NULL,'2712',9,34,1,1,1,1,15,3,NULL,1,NULL,NULL,NULL,5000,1,NULL,NULL,NULL,NULL,NULL),(2713,NULL,'2713',9,34,1,1,1,1,15,3,NULL,1,NULL,NULL,NULL,5000,1,NULL,NULL,NULL,NULL,NULL),(2714,NULL,'2714',9,34,1,1,1,1,15,3,NULL,1,NULL,NULL,NULL,5000,1,NULL,NULL,NULL,NULL,NULL),(2715,NULL,'2715',9,34,1,1,1,1,15,3,NULL,1,NULL,NULL,NULL,5000,1,NULL,NULL,NULL,NULL,NULL),(2716,NULL,'2716',9,34,1,1,1,1,15,3,NULL,1,NULL,NULL,NULL,5000,1,NULL,NULL,NULL,NULL,NULL),(2717,NULL,'2717',9,34,1,1,1,1,15,3,NULL,1,NULL,NULL,NULL,5000,1,NULL,NULL,NULL,NULL,NULL),(2718,NULL,'2718',9,34,1,1,1,1,15,3,NULL,1,NULL,NULL,NULL,5000,1,NULL,NULL,NULL,NULL,NULL),(2719,NULL,'2719',9,34,1,1,1,1,15,3,NULL,1,NULL,NULL,NULL,5000,1,NULL,NULL,NULL,NULL,NULL),(2720,NULL,'2720',9,34,1,1,1,1,15,3,NULL,1,NULL,NULL,NULL,5000,1,NULL,NULL,NULL,NULL,NULL),(2721,NULL,'2721',9,34,1,1,1,1,15,3,NULL,1,NULL,NULL,NULL,5000,1,NULL,NULL,NULL,NULL,NULL),(2722,NULL,'2722',9,34,1,1,1,1,15,3,NULL,1,NULL,NULL,NULL,5000,1,NULL,NULL,NULL,NULL,NULL),(2723,NULL,'2723',9,34,1,1,1,1,15,3,NULL,1,NULL,NULL,NULL,5000,1,NULL,NULL,NULL,NULL,NULL),(2724,NULL,'2724',9,34,1,1,1,1,15,3,NULL,1,NULL,NULL,NULL,5000,1,NULL,NULL,NULL,NULL,NULL),(2725,NULL,'2725',9,34,1,1,1,1,15,3,NULL,1,NULL,NULL,NULL,5000,1,NULL,NULL,NULL,NULL,NULL),(2726,NULL,'2726',9,34,1,1,1,1,15,3,NULL,1,NULL,NULL,NULL,5000,1,NULL,NULL,NULL,NULL,NULL),(2727,NULL,'2727',9,34,1,1,1,1,15,3,NULL,1,NULL,NULL,NULL,5000,1,NULL,NULL,NULL,NULL,NULL),(2728,NULL,'2728',9,34,1,1,1,1,15,3,NULL,1,NULL,NULL,NULL,5000,1,NULL,NULL,NULL,NULL,NULL),(2729,NULL,'2729',9,34,1,1,1,1,15,3,NULL,1,NULL,NULL,NULL,5000,1,NULL,NULL,NULL,NULL,NULL),(2730,NULL,'2730',9,34,1,1,1,1,15,3,NULL,1,NULL,NULL,NULL,5000,1,NULL,NULL,NULL,NULL,NULL),(2731,NULL,'2731',9,34,1,1,1,1,15,3,NULL,1,NULL,NULL,NULL,5000,1,NULL,NULL,NULL,NULL,NULL),(2732,NULL,'2732',9,34,1,1,1,1,15,3,NULL,1,NULL,NULL,NULL,5000,1,NULL,NULL,NULL,NULL,NULL),(2733,NULL,'2733',9,34,1,1,1,1,15,3,NULL,1,NULL,NULL,NULL,5000,1,NULL,NULL,NULL,NULL,NULL),(2734,NULL,'2734',9,34,1,1,1,1,15,3,NULL,1,NULL,NULL,NULL,5000,1,NULL,NULL,NULL,NULL,NULL),(2735,NULL,'2735',9,34,1,1,1,1,15,3,NULL,1,NULL,NULL,NULL,5000,1,NULL,NULL,NULL,NULL,NULL),(2736,NULL,'2736',9,34,1,1,1,1,15,3,NULL,1,NULL,NULL,NULL,5000,1,NULL,NULL,NULL,NULL,NULL),(2737,NULL,'2737',9,34,1,1,1,1,15,3,NULL,1,NULL,NULL,NULL,5000,1,NULL,NULL,NULL,NULL,NULL),(2738,NULL,'2738',9,34,1,1,1,1,15,3,NULL,1,NULL,NULL,NULL,5000,1,NULL,NULL,NULL,NULL,NULL),(2739,NULL,'2739',9,34,1,1,1,1,15,3,NULL,1,NULL,NULL,NULL,5000,1,NULL,NULL,NULL,NULL,NULL),(2740,NULL,'2740',9,34,1,1,1,1,15,3,NULL,1,NULL,NULL,NULL,5000,1,NULL,NULL,NULL,NULL,NULL),(2741,NULL,'2741',9,34,1,1,1,1,15,3,NULL,1,NULL,NULL,NULL,5000,1,NULL,NULL,NULL,NULL,NULL),(2742,NULL,'2742',9,34,1,1,1,1,15,3,NULL,1,NULL,NULL,NULL,5000,1,NULL,NULL,NULL,NULL,NULL),(2743,NULL,'2743',9,34,1,1,1,1,15,3,NULL,1,NULL,NULL,NULL,5000,1,NULL,NULL,NULL,NULL,NULL),(2744,NULL,'2744',9,34,1,1,1,1,15,3,NULL,1,NULL,NULL,NULL,5000,1,NULL,NULL,NULL,NULL,NULL),(2745,NULL,'2745',9,34,1,1,1,1,15,3,NULL,1,NULL,NULL,NULL,5000,1,NULL,NULL,NULL,NULL,NULL),(2746,NULL,'2746',9,34,1,1,1,1,15,3,NULL,1,NULL,NULL,NULL,5000,1,NULL,NULL,NULL,NULL,NULL),(2747,NULL,'2747',9,34,1,1,1,1,15,3,NULL,1,NULL,NULL,NULL,5000,1,NULL,NULL,NULL,NULL,NULL),(2748,NULL,'2748',9,34,1,1,1,1,15,3,NULL,1,NULL,NULL,NULL,5000,1,NULL,NULL,NULL,NULL,NULL),(2749,NULL,'2749',9,34,1,1,1,1,15,3,NULL,1,NULL,NULL,NULL,5000,1,NULL,NULL,NULL,NULL,NULL),(2750,NULL,'2750',9,34,1,1,1,1,15,3,NULL,1,NULL,NULL,NULL,5000,1,NULL,NULL,NULL,NULL,NULL),(2751,NULL,'2751',9,34,1,1,1,1,15,3,NULL,1,NULL,NULL,NULL,5000,1,NULL,NULL,NULL,NULL,NULL),(2752,NULL,'2752',9,34,1,1,1,1,15,3,NULL,1,NULL,NULL,NULL,5000,1,NULL,NULL,NULL,NULL,NULL),(2753,NULL,'2753',9,34,1,1,1,1,15,3,NULL,1,NULL,NULL,NULL,5000,1,NULL,NULL,NULL,NULL,NULL),(2754,NULL,'2754',9,34,1,1,1,1,15,3,NULL,1,NULL,NULL,NULL,5000,1,NULL,NULL,NULL,NULL,NULL),(2755,NULL,'2755',9,34,1,1,1,1,15,3,NULL,1,NULL,NULL,NULL,5000,1,NULL,NULL,NULL,NULL,NULL),(2756,NULL,'2756',9,34,1,1,1,1,15,3,NULL,1,NULL,NULL,NULL,5000,1,NULL,NULL,NULL,NULL,NULL),(2757,NULL,'2757',9,34,1,1,1,1,15,3,NULL,1,NULL,NULL,NULL,5000,1,NULL,NULL,NULL,NULL,NULL),(2758,NULL,'2758',9,34,1,1,1,1,15,3,NULL,1,NULL,NULL,NULL,5000,1,NULL,NULL,NULL,NULL,NULL),(2759,NULL,'2759',9,34,1,1,1,1,15,3,NULL,1,NULL,NULL,NULL,5000,1,NULL,NULL,NULL,NULL,NULL),(2760,NULL,'2760',9,34,1,1,1,1,15,3,NULL,1,NULL,NULL,NULL,5000,1,NULL,NULL,NULL,NULL,NULL),(2761,NULL,'2761',9,34,1,1,1,1,15,3,NULL,1,NULL,NULL,NULL,5000,1,NULL,NULL,NULL,NULL,NULL),(2762,NULL,'2762',9,34,1,1,1,1,15,3,NULL,1,NULL,NULL,NULL,5000,1,NULL,NULL,NULL,NULL,NULL),(2763,NULL,'2763',9,34,1,1,1,1,15,3,NULL,1,NULL,NULL,NULL,5000,1,NULL,NULL,NULL,NULL,NULL),(2764,NULL,'2764',9,34,1,1,1,1,15,3,NULL,1,NULL,NULL,NULL,5000,1,NULL,NULL,NULL,NULL,NULL),(2765,NULL,'2765',9,34,1,1,1,1,15,3,NULL,1,NULL,NULL,NULL,5000,1,NULL,NULL,NULL,NULL,NULL),(2766,NULL,'2766',9,34,1,1,1,1,15,3,NULL,1,NULL,NULL,NULL,5000,1,NULL,NULL,NULL,NULL,NULL),(2767,NULL,'2767',9,34,1,1,1,1,15,3,NULL,1,NULL,NULL,NULL,5000,1,NULL,NULL,NULL,NULL,NULL),(2768,NULL,'2768',9,34,1,1,1,1,15,3,NULL,1,NULL,NULL,NULL,5000,1,NULL,NULL,NULL,NULL,NULL),(2769,NULL,'2769',9,34,1,1,1,1,15,3,NULL,1,NULL,NULL,NULL,5000,1,NULL,NULL,NULL,NULL,NULL),(2770,NULL,'2770',9,34,1,1,1,1,15,3,NULL,1,NULL,NULL,NULL,5000,1,NULL,NULL,NULL,NULL,NULL),(2771,NULL,'2771',9,34,1,1,1,1,15,3,NULL,1,NULL,NULL,NULL,5000,1,NULL,NULL,NULL,NULL,NULL),(2772,NULL,'2772',9,34,1,1,1,1,15,3,NULL,1,NULL,NULL,NULL,5000,1,NULL,NULL,NULL,NULL,NULL),(2773,NULL,'2773',9,34,1,1,1,1,15,3,NULL,1,NULL,NULL,NULL,5000,1,NULL,NULL,NULL,NULL,NULL),(2774,NULL,'2774',9,34,1,1,1,1,15,3,NULL,1,NULL,NULL,NULL,5000,1,NULL,NULL,NULL,NULL,NULL),(2775,NULL,'2775',9,34,1,1,1,1,15,3,NULL,1,NULL,NULL,NULL,5000,1,NULL,NULL,NULL,NULL,NULL),(2776,NULL,'2776',9,34,1,1,1,1,15,3,NULL,1,NULL,NULL,NULL,5000,1,NULL,NULL,NULL,NULL,NULL),(2777,NULL,'2777',9,34,1,1,1,1,15,3,NULL,1,NULL,NULL,NULL,5000,1,NULL,NULL,NULL,NULL,NULL),(2778,NULL,'2778',9,34,1,1,1,1,15,3,NULL,1,NULL,NULL,NULL,5000,1,NULL,NULL,NULL,NULL,NULL),(2779,NULL,'2779',9,34,1,1,1,1,15,3,NULL,1,NULL,NULL,NULL,5000,1,NULL,NULL,NULL,NULL,NULL),(2780,NULL,'2780',9,34,1,1,1,1,15,3,NULL,1,NULL,NULL,NULL,5000,1,NULL,NULL,NULL,NULL,NULL),(2781,NULL,'2781',9,34,1,1,1,1,15,3,NULL,1,NULL,NULL,NULL,5000,1,NULL,NULL,NULL,NULL,NULL),(2782,'6000-01-13 16:54:16','23456789',7,1,1,1,1,1,15,3,NULL,1,NULL,NULL,NULL,6000,1,NULL,NULL,NULL,NULL,NULL),(2783,'2019-01-01 00:00:00','234567891',1,31,1,1,1,1,15,3,NULL,1,NULL,NULL,NULL,8000,1,NULL,NULL,NULL,NULL,NULL),(2784,'2019-01-05 00:00:00','234567892',9,34,1,1,1,1,15,3,NULL,1,NULL,NULL,NULL,6777,1,NULL,NULL,NULL,NULL,NULL),(2785,'2018-12-31 00:00:00','987987',9,34,1,1,1,1,15,3,NULL,1,NULL,NULL,NULL,9000,1,NULL,NULL,NULL,NULL,NULL),(2786,'2019-01-20 00:00:00','1231232',9,34,1,1,1,1,15,3,NULL,1,NULL,NULL,NULL,2434234,1,NULL,NULL,NULL,NULL,NULL),(2787,'2019-01-03 00:00:00','2345435',9,34,1,15,1,1,15,3,NULL,1,NULL,NULL,NULL,9000,1,NULL,NULL,NULL,NULL,NULL),(2788,'2019-01-14 00:00:00','123444',9,34,1,1,1,1,15,3,NULL,1,100,NULL,NULL,100,1,1,100,100,100.00,100),(2789,'2019-01-15 02:44:39','4444',9,34,1,1,1,1,15,3,NULL,1,12,NULL,NULL,1000,1,1,12,12,12.00,1000),(2790,'2019-01-14 00:00:00','89000',9,34,1,17,1,1,15,3,NULL,3,5000,NULL,NULL,1000,1,3,12,12,12.00,1000),(2791,'2019-01-14 00:00:00','98798788',9,34,1,1,1,1,15,3,NULL,2,100,NULL,NULL,100,1,2,100,100,100.00,100),(2792,'2019-01-14 00:00:00','999999',7,1,1,1,1,1,15,3,NULL,1,10,NULL,NULL,100,1,1,10,10,10.00,100),(2793,'2019-01-15 00:00:00','8907262',9,34,1,1,1,1,15,3,NULL,1,5000,NULL,NULL,8350,1,1,8,17,16.50,125);

/*Table structure for table `muestra_defecto` */

DROP TABLE IF EXISTS `muestra_defecto`;

CREATE TABLE `muestra_defecto` (
  `muestra_defecto_id` int(10) NOT NULL AUTO_INCREMENT,
  `muestra_id` int(10) DEFAULT NULL,
  `defecto_id` int(10) DEFAULT NULL,
  `muestra_defecto_valor` decimal(10,2) DEFAULT NULL,
  `nota_id` int(10) DEFAULT NULL,
  `muestra_defecto_calculo` decimal(30,2) DEFAULT NULL,
  PRIMARY KEY (`muestra_defecto_id`),
  KEY `muestra_id` (`muestra_id`),
  KEY `defecto_id` (`defecto_id`),
  CONSTRAINT `muestra_defecto_ibfk_1` FOREIGN KEY (`muestra_id`) REFERENCES `muestra` (`muestra_id`),
  CONSTRAINT `muestra_defecto_ibfk_2` FOREIGN KEY (`defecto_id`) REFERENCES `defecto` (`defecto_id`)
) ENGINE=InnoDB AUTO_INCREMENT=28 DEFAULT CHARSET=latin1;

/*Data for the table `muestra_defecto` */

insert  into `muestra_defecto`(`muestra_defecto_id`,`muestra_id`,`defecto_id`,`muestra_defecto_valor`,`nota_id`,`muestra_defecto_calculo`) values (25,2793,10,1.00,5,NULL),(26,2793,1,1.00,5,NULL),(27,2793,1,12.00,5,0.14);

/*Table structure for table `nota` */

DROP TABLE IF EXISTS `nota`;

CREATE TABLE `nota` (
  `nota_id` int(10) NOT NULL AUTO_INCREMENT,
  `nota_nombre` varchar(255) DEFAULT NULL,
  `nota_descripcion` varchar(255) DEFAULT NULL,
  PRIMARY KEY (`nota_id`)
) ENGINE=InnoDB AUTO_INCREMENT=6 DEFAULT CHARSET=latin1;

/*Data for the table `nota` */

insert  into `nota`(`nota_id`,`nota_nombre`,`nota_descripcion`) values (1,'A','Fruta sobresaliente tanto en Calidad como en Condicion'),(2,'B','Fruta de buena Calidad y Condicion'),(3,'C','Fruta que apenas esta dentro de los limites de aceptacion'),(4,'O','Fruta que sobrepasa levemente la tolerancia Maxima de defectos'),(5,'X','rechazo');

/*Table structure for table `oauth_access_tokens` */

DROP TABLE IF EXISTS `oauth_access_tokens`;

CREATE TABLE `oauth_access_tokens` (
  `id` varchar(100) COLLATE utf8_unicode_ci NOT NULL,
  `user_id` int(11) DEFAULT NULL,
  `client_id` int(11) NOT NULL,
  `name` varchar(255) COLLATE utf8_unicode_ci DEFAULT NULL,
  `scopes` text COLLATE utf8_unicode_ci,
  `revoked` tinyint(1) NOT NULL,
  `created_at` timestamp NULL DEFAULT NULL,
  `updated_at` timestamp NULL DEFAULT NULL,
  `expires_at` datetime DEFAULT NULL,
  PRIMARY KEY (`id`),
  KEY `oauth_access_tokens_user_id_index` (`user_id`)
) ENGINE=InnoDB DEFAULT CHARSET=utf8 COLLATE=utf8_unicode_ci;

/*Data for the table `oauth_access_tokens` */

/*Table structure for table `oauth_auth_codes` */

DROP TABLE IF EXISTS `oauth_auth_codes`;

CREATE TABLE `oauth_auth_codes` (
  `id` varchar(100) COLLATE utf8_unicode_ci NOT NULL,
  `user_id` int(11) NOT NULL,
  `client_id` int(11) NOT NULL,
  `scopes` text COLLATE utf8_unicode_ci,
  `revoked` tinyint(1) NOT NULL,
  `expires_at` datetime DEFAULT NULL,
  PRIMARY KEY (`id`)
) ENGINE=InnoDB DEFAULT CHARSET=utf8 COLLATE=utf8_unicode_ci;

/*Data for the table `oauth_auth_codes` */

/*Table structure for table `oauth_clients` */

DROP TABLE IF EXISTS `oauth_clients`;

CREATE TABLE `oauth_clients` (
  `id` int(10) unsigned NOT NULL AUTO_INCREMENT,
  `user_id` int(11) DEFAULT NULL,
  `name` varchar(255) COLLATE utf8_unicode_ci NOT NULL,
  `secret` varchar(100) COLLATE utf8_unicode_ci NOT NULL,
  `redirect` text COLLATE utf8_unicode_ci NOT NULL,
  `personal_access_client` tinyint(1) NOT NULL,
  `password_client` tinyint(1) NOT NULL,
  `revoked` tinyint(1) NOT NULL,
  `created_at` timestamp NULL DEFAULT NULL,
  `updated_at` timestamp NULL DEFAULT NULL,
  PRIMARY KEY (`id`),
  KEY `oauth_clients_user_id_index` (`user_id`)
) ENGINE=InnoDB AUTO_INCREMENT=3 DEFAULT CHARSET=utf8 COLLATE=utf8_unicode_ci;

/*Data for the table `oauth_clients` */

insert  into `oauth_clients`(`id`,`user_id`,`name`,`secret`,`redirect`,`personal_access_client`,`password_client`,`revoked`,`created_at`,`updated_at`) values (1,NULL,'Laravel Personal Access Client','fY3PxXRKyqoJvTGBwyO4CyAONT3OBVG7bvnutPqb','http://localhost',1,0,0,'2018-12-27 14:01:46','2018-12-27 14:01:46'),(2,NULL,'Laravel Password Grant Client','KJmdCTPa38E7m0vsVTJwHKQQVEwDlXXpKipjCCfR','http://localhost',0,1,0,'2018-12-27 14:01:46','2018-12-27 14:01:46');

/*Table structure for table `oauth_personal_access_clients` */

DROP TABLE IF EXISTS `oauth_personal_access_clients`;

CREATE TABLE `oauth_personal_access_clients` (
  `id` int(10) unsigned NOT NULL AUTO_INCREMENT,
  `client_id` int(11) NOT NULL,
  `created_at` timestamp NULL DEFAULT NULL,
  `updated_at` timestamp NULL DEFAULT NULL,
  PRIMARY KEY (`id`),
  KEY `oauth_personal_access_clients_client_id_index` (`client_id`)
) ENGINE=InnoDB AUTO_INCREMENT=2 DEFAULT CHARSET=utf8 COLLATE=utf8_unicode_ci;

/*Data for the table `oauth_personal_access_clients` */

insert  into `oauth_personal_access_clients`(`id`,`client_id`,`created_at`,`updated_at`) values (1,1,'2018-12-27 14:01:46','2018-12-27 14:01:46');

/*Table structure for table `oauth_refresh_tokens` */

DROP TABLE IF EXISTS `oauth_refresh_tokens`;

CREATE TABLE `oauth_refresh_tokens` (
  `id` varchar(100) COLLATE utf8_unicode_ci NOT NULL,
  `access_token_id` varchar(100) COLLATE utf8_unicode_ci NOT NULL,
  `revoked` tinyint(1) NOT NULL,
  `expires_at` datetime DEFAULT NULL,
  PRIMARY KEY (`id`),
  KEY `oauth_refresh_tokens_access_token_id_index` (`access_token_id`)
) ENGINE=InnoDB DEFAULT CHARSET=utf8 COLLATE=utf8_unicode_ci;

/*Data for the table `oauth_refresh_tokens` */

/*Table structure for table `password_resets` */

DROP TABLE IF EXISTS `password_resets`;

CREATE TABLE `password_resets` (
  `email` varchar(255) COLLATE utf8_unicode_ci NOT NULL,
  `token` varchar(255) COLLATE utf8_unicode_ci NOT NULL,
  `created_at` timestamp NULL DEFAULT NULL,
  KEY `password_resets_email_index` (`email`)
) ENGINE=InnoDB DEFAULT CHARSET=utf8 COLLATE=utf8_unicode_ci;

/*Data for the table `password_resets` */

/*Table structure for table `productor` */

DROP TABLE IF EXISTS `productor`;

CREATE TABLE `productor` (
  `productor_id` int(10) NOT NULL AUTO_INCREMENT,
  `productor_nombre` varchar(255) DEFAULT NULL,
  `region_id` int(11) DEFAULT NULL,
  PRIMARY KEY (`productor_id`),
  KEY `region_id` (`region_id`)
) ENGINE=InnoDB AUTO_INCREMENT=35 DEFAULT CHARSET=latin1;

/*Data for the table `productor` */

insert  into `productor`(`productor_id`,`productor_nombre`,`region_id`) values (1,'AGR. SANTA FILOMENA LTDA.(CSP 108380)',7),(2,'AGR.LAS DOS AMALIAS LTDA.(CSP 118003) \r',1),(3,'AGRIC.LOS ROSALES-ONGOLMO LTDA(CSG 151285) \r',1),(4,'AGRICOLA E INM. SAN ANDRES LTDA',1),(5,'AGRICOLA LA VEGA LTDA \r',1),(6,'AGRICOLA LIRA GARCES LTDA (CSG 107686) \r',1),(7,'AGRICOLA LOS CULENES SPA (CSP 114174) \r',1),(8,'AGRICOLA SAN JOSE LTDA (CSP 122105) \r',1),(9,'AGRICOLA SANTA LAURA LTDA (CSP 119365) \r',1),(10,'AGRICOLA SANTA MAGDALENA LTDA \r',1),(11,'AGRICOLA SIETE HERMANOS LTDA \r',1),(12,'AGROPECUARIA FIORALBA LTDA \r',1),(13,'ASESORIAS Y ADM.AGRICOLAS LTDA (CSP 113996)) \r',1),(14,'JOSE MIGUEL VERGARA CUEVAS (CSP 118221) \r',1),(15,'SANTA MARIA DE PUQUILLAY LTDA.(CSP 110538)',1),(16,'SOC.AGR.SANTA CATALINA LTDA (CSP 114290) \r',1),(17,'AGROUVA S.A. (CSP 113460) \r',1),(18,'EMPRESA AGRICOLA H.C.LTDA (CSP 121473) \r',1),(19,'AGRICOLA BROWN LTDA (CSP 96226) \r',1),(20,'AGRICOLA EL PIMIENTO LTDA \r',1),(21,'AGRICOLA FRONTERA LTDA \r',1),(22,'AGRIFRUT LTDA (CSP 113270) \r',1),(23,'JOSE MANUEL CARTER (CSP 114106) \r',1),(24,'MARIA SUSANA MARTINI (CSP 112676) \r',1),(25,'MARIO CORDERO MU¥OZ \r',1),(26,'SILVIO ZENTENO ASPEE \r',1),(27,'SOCIEDAD AGRICOLA BEYLIK LTDA \r',1),(28,'AGRO.CORSSEN HNOS. LTDA (CSP 112761) \r',1),(29,'ENRIQUE GAYTAN ARCOS (CSP 99849) \r',1),(30,'FRANCISCO ARDILES ROJAS (CSP 117928) \r',1),(31,'OSCAR LEYTON PAEZ (CSP 91230) \r',1),(32,'YUBIRCE ARDILES JORQUERA (CSP 117928) \r',1),(33,'ZULECOM (CSP 112783) \r',1),(34,'PRODUCTOR DE PRUEBA',9);

/*Table structure for table `provincias` */

DROP TABLE IF EXISTS `provincias`;

CREATE TABLE `provincias` (
  `provincia_id` int(11) NOT NULL AUTO_INCREMENT,
  `provincia_nombre` varchar(64) NOT NULL,
  `region_id` int(11) NOT NULL,
  PRIMARY KEY (`provincia_id`),
  KEY `region_id` (`region_id`),
  CONSTRAINT `provincias_ibfk_1` FOREIGN KEY (`region_id`) REFERENCES `regiones` (`region_id`)
) ENGINE=InnoDB AUTO_INCREMENT=54 DEFAULT CHARSET=utf8;

/*Data for the table `provincias` */

insert  into `provincias`(`provincia_id`,`provincia_nombre`,`region_id`) values (1,'Arica',1),(2,'Parinacota',1),(3,'Iquique',2),(4,'El Tamarugal',2),(5,'Antofagasta',3),(6,'El Loa',3),(7,'Tocopilla',3),(8,'Chañaral',4),(9,'Copiapó',4),(10,'Huasco',4),(11,'Choapa',5),(12,'Elqui',5),(13,'Limarí',5),(14,'Isla de Pascua',6),(15,'Los Andes',6),(16,'Petorca',6),(17,'Quillota',6),(18,'San Antonio',6),(19,'San Felipe de Aconcagua',6),(20,'Valparaiso',6),(21,'Chacabuco',7),(22,'Cordillera',7),(23,'Maipo',7),(24,'Melipilla',7),(25,'Santiago',7),(26,'Talagante',7),(27,'Cachapoal',8),(28,'Cardenal Caro',8),(29,'Colchagua',8),(30,'Cauquenes',9),(31,'Curicó',9),(32,'Linares',9),(33,'Talca',9),(34,'Arauco',10),(35,'Bio Bío',10),(36,'Concepción',10),(37,'Ñuble',10),(38,'Cautín',11),(39,'Malleco',11),(40,'Valdivia',12),(41,'Ranco',12),(42,'Chiloé',13),(43,'Llanquihue',13),(44,'Osorno',13),(45,'Palena',13),(46,'Aisén',14),(47,'Capitán Prat',14),(48,'Coihaique',14),(49,'General Carrera',14),(50,'Antártica Chilena',15),(51,'Magallanes',15),(52,'Tierra del Fuego',15),(53,'Última Esperanza',15);

/*Table structure for table `regiones` */

DROP TABLE IF EXISTS `regiones`;

CREATE TABLE `regiones` (
  `region_id` int(11) NOT NULL AUTO_INCREMENT,
  `region_nombre` varchar(64) NOT NULL,
  `region_ordinal` varchar(4) NOT NULL,
  PRIMARY KEY (`region_id`)
) ENGINE=InnoDB AUTO_INCREMENT=16 DEFAULT CHARSET=utf8;

/*Data for the table `regiones` */

insert  into `regiones`(`region_id`,`region_nombre`,`region_ordinal`) values (1,'Arica y Parinacota','XV'),(2,'Tarapacá','I'),(3,'Antofagasta','II'),(4,'Atacama','III'),(5,'Coquimbo','IV'),(6,'Valparaiso','V'),(7,'Metropolitana de Santiago','RM'),(8,'Libertador General Bernardo O\'Higgins','VI'),(9,'Maule','VII'),(10,'Biobío','VIII'),(11,'La Araucanía','IX'),(12,'Los Ríos','XIV'),(13,'Los Lagos','X'),(14,'Aisén del General Carlos Ibáñez del Campo','XI'),(15,'Magallanes y de la Antártica Chilena','XII');

/*Table structure for table `tolerancia` */

DROP TABLE IF EXISTS `tolerancia`;

CREATE TABLE `tolerancia` (
  `tolerancia_id` int(10) NOT NULL AUTO_INCREMENT,
  `defecto_id` int(10) DEFAULT NULL,
  `categoria_id` int(10) DEFAULT NULL,
  `nota_id` int(10) DEFAULT NULL,
  `tolerancia_desde` decimal(10,2) DEFAULT NULL,
  `tolerancia_hasta` decimal(10,2) DEFAULT NULL,
  PRIMARY KEY (`tolerancia_id`),
  KEY `defecto_id` (`defecto_id`),
  KEY `nota_id` (`nota_id`),
  KEY `categoria_id` (`categoria_id`),
  CONSTRAINT `tolerancia_ibfk_1` FOREIGN KEY (`defecto_id`) REFERENCES `defecto` (`defecto_id`),
  CONSTRAINT `tolerancia_ibfk_2` FOREIGN KEY (`nota_id`) REFERENCES `nota` (`nota_id`),
  CONSTRAINT `tolerancia_ibfk_3` FOREIGN KEY (`categoria_id`) REFERENCES `categoria` (`categoria_id`)
) ENGINE=InnoDB AUTO_INCREMENT=13 DEFAULT CHARSET=latin1;

/*Data for the table `tolerancia` */

insert  into `tolerancia`(`tolerancia_id`,`defecto_id`,`categoria_id`,`nota_id`,`tolerancia_desde`,`tolerancia_hasta`) values (1,16,1,1,0.00,4.00),(2,16,2,1,0.00,4.00),(3,17,1,1,0.00,5.00),(4,17,2,1,0.00,6.00),(5,16,1,2,4.00,7.00),(6,16,2,2,4.00,8.00),(7,17,1,2,5.00,10.00),(8,17,2,2,6.00,12.00),(9,16,2,3,8.00,10.00),(10,17,2,3,12.00,20.00),(11,16,2,4,10.00,100.00),(12,17,2,4,20.00,100.00);

/*Table structure for table `tolerancia_grupo` */

DROP TABLE IF EXISTS `tolerancia_grupo`;

CREATE TABLE `tolerancia_grupo` (
  `tolerancia_grupo_id` int(10) NOT NULL AUTO_INCREMENT,
  `grupo_id` int(10) DEFAULT NULL,
  `categoria_id` int(10) DEFAULT NULL,
  `nota_id` int(10) DEFAULT NULL,
  `tolerancia_grupo_desde` decimal(10,2) DEFAULT NULL,
  `tolerancia_grupo_hasta` decimal(10,2) DEFAULT NULL,
  PRIMARY KEY (`tolerancia_grupo_id`),
  KEY `grupo_id` (`grupo_id`),
  KEY `categoria_id` (`categoria_id`),
  KEY `nota_id` (`nota_id`),
  CONSTRAINT `tolerancia_grupo_ibfk_1` FOREIGN KEY (`grupo_id`) REFERENCES `grupo` (`grupo_id`),
  CONSTRAINT `tolerancia_grupo_ibfk_2` FOREIGN KEY (`categoria_id`) REFERENCES `categoria` (`categoria_id`),
  CONSTRAINT `tolerancia_grupo_ibfk_3` FOREIGN KEY (`nota_id`) REFERENCES `nota` (`nota_id`)
) ENGINE=InnoDB DEFAULT CHARSET=latin1;

/*Data for the table `tolerancia_grupo` */

/*Table structure for table `users` */

DROP TABLE IF EXISTS `users`;

CREATE TABLE `users` (
  `id` int(10) unsigned NOT NULL AUTO_INCREMENT,
  `name` varchar(255) COLLATE utf8_unicode_ci NOT NULL,
  `email` varchar(255) COLLATE utf8_unicode_ci NOT NULL,
  `email_verified_at` timestamp NULL DEFAULT NULL,
  `password` varchar(255) COLLATE utf8_unicode_ci NOT NULL,
  `remember_token` varchar(100) COLLATE utf8_unicode_ci DEFAULT NULL,
  `created_at` timestamp NULL DEFAULT NULL,
  `updated_at` timestamp NULL DEFAULT NULL,
  PRIMARY KEY (`id`),
  UNIQUE KEY `users_email_unique` (`email`)
) ENGINE=InnoDB AUTO_INCREMENT=3 DEFAULT CHARSET=utf8 COLLATE=utf8_unicode_ci;

/*Data for the table `users` */

insert  into `users`(`id`,`name`,`email`,`email_verified_at`,`password`,`remember_token`,`created_at`,`updated_at`) values (1,'francisco carrasco','xnofub@gmail.com',NULL,'$2y$10$6OSS1gv4bHOPCeWz3gMg5uGLI0AnJvG3WDz8Gdud7kndtBFpmVsWS','3ChVynMHh0QJ9mvTl5qGERB73e0KG1YETyhbWYCllf1l2iL1STK8LiTdg8t4','2018-12-27 15:31:38','2018-12-27 15:31:38'),(2,'Ricardo Parra','ricardoparramolina@gmail.com',NULL,'$2y$10$Tl.eRWqWbUPWDkZ8yQ6Sg.8VdWAcY8V.K0V9BP7pYwBsEukHtd1pC','sSKuhDwee1UExMYRVpJQBXQK9X3kG8TDFYwJNzjy4XqOr7UwuN8W3gLgnQOR','2018-12-28 02:19:16','2018-12-28 02:19:16');

/*Table structure for table `variedad` */

DROP TABLE IF EXISTS `variedad`;

CREATE TABLE `variedad` (
  `variedad_id` int(10) NOT NULL AUTO_INCREMENT,
  `variedad_nombre` varchar(255) DEFAULT NULL,
  `varidad_codigo` varchar(100) DEFAULT NULL,
  `especie_id` int(10) DEFAULT NULL,
  PRIMARY KEY (`variedad_id`),
  KEY `especie_id` (`especie_id`),
  CONSTRAINT `variedad_ibfk_1` FOREIGN KEY (`especie_id`) REFERENCES `especie` (`especie_id`)
) ENGINE=InnoDB AUTO_INCREMENT=18 DEFAULT CHARSET=latin1;

/*Data for the table `variedad` */

insert  into `variedad`(`variedad_id`,`variedad_nombre`,`varidad_codigo`,`especie_id`) values (1,'AUTUMN ROYAL \r',NULL,1),(2,'BLACK SEEDLESS \r',NULL,1),(3,'CRIMSON SEEDLESS \r',NULL,1),(4,'FLAME SEEDLESS \r',NULL,1),(5,'INIA GRAPE ONE \r',NULL,1),(6,'MAYLEN (INIA GRAPE ONE cv) \r',NULL,1),(7,'PERLON \r',NULL,1),(8,'PRINCESS SEEDLESS \r',NULL,1),(9,'SUGRAONE  \r',NULL,1),(10,'SUGRAFOURTEEN (RED SUPERIOR SEEDLESS) \r',NULL,1),(11,'SUGRASIXTEEN (SABLE SEEDLESS) \r',NULL,1),(12,'SUGRATWELVE (COACHELLA SEEDLESS) \r',NULL,1),(13,'SUGRANINETEEN (SCARLOTTA SEEDLESS) \r',NULL,1),(14,'SHEEGENE 13 (TIMCO) \r',NULL,1),(15,'SHEEGENE 20 (ALLISON) \r',NULL,1),(16,'THOMPSON SEEDLESS \r',NULL,1),(17,'RED GLOBE \r',NULL,1);

/*Table structure for table `zona_defecto` */

DROP TABLE IF EXISTS `zona_defecto`;

CREATE TABLE `zona_defecto` (
  `zona_id` int(10) NOT NULL,
  `zona_nombre` varchar(50) DEFAULT NULL,
  `zona_descripcion` varchar(255) DEFAULT NULL,
  `medicion` varchar(2) DEFAULT NULL,
  PRIMARY KEY (`zona_id`)
) ENGINE=InnoDB DEFAULT CHARSET=latin1;

/*Data for the table `zona_defecto` */

insert  into `zona_defecto`(`zona_id`,`zona_nombre`,`zona_descripcion`,`medicion`) values (1,'Racimo','Defectos del Racimo',NULL),(2,'Baya','Defectos de Bayas','Q'),(3,'Otro','Defectos independientes',NULL);

/*!40101 SET SQL_MODE=@OLD_SQL_MODE */;
/*!40014 SET FOREIGN_KEY_CHECKS=@OLD_FOREIGN_KEY_CHECKS */;
/*!40014 SET UNIQUE_CHECKS=@OLD_UNIQUE_CHECKS */;
/*!40111 SET SQL_NOTES=@OLD_SQL_NOTES */;
